gene	start	end	length	strand	gc_content	genetic_code	rbs_motif	marker	evalue	bitscore	uscg	plasmid_hallmark	virus_hallmark	taxid	taxname	annotation_conjscan	annotation_amr	annotation_accessions	annotation_description
NC_006461.1_1	55	1182	1128	1	0.715	11	AGGAG	NA	NA	NA	0	0	0	1	NA	NA	NA	NA	NA
NC_006461.1_2	1235	2503	1269	1	0.693	11	GGAGG	NA	NA	NA	0	0	0	1	NA	NA	NA	NA	NA
NC_006461.1_3	2490	3914	1425	1	0.710	11	GGAG/GAGG	NA	NA	NA	0	0	0	1	NA	NA	NA	NA	NA
NC_006461.1_4	3915	4895	981	-1	0.718	11	None	NA	NA	NA	0	0	0	1	NA	NA	NA	NA	NA
NC_006461.1_5	4892	5506	615	-1	0.706	11	GGxGG	GENOMAD.132309.CP	5.283e-08	55	0	0	0	1	NA	NA	NF033105	PF19583;K20257;TIGR04558;COG0491	quinoprotein relay system zinc metallohydrolase 1
NC_006461.1_6	5493	7340	1848	-1	0.670	11	GGAG/GAGG	NA	NA	NA	0	0	0	1	NA	NA	NA	NA	NA
NC_006461.1_7	7349	7993	645	-1	0.705	11	3Base/5BMM	GENOMAD.038934.CC	1.446e-49	177	0	0	0	1	NA	NA	NA	NA	NA
NC_006461.1_8	8037	8699	663	-1	0.667	11	AGGAG	NA	NA	NA	0	0	0	1	NA	NA	NA	NA	NA
NC_006461.1_9	12526	13503	978	1	0.683	11	AGxAGG/AGGxGG	GENOMAD.126387.CP	3.423e-23	104	0	0	0	1	NA	NA	NA	PF06463	Molybdenum Cofactor Synthesis C
NC_006461.1_10	13481	14311	831	-1	0.708	11	None	GENOMAD.136454.CP	1.735e-09	61	0	0	0	1	NA	NA	NA	PF06800;COG5070;TIGR03340;K15269	Nucleotide-sugar transporter
NC_006461.1_11	14329	15321	993	1	0.722	11	None	GENOMAD.176856.CP	5.332e-08	57	0	0	0	1	NA	NA	NA	PF00348;COG0142;TIGR02748;K13789	Polyprenyl synthetase
NC_006461.1_12	15329	15520	192	1	0.651	11	3Base/5BMM	NA	NA	NA	0	0	0	1	NA	NA	NA	NA	NA
NC_006461.1_13	15508	16104	597	1	0.739	11	AGGA	NA	NA	NA	0	0	0	1	NA	NA	NA	NA	NA
NC_006461.1_14	16106	17128	1023	1	0.695	11	3Base/5BMM	NA	NA	NA	0	0	0	1	NA	NA	NA	NA	NA
NC_006461.1_15	17121	18149	1029	1	0.685	11	AGGAG	NA	NA	NA	0	0	0	1	NA	NA	NA	NA	NA
NC_006461.1_16	18045	18677	633	-1	0.698	11	AGGAG/GGAGG	NA	NA	NA	0	0	0	1	NA	NA	NA	NA	NA
NC_006461.1_17	18679	20001	1323	-1	0.702	11	GGA/GAG/AGG	NA	NA	NA	0	0	0	1	NA	NA	NA	NA	NA
NC_006461.1_18	20003	20374	372	-1	0.699	11	GGA/GAG/AGG	NA	NA	NA	0	0	0	1	NA	NA	NA	NA	NA
NC_006461.1_19	20401	21072	672	-1	0.705	11	AGGAGG	NA	NA	NA	0	0	0	1	NA	NA	NA	NA	NA
NC_006461.1_20	21081	21767	687	-1	0.729	11	None	GENOMAD.153667.CP	7.482e-07	52	0	0	0	1	NA	NA	NA	PF18679;K05897;TIGR04511;COG3560	putative peptide maturation dehydrogenase
NC_006461.1_21	21770	23014	1245	-1	0.656	11	AGxAGG/AGGxGG	NA	NA	NA	0	0	0	1	NA	NA	NA	NA	NA
NC_006461.1_22	23071	25173	2103	1	0.723	11	AGxAGG/AGGxGG	GENOMAD.020757.CC	3.31e-66	244	0	0	0	1	NA	NA	NA	NA	NA
NC_006461.1_23	25272	27578	2307	-1	0.683	11	None	GENOMAD.148099.CP	2.593e-22	106	0	0	0	1	NA	NA	NA	PF01804;PF06588;COG2366;K01434	Penicillin amidase; Muskelin N-terminus
NC_006461.1_24	27605	28078	474	1	0.722	11	None	NA	NA	NA	0	0	0	1	NA	NA	NA	NA	NA
NC_006461.1_25	28088	28297	210	1	0.686	11	GGA/GAG/AGG	GENOMAD.141319.CP	1.192e-05	43	0	0	0	1	NA	NA	NA	COG3369	Uncharacterized protein, contains Zn-finger domain of CDGSH type
NC_006461.1_26	28341	29300	960	1	0.657	11	None	NA	NA	NA	0	0	0	1	NA	NA	NA	NA	NA
NC_006461.1_27	29390	30448	1059	1	0.697	11	GGxGG	NA	NA	NA	0	0	0	1	NA	NA	NA	NA	NA
NC_006461.1_28	30535	32013	1479	1	0.739	11	GGA/GAG/AGG	GENOMAD.147543.CP	1.4e-28	124	0	0	0	1	NA	NA	NA	K21405;COG3284	Transcriptional regulator of acetoin/glycerol metabolism
NC_006461.1_29	32270	33244	975	1	0.571	11	AGxAGG/AGGxGG	NA	NA	NA	0	0	0	1	NA	NA	NA	NA	NA
NC_006461.1_30	33285	34388	1104	1	0.671	11	None	NA	NA	NA	0	0	0	1	NA	NA	NA	NA	NA
NC_006461.1_31	34687	35103	417	1	0.698	11	GGAGG	GENOMAD.178542.CP	2.322e-08	54	0	0	0	1	NA	NA	NA	PF10130;TIGR00028;COG5611;K07064	toxin-antitoxin system PIN domain toxin
NC_006461.1_32	35234	36199	966	1	0.547	11	AGxAGG/AGGxGG	NA	NA	NA	0	0	0	1	NA	NA	NA	NA	NA
NC_006461.1_33	36206	37336	1131	1	0.622	11	None	NA	NA	NA	0	0	0	1	NA	NA	NA	NA	NA
NC_006461.1_34	37564	38499	936	1	0.566	11	AGxAGG/AGGxGG	NA	NA	NA	0	0	0	1	NA	NA	NA	NA	NA
NC_006461.1_35	38506	39657	1152	1	0.710	11	GGA/GAG/AGG	NA	NA	NA	0	0	0	1	NA	NA	NA	NA	NA
NC_006461.1_36	39654	40811	1158	1	0.699	11	GGAGG	NA	NA	NA	0	0	0	1	NA	NA	NA	NA	NA
NC_006461.1_37	40878	41126	249	1	0.715	11	None	NA	NA	NA	0	0	0	1	NA	NA	NA	NA	NA
NC_006461.1_38	41137	42486	1350	1	0.686	11	None	GENOMAD.132720.CP	0.0009787	44	0	0	0	1	NA	NA	NA	PF01565;TIGR00387;K11472;COG0277	glycolate oxidase, subunit GlcD
NC_006461.1_39	42483	43178	696	-1	0.724	11	AGGA	NA	NA	NA	0	0	0	1	NA	NA	NA	NA	NA
NC_006461.1_40	43369	43665	297	-1	0.636	11	GGAGG	GENOMAD.112687.CP	4.494e-19	83	0	0	0	1	NA	NA	NA	PF00830;TIGR00009;COG0227	ribosomal protein L28
NC_006461.1_41	43731	44183	453	1	0.728	11	None	GENOMAD.130190.CP	1.344e-10	61	0	0	0	1	NA	NA	NA	PF01252;COG0597;TIGR00077;K03101	Lipoprotein signal peptidase
NC_006461.1_42	44202	45353	1152	-1	0.674	11	GGAGG	GENOMAD.142815.CP	5.777e-17	86	0	0	0	1246	Caudoviricetes	NA	NA	COG0025	NhaP-type Na+/H+ or K+/H+ antiporter
NC_006461.1_43	45343	46635	1293	-1	0.698	11	GGxGG	GENOMAD.014031.CC	9.187e-08	57	0	0	0	1	NA	NA	NA	PF06241;K09944;COG3400	Trk K+ transport system, NAD-binding component
NC_006461.1_44	46697	47824	1128	-1	0.703	11	GGA/GAG/AGG	GENOMAD.099160.CP	1.444e-07	56	0	0	0	1	NA	NA	NA	PF12897;TIGR03542;K08969;COG1168	LL-diaminopimelate aminotransferase
NC_006461.1_45	47885	48190	306	1	0.673	11	None	NA	NA	NA	0	0	0	1	NA	NA	NA	NA	NA
NC_006461.1_46	48198	48557	360	1	0.647	11	GGA/GAG/AGG	NA	NA	NA	0	0	0	1	NA	NA	NA	NA	NA
NC_006461.1_47	48554	49471	918	-1	0.732	11	None	GENOMAD.006017.CC	1.436e-05	49	0	0	0	1	NA	NA	NA	PF19279;TIGR03702;COG1597	lipid kinase YegS
NC_006461.1_48	49489	50172	684	1	0.728	11	None	GENOMAD.136530.CP	8.147e-09	58	0	0	0	1	NA	NA	NA	PF00300;K22306;COG0588;TIGR03848	Histidine phosphatase superfamily (branch 1)
NC_006461.1_49	50186	50983	798	1	0.721	11	GGA/GAG/AGG	GENOMAD.167357.CP	1.678e-52	188	0	0	0	1	NA	NA	NA	PF13523;PF05301;TIGR03448;K15520;COG0456	mycothiol synthase
NC_006461.1_50	50953	51837	885	-1	0.699	11	AGGA	NA	NA	NA	0	0	0	1	NA	NA	NA	NA	NA
NC_006461.1_51	51866	52486	621	1	0.718	11	None	NA	NA	NA	0	0	0	1	NA	NA	NA	NA	NA
NC_006461.1_52	52473	52922	450	-1	0.709	11	GGAGG	NA	NA	NA	0	0	0	1	NA	NA	NA	NA	NA
NC_006461.1_53	52922	54457	1536	-1	0.714	11	None	NA	NA	NA	0	0	0	1	NA	NA	NA	NA	NA
NC_006461.1_54	54673	56013	1341	1	0.708	11	AGxAGG/AGGxGG	NA	NA	NA	0	0	0	1	NA	NA	NA	NA	NA
NC_006461.1_55	56010	56360	351	1	0.672	11	GGAGG	NA	NA	NA	0	0	0	1	NA	NA	NA	NA	NA
NC_006461.1_56	56401	57267	867	1	0.727	11	None	GENOMAD.095352.CV	6.42e-148	465	0	0	0	1246	Caudoviricetes	NA	NA	PF01628;PF03444;K03705;TIGR00331;COG1420	heat shock gene repressor HrcA
NC_006461.1_57	57257	57928	672	1	0.707	11	3Base/5BMM	GENOMAD.121490.CP	3.154e-20	92	0	0	0	1	NA	NA	NA	PF02391;PF14451;K21142;COG0314;TIGR01687	Molybdopterin synthase catalytic subunit
NC_006461.1_58	57999	58238	240	1	0.733	11	GGA/GAG/AGG	NA	NA	NA	0	0	0	1	NA	NA	NA	NA	NA
NC_006461.1_59	58225	58545	321	-1	0.720	11	AGxAGG/AGGxGG	GENOMAD.038939.CC	4.072e-55	187	0	0	0	1	NA	NA	NA	PF11482	NA
NC_006461.1_60	58555	59637	1083	-1	0.739	11	3Base/5BMM	NA	NA	NA	0	0	0	1	NA	NA	NA	NA	NA
NC_006461.1_61	59652	61736	2085	-1	0.731	11	None	GENOMAD.101878.CP	5.075e-23	108	0	0	0	1246	Caudoviricetes	NA	NA	PF18074;PF00271	Primosomal protein N C-terminal domain; Helicase conserved C-terminal domain
NC_006461.1_62	61808	62854	1047	1	0.741	11	AGxAGG/AGGxGG	GENOMAD.152417.CP	1.874e-10	65	0	0	0	1	NA	NA	NF033135	K08224;COG2223	Nitrate/nitrite transporter NarK
NC_006461.1_63	62864	63523	660	1	0.738	11	AGxAG	GENOMAD.127021.CP	3.088e-96	312	0	0	0	1	NA	NA	NA	PF18690;TIGR00387	glycolate oxidase, subunit GlcD
NC_006461.1_64	63579	63887	309	1	0.686	11	AGGAG	GENOMAD.042045.CC	1.631e-15	73	0	0	0	1	NA	NA	NA	NA	NA
NC_006461.1_65	63918	64898	981	-1	0.758	11	None	GENOMAD.153919.CP	7.552e-30	124	0	0	0	1	NA	NA	NA	PF06089;COG4448	L-asparaginase II
NC_006461.1_66	64895	65176	282	-1	0.713	11	GGxGG	GENOMAD.152657.CP	1.79e-18	81	0	0	0	1	NA	NA	NA	PF03745;COG1547	Predicted metal-dependent hydrolase
NC_006461.1_67	65210	65998	789	1	0.719	11	None	GENOMAD.146222.CP	1.075e-66	229	0	0	0	1	NA	NA	NA	PF13531;K05772;TIGR02136;COG2998	phosphate binding protein
NC_006461.1_68	66001	66636	636	1	0.731	11	None	NA	NA	NA	0	0	0	1	NA	NA	NA	NA	NA
NC_006461.1_69	66633	67307	675	1	0.760	11	GGAG/GAGG	NA	NA	NA	0	0	0	1	NA	NA	NA	NA	NA
NC_006461.1_70	67430	68548	1119	1	0.716	11	None	NA	NA	NA	0	0	0	1	NA	NA	NA	NA	NA
NC_006461.1_71	68490	68753	264	-1	0.735	11	AGGAG(G)/GGAGG	GENOMAD.047493.CC	2.257e-36	132	0	0	0	1	NA	NA	NA	NA	NA
NC_006461.1_72	68753	71245	2493	-1	0.724	11	GGA/GAG/AGG	GENOMAD.092637.CP	0.0001333	48	0	0	0	1	NA	NA	NA	PF01939;PF10122;PF03966;COG1637;K07503;TIGR01206	Endonuclease NucS, RecB family
NC_006461.1_73	71436	78038	6603	1	0.679	11	GGAGG	GENOMAD.055477.VV	7.753e-07	57	0	0	0	1246	Caudoviricetes	NA	NA	PF02867;PF00317;K00525;TIGR02504;COG0209	ribonucleoside-diphosphate reductase, adenosylcobalamin-dependent
NC_006461.1_74	78135	78746	612	1	0.747	11	None	GENOMAD.126973.CP	9.726e-110	350	0	0	0	1	NA	NA	NA	PF00697;K01817;COG1891;TIGR00259	N-(5'phosphoribosyl)anthranilate (PRA) isomerase
NC_006461.1_75	78743	79537	795	1	0.712	11	AGGA	GENOMAD.118390.CP	8.795e-22	98	0	0	0	1	NA	NA	NA	PF00459;K01092;COG1218;TIGR02067	3'-Phosphoadenosine 5'-phosphosulfate (PAPS) 3'-phosphatase
NC_006461.1_76	79613	80332	720	-1	0.714	11	None	GENOMAD.197671.CP	1.466e-41	155	0	0	0	1	NA	NA	NA	PF19308;COG1583;TIGR01877	CRISPR Cas6 N-terminal domain
NC_006461.1_77	80335	80571	237	-1	0.713	11	None	NA	NA	NA	0	0	0	1	NA	NA	NA	NA	NA
NC_006461.1_78	81021	81359	339	-1	0.667	11	3Base/5BMM	GENOMAD.047842.CC	2.209e-56	191	0	0	0	1	NA	NA	NA	COG3471	NA
NC_006461.1_79	81423	82061	639	1	0.678	11	None	GENOMAD.214250.CP	5.487e-18	85	0	0	0	1	NA	NA	NA	NA	NA
NC_006461.1_80	82058	82801	744	1	0.702	11	None	GENOMAD.032740.CC	2.033e-88	291	0	0	0	1	NA	NA	NA	PF14582;TIGR00668;COG2129;K01525	bis(5'-nucleosyl)-tetraphosphatase (symmetrical)
NC_006461.1_81	82794	83609	816	1	0.716	11	AGGA/GGAG/GAGG	NA	NA	NA	0	0	0	1	NA	NA	NA	NA	NA
NC_006461.1_82	83765	84124	360	1	0.656	11	AGGAG	NA	NA	NA	0	0	0	1	NA	NA	NA	NA	NA
NC_006461.1_83	84115	84660	546	1	0.676	11	AGxAGG/AGGxGG	NA	NA	NA	0	0	0	1	NA	NA	NA	NA	NA
NC_006461.1_84	84664	85287	624	1	0.668	11	AGxAGG/AGGxGG	GENOMAD.082760.CP	1.219e-08	57	0	0	0	1	NA	NA	NA	PF00329;K18017;COG3262;TIGR01961	Ni,Fe-hydrogenase III component G
NC_006461.1_85	85284	86513	1230	1	0.660	11	GGAGG	NA	NA	NA	0	0	0	1	NA	NA	NA	NA	NA
NC_006461.1_86	86524	87069	546	1	0.663	11	GGAGG	GENOMAD.128879.CP	0.0003162	43	0	0	0	1	NA	NA	NA	PF06180;PF07293;K18331;COG5469	Predicted metal-binding protein
NC_006461.1_87	87066	88382	1317	1	0.674	11	AGxAGG/AGGxGG	GENOMAD.107238.CP	0.0002296	46	0	0	0	1	NA	NA	NA	PF01512;COG4656;TIGR01945	Na+-translocating ferredoxin:NAD+ oxidoreductase  RNF, RnfC subunit
NC_006461.1_88	88384	90735	2352	1	0.704	11	GGAGG	GENOMAD.035589.CC	1.942e-59	225	0	0	0	1	NA	NA	NA	TIGR00315	NA
NC_006461.1_89	90732	91829	1098	1	0.656	11	GGAGG	GENOMAD.116611.CP	1.697e-57	207	0	0	0	1	NA	NA	NA	PF00146;K05572;COG1005	NADH:ubiquinone oxidoreductase subunit 1 (chain H)
NC_006461.1_90	91826	92374	549	1	0.679	11	AGGAG	GENOMAD.113231.CP	6.881e-11	63	0	0	0	1	NA	NA	NA	PF12798;TIGR02951;COG1146;K00395	DMSO reductase, iron-sulfur subunit
NC_006461.1_91	92371	92901	531	1	0.689	11	AGxAGG/AGGxGG	GENOMAD.111859.CP	2.796e-10	61	0	0	0	1	NA	NA	NA	K00339;COG0839	NADH:ubiquinone oxidoreductase subunit 6 (chain J)
NC_006461.1_92	92898	93185	288	1	0.694	11	GGAGG	GENOMAD.116508.CP	5.404e-16	74	0	0	0	1	NA	NA	NA	PF00420;K05576;COG1006;TIGR00941	Multisubunit Na+/H+ antiporter, MnhC subunit
NC_006461.1_93	93188	95008	1821	1	0.680	11	GGxGG	GENOMAD.112737.CP	7.833e-53	201	0	0	0	1	NA	NA	NA	PF00361;PF00662;K22179;TIGR01960;COG1009	NAD(P)H dehydrogenase, subunit NdhF3 family
NC_006461.1_94	95002	96411	1410	1	0.692	11	GGxGG	GENOMAD.123002.CP	3.057e-05	49	0	0	0	1	NA	NA	NA	PF00361;K22181;COG1007;TIGR01770	NADH:ubiquinone oxidoreductase subunit 2 (chain N)
NC_006461.1_95	96408	97691	1284	1	0.725	11	GGAGG	GENOMAD.109595.CP	7.418e-43	166	0	0	0	1	NA	NA	NA	PF00361;PF19530;K00343;COG1007;TIGR01770	NADH:ubiquinone oxidoreductase subunit 2 (chain N)
NC_006461.1_96	97704	99482	1779	1	0.700	11	None	NA	NA	NA	0	0	0	1	NA	NA	NA	NA	NA
NC_006461.1_97	99487	100533	1047	1	0.740	11	AGGA/GGAG/GAGG	NA	NA	NA	0	0	0	1	NA	NA	NA	NA	NA
NC_006461.1_98	100538	101986	1449	1	0.736	11	GGAG/GAGG	GENOMAD.102307.CP	1.912e-10	66	0	0	0	1	NA	NA	NA	PF02875	NA
NC_006461.1_99	101955	102572	618	-1	0.699	11	None	GENOMAD.047487.CC	1.87e-51	182	0	0	0	1	NA	NA	NA	PF17934	Tetracyclin repressor-like, C-terminal domain
NC_006461.1_100	102578	103081	504	-1	0.722	11	3Base/5BMM	NA	NA	NA	0	0	0	1	NA	NA	NA	NA	NA
NC_006461.1_101	103082	103936	855	-1	0.719	11	None	NA	NA	NA	0	0	0	1	NA	NA	NA	NA	NA
NC_006461.1_102	104002	104319	318	-1	0.698	11	AGxAG	GENOMAD.193779.CP	9.195e-15	71	0	0	0	1	NA	NA	NA	PF06339;K14673;COG0662;TIGR04366	Ectoine synthase
NC_006461.1_103	104500	104943	444	1	0.764	11	None	NA	NA	NA	0	0	0	1	NA	NA	NA	NA	NA
NC_006461.1_104	104998	105660	663	-1	0.694	11	None	NA	NA	NA	0	0	0	1	NA	NA	NA	NA	NA
NC_006461.1_105	105660	106085	426	-1	0.685	11	GGA/GAG/AGG	GENOMAD.134230.CP	4.46e-21	91	0	0	0	1	NA	NA	NA	COG3223	Phosphate starvation-inducible membrane PsiE (function unknown)
NC_006461.1_106	106140	108095	1956	-1	0.703	11	AGGAGG	NA	NA	NA	0	0	0	1	NA	NA	NA	NA	NA
NC_006461.1_107	108345	109877	1533	-1	0.723	11	GGA/GAG/AGG	GENOMAD.038946.CC	1.888e-29	127	0	0	0	1	NA	NA	NA	PF08152	NA
NC_006461.1_108	109949	111160	1212	-1	0.716	11	GGA/GAG/AGG	GENOMAD.118734.CP	9.17e-41	159	0	0	0	1	NA	NA	NA	PF03453;PF00994;K03750;COG0303;TIGR00177	Molybdopterin biosynthesis enzyme
NC_006461.1_109	111167	112300	1134	-1	0.705	11	GGAGG	GENOMAD.160447.CP	8.371e-207	640	0	0	0	1	NA	NA	NA	PF05977;COG2223;TIGR00900;K08153	Transmembrane secretion effector
NC_006461.1_110	112318	112971	654	-1	0.702	11	GGA/GAG/AGG	NA	NA	NA	0	0	0	1	NA	NA	NA	NA	NA
NC_006461.1_111	112995	113360	366	1	0.686	11	None	NA	NA	NA	0	0	0	1	NA	NA	NA	NA	NA
NC_006461.1_112	113326	115083	1758	-1	0.702	11	3Base/5BMM	NA	NA	NA	0	0	0	1	NA	NA	NA	NA	NA
NC_006461.1_113	115132	116565	1434	-1	0.673	11	None	NA	NA	NA	0	0	0	1	NA	NA	NA	NA	NA
NC_006461.1_114	116598	117818	1221	1	0.679	11	None	GENOMAD.070923.CP	7.278e-53	195	0	0	0	1	NA	NA	NA	PF01676;K15635;TIGR02535;COG3635	proposed homoserine kinase
NC_006461.1_115	117828	118376	549	1	0.676	11	None	NA	NA	NA	0	0	0	1	NA	NA	NA	NA	NA
NC_006461.1_116	118354	119328	975	-1	0.691	11	None	GENOMAD.114941.CV	1.593e-26	114	0	0	0	1246	Caudoviricetes	NA	NA	PF01368;K06881;COG0618;TIGR00644	nanoRNase/pAp phosphatase, hydrolyzes c-di-AMP and oligoRNAs
NC_006461.1_117	119525	120412	888	-1	0.663	11	AGGA/GGAG/GAGG	NA	NA	NA	0	0	0	1	NA	NA	NA	NA	NA
NC_006461.1_118	120457	121362	906	-1	0.669	11	GGAG/GAGG	NA	NA	NA	0	0	0	1	NA	NA	NA	NA	NA
NC_006461.1_119	121447	122451	1005	1	0.729	11	None	NA	NA	NA	0	0	0	1	NA	NA	NA	NA	NA
NC_006461.1_120	122455	123363	909	-1	0.656	11	AGGAG	NA	NA	NA	0	0	0	1	NA	NA	NA	NA	NA
NC_006461.1_121	123473	124426	954	1	0.692	11	None	NA	NA	NA	0	0	0	1	NA	NA	NA	NA	NA
NC_006461.1_122	124413	125369	957	1	0.675	11	GGAGG	NA	NA	NA	0	0	0	1	NA	NA	NA	NA	NA
NC_006461.1_123	125549	125788	240	1	0.625	11	AGGAGG	NA	NA	NA	0	0	0	1	NA	NA	NA	NA	NA
NC_006461.1_124	125778	126362	585	-1	0.675	11	AGGA/GGAG/GAGG	NA	NA	NA	0	0	0	1	NA	NA	NA	NA	NA
NC_006461.1_125	126359	126979	621	-1	0.680	11	GGAGG	NA	NA	NA	0	0	0	1	NA	NA	NA	NA	NA
NC_006461.1_126	126976	128061	1086	-1	0.710	11	None	GENOMAD.066058.CV	1.295e-12	72	1	0	0	1	NA	NA	NA	PF13393;K02502;COG3705;TIGR00443	ATP phosphoribosyltransferase regulatory subunit HisZ
NC_006461.1_127	128065	128607	543	-1	0.645	11	GGAG/GAGG	NA	NA	NA	0	0	0	1	NA	NA	NA	NA	NA
NC_006461.1_128	128641	129525	885	1	0.713	11	None	NA	NA	NA	0	0	0	1	NA	NA	NA	NA	NA
NC_006461.1_129	129522	130001	480	-1	0.704	11	GGAG/GAGG	NA	NA	NA	0	0	0	1	NA	NA	NA	NA	NA
NC_006461.1_130	130031	130738	708	1	0.698	11	None	NA	NA	NA	0	0	0	1	NA	NA	NA	NA	NA
NC_006461.1_131	130735	131196	462	1	0.662	11	GGAG/GAGG	GENOMAD.177962.VC	3.732e-07	51	0	0	0	1246	Caudoviricetes	NA	NA	PF08274;TIGR00244;K21759;COG1327	transcriptional regulator NrdR
NC_006461.1_132	131355	131546	192	1	0.661	11	None	GENOMAD.219831.CP	4.868e-11	58	0	0	0	1	NA	NA	NA	NA	NA
NC_006461.1_133	132909	133373	465	1	0.703	11	AGGAGG	NA	NA	NA	0	0	0	1	NA	NA	NA	NA	NA
NC_006461.1_134	133326	134273	948	-1	0.725	11	None	GENOMAD.121761.CP	2.403e-101	332	0	0	0	1	NA	NA	NA	PF03308;K07588;COG1703;TIGR00750	Putative periplasmic protein kinase ArgK or related GTPase of G3E family
NC_006461.1_135	134319	134693	375	-1	0.709	11	AGGA	NA	NA	NA	0	0	0	1	NA	NA	NA	NA	NA
NC_006461.1_136	134698	136518	1821	-1	0.730	11	3Base/5BMM	GENOMAD.129309.CP	6.967e-11	68	0	0	0	1	NA	NA	NA	PF10140;K22893;COG4248;TIGR03903	WXG100 protein secretion system (Wss), protein YukC
NC_006461.1_137	136528	136761	234	-1	0.645	11	AGGAG	GENOMAD.038935.CC	1.048e-31	118	0	0	0	1	NA	NA	NA	NA	NA
NC_006461.1_138	136879	138156	1278	1	0.723	11	AGxAGG/AGGxGG	GENOMAD.108595.CP	5.805e-30	127	0	0	0	1246	Caudoviricetes	NA	NA	PF00275;TIGR01356;COG0766;K00790	3-phosphoshikimate 1-carboxyvinyltransferase
NC_006461.1_139	138178	138621	444	-1	0.705	11	None	NA	NA	NA	0	0	0	1	NA	NA	NA	NA	NA
NC_006461.1_140	138665	139801	1137	1	0.673	11	None	GENOMAD.110271.CV	8.672e-23	104	0	0	0	1246	Caudoviricetes	NA	NA	NA	NA
NC_006461.1_141	139806	140468	663	-1	0.668	11	AGGAGG	NA	NA	NA	0	0	0	1	NA	NA	NA	NA	NA
NC_006461.1_142	140483	141376	894	-1	0.738	11	GGAGG	NA	NA	NA	0	0	0	1	NA	NA	NA	NA	NA
NC_006461.1_143	141373	142044	672	-1	0.741	11	None	NA	NA	NA	0	0	0	1	NA	NA	NA	NA	NA
NC_006461.1_144	142125	143252	1128	-1	0.709	11	None	NA	NA	NA	0	0	0	1	NA	NA	NA	NA	NA
NC_006461.1_145	143272	143469	198	1	0.732	11	AGGA	NA	NA	NA	0	0	0	1	NA	NA	NA	NA	NA
NC_006461.1_146	143466	144197	732	1	0.701	11	GGAG/GAGG	GENOMAD.106866.CP	5.542e-19	89	0	0	0	1246	Caudoviricetes	NA	NA	COG1187	16S rRNA U516 pseudouridylate synthase RsuA and related 23S rRNA U2605, pseudouridylate synthases
NC_006461.1_147	144165	144509	345	-1	0.716	11	GGxGG	GENOMAD.042183.CC	7.292e-45	158	0	0	0	1	NA	NA	NA	PF04350;COG3167;K02664	Pilus assembly protein, PilO
NC_006461.1_148	145309	145818	510	-1	0.690	11	None	GENOMAD.109466.CP	2.585e-05	46	0	0	0	1	NA	NA	NA	PF02597;K21142;COG5131;TIGR01682	Ubiquitin-like protein
NC_006461.1_149	145876	147702	1827	-1	0.675	11	GGAGG	GENOMAD.119355.CP	8.592e-79	279	0	0	0	1	NA	NA	NA	PF01314;PF02730;K03738;COG2414	Aldehyde:ferredoxin oxidoreductase
NC_006461.1_150	147827	148786	960	-1	0.717	11	GGA/GAG/AGG	NA	NA	NA	0	0	0	1	NA	NA	NA	NA	NA
NC_006461.1_151	148874	149290	417	1	0.736	11	GGAGG	NA	NA	NA	0	0	0	1	NA	NA	NA	NA	NA
NC_006461.1_152	149287	149838	552	1	0.690	11	GGAGG	NA	NA	NA	0	0	0	1	NA	NA	NA	NA	NA
NC_006461.1_153	149814	150110	297	1	0.694	11	None	GENOMAD.152509.CP	6.595e-23	94	0	0	0	1	NA	NA	NA	PF11313;TIGR03433;COG2345;K23988	transcriptional regulator, Acidobacterial, PadR-family
NC_006461.1_154	150186	151235	1050	-1	0.729	11	GGA/GAG/AGG	NA	NA	NA	0	0	0	1	NA	NA	NA	NA	NA
NC_006461.1_155	151266	154250	2985	1	0.692	11	GGAGG	GENOMAD.073400.CP	2.552e-168	558	0	0	0	1	NA	NA	NA	PF03065;COG1449;K22451;TIGR03212	Alpha-amylase/alpha-mannosidase, GH57 family
NC_006461.1_156	154269	154922	654	1	0.697	11	None	NA	NA	NA	0	0	0	1	NA	NA	NA	NA	NA
NC_006461.1_157	155014	155715	702	1	0.729	11	AGxAGG/AGGxGG	NA	NA	NA	0	0	0	1	NA	NA	NA	NA	NA
NC_006461.1_158	155693	158329	2637	-1	0.666	11	AGGAGG	NA	NA	NA	0	0	0	1	NA	NA	NA	NA	NA
NC_006461.1_159	158501	160111	1611	-1	0.683	11	AGGAG/GGAGG	GENOMAD.060296.CP	0.0003071	46	1	0	0	1	NA	NA	NA	PF08292;K03049;TIGR00448;COG1095	DNA-directed RNA polymerase (rpoE), archaeal and eukaryotic form
NC_006461.1_160	160451	160888	438	1	0.733	11	3Base/5BMM	GENOMAD.086931.CV	3.587e-16	77	1	0	0	1	NA	NA	NA	PF13238;K06925;TIGR00150;COG0802	tRNA threonylcarbamoyl adenosine modification protein YjeE
NC_006461.1_161	160850	161335	486	-1	0.700	11	None	NA	NA	NA	0	0	0	1	NA	NA	NA	NA	NA
NC_006461.1_162	161379	161861	483	-1	0.737	11	None	NA	NA	NA	0	0	0	1	NA	NA	NA	NA	NA
NC_006461.1_163	161869	162582	714	-1	0.734	11	GGAGG	NA	NA	NA	0	0	0	1	NA	NA	NA	NA	NA
NC_006461.1_164	162624	163229	606	1	0.688	11	3Base/5BMM	GENOMAD.153463.CP	1.005e-05	48	0	0	0	1	NA	NA	NA	PF13022;PF16859;TIGR03968;COG3226;K21962	mycofactocin system transcriptional regulator
NC_006461.1_165	163226	163720	495	1	0.697	11	AGGAG	NA	NA	NA	0	0	0	1	NA	NA	NA	NA	NA
NC_006461.1_166	163895	164461	567	-1	0.677	11	GGAGG	NA	NA	NA	0	0	0	1	NA	NA	NA	NA	NA
NC_006461.1_167	164439	165266	828	-1	0.732	11	AGGAG(G)/GGAGG	NA	NA	NA	0	0	0	1	NA	NA	NA	NA	NA
NC_006461.1_168	165254	165895	642	-1	0.745	11	None	NA	NA	NA	0	0	0	1	NA	NA	NA	NA	NA
NC_006461.1_169	165910	166695	786	1	0.688	11	None	GENOMAD.123894.CP	2.608e-44	164	0	0	0	1	NA	NA	NA	K06153;COG1968	Undecaprenyl pyrophosphate phosphatase
NC_006461.1_170	166687	167748	1062	-1	0.735	11	GGAGG	GENOMAD.085122.CP	0.0001624	46	0	0	0	1	NA	NA	NA	NA	NA
NC_006461.1_171	167897	168949	1053	1	0.730	11	None	GENOMAD.092059.VV	5.656e-13	73	0	0	0	1246	Caudoviricetes	NA	NA	PF00226;K05516;TIGR02349;COG0484	chaperone protein DnaJ
NC_006461.1_172	169065	169286	222	1	0.644	11	AGGAG	NA	NA	NA	0	0	0	1	NA	NA	NA	NA	NA
NC_006461.1_173	169360	169833	474	1	0.700	11	AGxAGG/AGGxGG	GENOMAD.192250.CP	7.405e-40	146	0	0	0	1	NA	NA	NF012165	PF13523;TIGR04431;COG1670;K03825	aminoglycoside N(6')-acetyltransferase, AacA4 family
NC_006461.1_174	169950	170189	240	-1	0.642	11	GGAGG	GENOMAD.119509.CP	3.262e-07	48	0	0	0	1	NA	NA	NA	PF17179;PF12798;K02573;TIGR00397;COG0437	MauM/NapG family ferredoxin-type protein
NC_006461.1_175	170250	170789	540	-1	0.733	11	None	NA	NA	NA	0	0	0	1	NA	NA	NA	NA	NA
NC_006461.1_176	170794	171492	699	-1	0.714	11	AGxAGG/AGGxGG	GENOMAD.002230.CC	2.91e-39	148	0	0	0	1	NA	NA	NA	PF01128;TIGR03584;COG2068;K19712	pseudaminic acid cytidylyltransferase
NC_006461.1_177	171503	177706	6204	-1	0.683	11	3Base/5BMM	GENOMAD.065723.VV	4.251e-53	210	0	0	0	1246	Caudoviricetes	NA	NA	PF07733;PF02811;K02337;TIGR00594;COG0587	DNA-directed DNA polymerase III (polc)
NC_006461.1_178	177752	178063	312	1	0.686	11	GGxGG	GENOMAD.179817.CP	4.595e-05	43	0	0	0	1	NA	NA	NA	PF12910;K19165;TIGR01552;COG4118	prevent-host-death family protein
NC_006461.1_179	178038	178484	447	1	0.673	11	GGAGG	NA	NA	NA	0	0	0	1	NA	NA	NA	NA	NA
NC_006461.1_180	178481	179044	564	1	0.720	11	None	GENOMAD.154519.CP	1.154e-39	147	0	0	0	1	NA	NA	NA	PF01812;COG0212;TIGR02727;K01934	5-formyltetrahydrofolate cyclo-ligase
NC_006461.1_181	179036	180298	1263	-1	0.712	11	AGxAGG/AGGxGG	GENOMAD.116686.CP	4.467e-56	205	0	0	0	1	NA	NA	NA	PF00198;K09699;TIGR01349;COG0508	pyruvate dehydrogenase complex dihydrolipoamide acetyltransferase, long form
NC_006461.1_182	180308	183025	2718	-1	0.671	11	GGAGG	GENOMAD.147788.CP	5.509e-82	297	0	0	0	1	NA	NA	NA	PF09363;COG3958	XFP C-terminal domain
NC_006461.1_183	183132	183989	858	1	0.734	11	None	NA	NA	NA	0	0	0	1	NA	NA	NA	NA	NA
NC_006461.1_184	183999	184934	936	1	0.726	11	None	NA	NA	NA	0	0	0	1	NA	NA	NA	NA	NA
NC_006461.1_185	184971	185384	414	1	0.679	11	None	NA	NA	NA	0	0	0	1	NA	NA	NA	NA	NA
NC_006461.1_186	185470	186015	546	-1	0.650	11	AGGAG	NA	NA	NA	0	0	0	1	NA	NA	NA	NA	NA
NC_006461.1_187	186188	186544	357	-1	0.667	11	GGAGG	GENOMAD.111816.CP	2.856e-16	76	0	0	0	1	NA	NA	NA	PF02152;K01633;TIGR00526;COG1539	FolB domain
NC_006461.1_188	186516	187361	846	-1	0.712	11	None	NA	NA	NA	0	0	0	1	NA	NA	NA	NA	NA
NC_006461.1_189	187399	188238	840	1	0.739	11	AGGAG	NA	NA	NA	0	0	0	1	NA	NA	NA	NA	NA
NC_006461.1_190	188249	189457	1209	1	0.709	11	GGA/GAG/AGG	GENOMAD.152654.CP	3.975e-08	58	0	0	0	1	NA	NA	NF012174	PF03825;K16211;TIGR00792;COG2211	sugar (Glycoside-Pentoside-Hexuronide) transporter
NC_006461.1_191	189560	190102	543	1	0.669	11	GGAGG	GENOMAD.132403.CP	1.506e-07	53	0	0	0	1	NA	NA	NA	PF04290;COG4665;K11689	TRAP-type mannitol/chloroaromatic compound transport system, small permease component
NC_006461.1_192	190104	191603	1500	1	0.671	11	AGGAG	NA	NA	NA	0	0	0	1	NA	NA	NA	NA	NA
NC_006461.1_193	191670	192749	1080	-1	0.678	11	GGAGG	NA	NA	NA	0	0	0	1	NA	NA	NA	NA	NA
NC_006461.1_194	192816	193295	480	-1	0.698	11	AGxAGG/AGGxGG	GENOMAD.032494.CC	1.215e-85	278	0	0	0	1	NA	NA	NA	PF14326;TIGR00752	TraQ conjugal transfer protein
NC_006461.1_195	193335	193946	612	-1	0.714	11	None	NA	NA	NA	0	0	0	1	NA	NA	NA	NA	NA
NC_006461.1_196	193971	195518	1548	1	0.707	11	None	GENOMAD.178810.CP	5.941e-33	138	0	0	0	1	NA	NA	NA	PF19465;PF00135;K01753;TIGR02035;COG3048	D-serine ammonia-lyase
NC_006461.1_197	195523	197535	2013	1	0.686	11	None	GENOMAD.121750.CP	3.881e-26	118	0	0	0	1	NA	NA	NA	PF00384;K22516;COG3383;TIGR00509	Predicted molibdopterin-dependent oxidoreductase YjgC
NC_006461.1_198	197532	199016	1485	-1	0.737	11	None	NA	NA	NA	0	0	0	1	NA	NA	NA	NA	NA
NC_006461.1_199	199103	200197	1095	1	0.652	11	None	NA	NA	NA	0	0	0	1	NA	NA	NA	NA	NA
NC_006461.1_200	200179	201318	1140	-1	0.697	11	GGAGG	GENOMAD.180614.CP	4.122e-09	61	0	0	0	1	NA	NA	NA	PF06779;TIGR02332;COG2814;K08153	4-hydroxyphenylacetate permease
NC_006461.1_201	201320	202123	804	-1	0.725	11	AGxAGG/AGGxGG	GENOMAD.137889.CP	9.318e-15	77	0	0	0	1	NA	NA	NA	PF16913;K03298;TIGR03340;COG5006	phosphonate utilization associated putative membrane protein
NC_006461.1_202	202129	203025	897	-1	0.710	11	None	GENOMAD.136815.CP	3.062e-35	139	0	0	0	1	NA	NA	NA	COG5006;K03298	Threonine/homoserine efflux transporter RhtA
NC_006461.1_203	203137	204264	1128	1	0.708	11	AGGAG	NA	NA	NA	0	0	0	1	NA	NA	NA	NA	NA
NC_006461.1_204	204264	204566	303	1	0.634	11	GGAGG	NA	NA	NA	0	0	0	1	NA	NA	NA	NA	NA
NC_006461.1_205	204566	205918	1353	1	0.670	11	AGxAGG/AGGxGG	NA	NA	NA	0	0	0	1	NA	NA	NA	NA	NA
NC_006461.1_206	206107	206628	522	1	0.680	11	GGAGG	GENOMAD.081842.CV	1.065e-24	103	1	0	0	1	NA	NA	NA	PF00466;K02864;COG0244	Ribosomal protein L10
NC_006461.1_207	206642	207019	378	1	0.667	11	AGGAG	GENOMAD.114551.CV	1.594e-25	103	1	0	0	1246	Caudoviricetes	NA	NA	PF16320;PF00542;COG0222;TIGR00855	Ribosomal protein L7/L12
NC_006461.1_208	207069	208184	1116	-1	0.711	11	3Base/5BMM	GENOMAD.115324.CP	9.161e-203	628	0	0	0	1	NA	NA	NA	PF02687;PF12704;K09808;TIGR02213;COG4591	lipoprotein releasing system, transmembrane protein LolE
NC_006461.1_209	208206	208637	432	-1	0.674	11	GGA/GAG/AGG	GENOMAD.216249.VC	2.38e-10	60	0	0	0	7303	Oshimavirus	NA	NA	PF06725	3D domain
NC_006461.1_210	208824	209621	798	-1	0.707	11	GGAGG	NA	NA	NA	0	0	0	1	NA	NA	NA	NA	NA
NC_006461.1_211	209751	211319	1569	-1	0.718	11	GGxGG	GENOMAD.089127.CP	1.936e-28	124	0	0	0	1	NA	NA	NA	PF13684;PF02734;TIGR03599;K07030;COG1461	DAK2 domain fusion protein YloV
NC_006461.1_212	211312	211659	348	-1	0.759	11	AGGAGG	GENOMAD.140467.CP	6.915e-46	161	0	0	0	1	NA	NA	NA	PF03780;COG1302	Asp23 family, cell envelope-related function
NC_006461.1_213	211656	212765	1110	-1	0.708	11	AGGAG	NA	NA	NA	0	0	0	1	NA	NA	NA	NA	NA
NC_006461.1_214	212768	213706	939	-1	0.717	11	None	NA	NA	NA	0	0	0	1	NA	NA	NA	NA	NA
NC_006461.1_215	213747	214541	795	1	0.697	11	3Base/5BMM	NA	NA	NA	0	0	0	1	NA	NA	NA	NA	NA
NC_006461.1_216	214538	215245	708	1	0.732	11	GGA/GAG/AGG	GENOMAD.109403.CP	6.674e-28	115	0	0	0	1246	Caudoviricetes	NA	NA	PF13275;K06183;COG1187;TIGR00005	16S rRNA U516 pseudouridylate synthase RsuA and related 23S rRNA U2605, pseudouridylate synthases
NC_006461.1_217	215242	215787	546	1	0.648	11	None	NA	NA	NA	0	0	0	1	NA	NA	NA	NA	NA
NC_006461.1_218	215784	216452	669	1	0.670	11	GGAGG	NA	NA	NA	0	0	0	1	NA	NA	NA	NA	NA
NC_006461.1_219	216549	217775	1227	1	0.689	11	None	NA	NA	NA	0	0	0	1	NA	NA	NA	NA	NA
NC_006461.1_220	217780	218571	792	-1	0.727	11	GGA/GAG/AGG	NA	NA	NA	0	0	0	1	NA	NA	NA	NA	NA
NC_006461.1_221	218605	219651	1047	1	0.705	11	3Base/5BMM	NA	NA	NA	0	0	0	1	NA	NA	NA	NA	NA
NC_006461.1_222	219655	220539	885	1	0.746	11	AGGA/GGAG/GAGG	GENOMAD.089845.CP	1.718e-25	110	1	0	0	1	NA	NA	NA	PF16917;TIGR00121;COG0340;K01947	birA, biotin-
NC_006461.1_223	220638	221063	426	1	0.716	11	AGGA/GGAG/GAGG	GENOMAD.116545.CP	3.104e-16	77	0	0	0	1	NA	NA	NA	PF09969;COG4911	Uncharacterized conserved protein (DUF2203)
NC_006461.1_224	221014	221406	393	-1	0.695	11	None	GENOMAD.191647.CP	2.179e-73	241	0	0	0	1	NA	NA	NA	PF06262;COG3824	Predicted Zn-dependent protease, minimal metalloprotease (MMP)-like domain
NC_006461.1_225	221403	221816	414	-1	0.722	11	AGGA	GENOMAD.000168.CC	1.368e-73	242	0	0	0	1	NA	NA	NA	PF02590;TIGR00246;COG1576;K00783	rRNA large subunit m3Psi methyltransferase RlmH
NC_006461.1_226	221947	223050	1104	1	0.681	11	AGGAG	NA	NA	NA	0	0	0	1	NA	NA	NA	NA	NA
NC_006461.1_227	223060	224034	975	1	0.685	11	AGxAGG/AGGxGG	NA	NA	NA	0	0	0	1	NA	NA	NA	NA	NA
NC_006461.1_228	224037	224240	204	1	0.627	11	None	NA	NA	NA	0	0	0	1	NA	NA	NA	NA	NA
NC_006461.1_229	224237	224482	246	1	0.622	11	AGGAGG	NA	NA	NA	0	0	0	1	NA	NA	NA	NA	NA
NC_006461.1_230	224493	225848	1356	1	0.679	11	GGA/GAG/AGG	GENOMAD.116686.CP	8.086e-64	229	0	0	0	1	NA	NA	NA	PF00198;K09699;TIGR01349;COG0508	pyruvate dehydrogenase complex dihydrolipoamide acetyltransferase, long form
NC_006461.1_231	225859	227244	1386	1	0.706	11	AGGA	NA	NA	NA	0	0	0	1	NA	NA	NA	NA	NA
NC_006461.1_232	227477	228655	1179	-1	0.650	11	AGGAG	NA	NA	NA	0	0	0	1	NA	NA	NA	NA	NA
NC_006461.1_233	228776	229426	651	-1	0.694	11	AGGAG	GENOMAD.026096.CC	1.255e-05	48	0	0	0	1	NA	NA	NA	PF03591;COG1296	Predicted branched-chain amino acid permease (azaleucine resistance)
NC_006461.1_234	229423	230754	1332	-1	0.646	11	AGxAGG/AGGxGG	NA	NA	NA	0	0	0	1	NA	NA	NA	NA	NA
NC_006461.1_235	230822	231691	870	-1	0.693	11	None	NA	NA	NA	0	0	0	1	NA	NA	NA	NA	NA
NC_006461.1_236	231701	232060	360	-1	0.644	11	GGAGG	GENOMAD.027276.CC	1.691e-54	186	0	0	0	1	NA	NA	NA	PF11255	NA
NC_006461.1_237	232057	233028	972	-1	0.687	11	GGAG/GAGG	GENOMAD.121663.CP	4.07e-58	207	0	0	0	1	NA	NA	NA	PF13394;TIGR00510;COG0320	lipoate synthase
NC_006461.1_238	233018	233659	642	-1	0.674	11	GGAG/GAGG	GENOMAD.000230.CC	1.316e-15	78	0	0	0	1	NA	NA	NA	TIGR00214;COG0321;K23735	lipoate-protein ligase B
NC_006461.1_239	233814	234638	825	-1	0.720	11	AGGAG(G)/GGAGG	NA	NA	NA	0	0	0	1	NA	NA	NA	NA	NA
NC_006461.1_240	234742	235188	447	-1	0.673	11	AGxAGG/AGGxGG	GENOMAD.080915.CV	6.919e-19	85	1	0	0	1	NA	NA	NA	PF03948;PF01281;TIGR00158;COG0359;K02939	ribosomal protein L9
NC_006461.1_241	235199	235465	267	-1	0.633	11	AGGAGG	GENOMAD.022295.CC	1.427e-18	81	1	0	0	1	NA	NA	NA	PF01084;COG0238;TIGR00165	Ribosomal protein S18
NC_006461.1_242	235462	236253	792	-1	0.698	11	None	NA	NA	NA	0	0	0	1	NA	NA	NA	NA	NA
NC_006461.1_243	236263	236568	306	-1	0.654	11	GGAGG	NA	NA	NA	0	0	0	1	NA	NA	NA	NA	NA
NC_006461.1_244	236836	237525	690	-1	0.671	11	GGAGG	NA	NA	NA	0	0	0	1	NA	NA	NA	NA	NA
NC_006461.1_245	237518	237961	444	-1	0.669	11	AGGAG	NA	NA	NA	0	0	0	1	NA	NA	NA	NA	NA
NC_006461.1_246	238005	238559	555	-1	0.659	11	GGA/GAG/AGG	GENOMAD.116512.CV	1.116e-38	144	0	0	0	1246	Caudoviricetes	NA	NA	PF02357;PF00467;K02601;TIGR00922;COG0250	transcription termination/antitermination factor NusG
NC_006461.1_247	238556	238738	183	-1	0.639	11	GGA/GAG/AGG	GENOMAD.000495.CC	3.069e-07	47	0	0	0	1	NA	NA	NA	PF00584;COG0690;TIGR00964	Preprotein translocase subunit SecE
NC_006461.1_248	238738	238902	165	-1	0.588	11	GGAG/GAGG	GENOMAD.098020.CV	3.514e-10	55	0	0	0	1	NA	NA	NA	PF00471;TIGR01023;COG0267	ribosomal protein L33, bacterial type
NC_006461.1_249	238947	240167	1221	-1	0.625	11	AGGAG	NA	NA	NA	0	0	0	1	NA	NA	NA	NA	NA
NC_006461.1_250	240743	241945	1203	1	0.698	11	GGA/GAG/AGG	GENOMAD.147345.CP	0.0004055	45	0	0	0	1	NA	NA	NA	PF16661;COG1236;TIGR00649;K14403	RNA processing exonuclease, beta-lactamase fold, Cft2 family
NC_006461.1_251	241947	242204	258	-1	0.713	11	AGGAG(G)/GGAGG	NA	NA	NA	0	0	0	1	NA	NA	NA	NA	NA
NC_006461.1_252	242201	242485	285	-1	0.723	11	GGA/GAG/AGG	GENOMAD.047182.CC	3.002e-06	46	0	0	0	1	NA	NA	NA	PF04977;COG4839;TIGR02209	Cell division protein FtsL
NC_006461.1_253	242597	243040	444	1	0.658	11	AGGAGG	NA	NA	NA	0	0	0	1	NA	NA	NA	NA	NA
NC_006461.1_254	243126	244511	1386	-1	0.712	11	None	NA	NA	NA	0	0	0	1	NA	NA	NA	NA	NA
NC_006461.1_255	244618	245433	816	1	0.696	11	AGxAGG/AGGxGG	NA	NA	NA	0	0	0	1	NA	NA	NA	NA	NA
NC_006461.1_256	245430	246533	1104	1	0.693	11	GGAG/GAGG	GENOMAD.000514.CC	2.048e-05	49	0	0	0	1	NA	NA	NA	PF18297;PF02568;K00566;TIGR00420;COG0482	tRNA (5-methylaminomethyl-2-thiouridylate)-methyltransferase
NC_006461.1_257	246570	247538	969	1	0.653	11	GGAGG	NA	NA	NA	0	0	0	1	NA	NA	NA	NA	NA
NC_006461.1_258	247596	248498	903	1	0.677	11	GGA/GAG/AGG	NA	NA	NA	0	0	0	1	NA	NA	NA	NA	NA
NC_006461.1_259	248491	249705	1215	1	0.692	11	GGA/GAG/AGG	NA	NA	NA	0	0	0	1	NA	NA	NA	NA	NA
NC_006461.1_260	249702	250514	813	1	0.649	11	AGGAG	NA	NA	NA	0	0	0	1	NA	NA	NA	NA	NA
NC_006461.1_261	250524	251696	1173	1	0.714	11	None	GENOMAD.161201.PC	1.051e-66	235	0	0	0	1	NA	NA	NF012174	COG2223	Nitrate/nitrite transporter NarK
NC_006461.1_262	251698	252729	1032	1	0.748	11	GGAG/GAGG	GENOMAD.096117.CV	1.934e-40	156	0	0	0	1	NA	NA	NA	PF13175;K03629;TIGR00611;COG1195	recF protein
NC_006461.1_263	252714	253472	759	1	0.763	11	GGAG/GAGG	GENOMAD.115034.CV	2.345e-28	117	0	0	0	1	NA	NA	NA	PF05258;COG5389	Predicted  nucleic acid-binding protein, contains Zn-ribbon domain (includes truncated derivatives)
NC_006461.1_264	253473	254249	777	1	0.700	11	AGGAG	GENOMAD.105553.CV	1.184e-07	55	0	0	0	1	NA	NA	NA	PF13458;TIGR03863;K19224;COG0683	ABC transporter, substrate binding protein, PQQ-dependent alcohol dehydrogenase system
NC_006461.1_265	254203	255123	921	-1	0.711	11	3Base/5BMM	NA	NA	NA	0	0	0	1	NA	NA	NA	NA	NA
NC_006461.1_266	255137	255640	504	-1	0.708	11	None	NA	NA	NA	0	0	0	1	NA	NA	NA	NA	NA
NC_006461.1_267	255678	256745	1068	-1	0.706	11	None	NA	NA	NA	0	0	0	1	NA	NA	NA	NA	NA
NC_006461.1_268	256812	258344	1533	1	0.694	11	AGGA	NA	NA	NA	0	0	0	1	NA	NA	NA	NA	NA
NC_006461.1_269	258408	260039	1632	-1	0.673	11	AGGAG	GENOMAD.171128.VC	3.26e-20	98	0	0	0	1246	Caudoviricetes	NA	NA	K04077;TIGR02348	chaperonin GroL
NC_006461.1_270	260052	260357	306	-1	0.641	11	AGGAG	NA	NA	NA	0	0	0	1	NA	NA	NA	NA	NA
NC_006461.1_271	260454	260939	486	-1	0.712	11	AGGAG	NA	NA	NA	0	0	0	1	NA	NA	NA	NA	NA
NC_006461.1_272	260896	261444	549	-1	0.685	11	AGGAGG	GENOMAD.092618.PP	3.84e-101	324	0	0	0	1	NA	NA	NA	PF13737;COG5558	Transposase DDE domain
NC_006461.1_273	261493	262275	783	-1	0.738	11	None	NA	NA	NA	0	0	0	1	NA	NA	NA	NA	NA
NC_006461.1_274	262265	264502	2238	-1	0.712	11	GGA/GAG/AGG	GENOMAD.137813.CP	1.427e-12	74	0	0	0	1	NA	NA	NA	PF13420;COG1670;TIGR02382;K24217	Protein N-acetyltransferase, RimJ/RimL family
NC_006461.1_275	264753	266000	1248	1	0.703	11	None	NA	NA	NA	0	0	0	1	NA	NA	NA	NA	NA
NC_006461.1_276	266089	267678	1590	1	0.672	11	AGGAG	NA	NA	NA	0	0	0	1	NA	NA	NA	NA	NA
NC_006461.1_277	267678	268613	936	1	0.721	11	None	NA	NA	NA	0	0	0	1	NA	NA	NA	NA	NA
NC_006461.1_278	268656	269831	1176	-1	0.671	11	AGGAGG	NA	NA	NA	0	0	0	1	NA	NA	NA	NA	NA
NC_006461.1_279	270019	270282	264	-1	0.667	11	GGxGG	NA	NA	NA	0	0	0	1	NA	NA	NA	NA	NA
NC_006461.1_280	270284	270826	543	-1	0.678	11	AGGAG	GENOMAD.129521.CP	8.772e-66	222	0	0	0	1	NA	NA	NA	PF13527;K00619;COG1246;TIGR02382	N-acetylglutamate synthase or related acetyltransferase, GNAT family
NC_006461.1_281	270819	272207	1389	-1	0.683	11	GGAG/GAGG	NA	NA	NA	0	0	0	1	NA	NA	NA	NA	NA
NC_006461.1_282	272197	273399	1203	-1	0.663	11	GGA/GAG/AGG	GENOMAD.101078.CP	3.877e-42	163	0	0	0	1	NA	NA	NA	NA	NA
NC_006461.1_283	273598	275592	1995	1	0.654	11	GGAGG	NA	NA	NA	0	0	0	1	NA	NA	NA	NA	NA
NC_006461.1_284	275602	277671	2070	1	0.670	11	AGGAGG	NA	NA	NA	0	0	0	1	NA	NA	NA	NA	NA
NC_006461.1_285	277724	279091	1368	-1	0.696	11	GGAGG	NA	NA	NA	0	0	0	1	NA	NA	NA	NA	NA
NC_006461.1_286	279093	280313	1221	-1	0.685	11	AGGAG	GENOMAD.116686.CP	1.232e-58	212	0	0	0	1	NA	NA	NA	PF00198;K09699;TIGR01349;COG0508	pyruvate dehydrogenase complex dihydrolipoamide acetyltransferase, long form
NC_006461.1_287	280324	283014	2691	-1	0.687	11	GGAGG	GENOMAD.123911.CP	3.366e-95	337	0	0	0	1	NA	NA	NA	PF16078;K00164;TIGR00239;COG0567	2-oxoglutarate dehydrogenase, E1 component
NC_006461.1_288	283093	283857	765	1	0.707	11	None	NA	NA	NA	0	0	0	1	NA	NA	NA	NA	NA
NC_006461.1_289	283854	284429	576	1	0.708	11	None	NA	NA	NA	0	0	0	1	NA	NA	NA	NA	NA
NC_006461.1_290	284412	285161	750	-1	0.745	11	GGAGG	GENOMAD.136522.CP	2.552e-09	60	0	0	0	1	NA	NA	NA	PF08282;K11725;TIGR01458;COG0647	HAD-superfamily subfamily IIA hydrolase, TIGR01458
NC_006461.1_291	285158	285526	369	-1	0.732	11	GGAG/GAGG	NA	NA	NA	0	0	0	1	NA	NA	NA	NA	NA
NC_006461.1_292	285523	286038	516	-1	0.721	11	3Base/5BMM	NA	NA	NA	0	0	0	1	NA	NA	NA	NA	NA
NC_006461.1_293	286039	286473	435	-1	0.683	11	None	GENOMAD.129318.CP	1.336e-07	52	0	0	0	1	NA	NA	NA	PF00582;K06149;COG0589	Universal stress protein family
NC_006461.1_294	286526	287242	717	1	0.728	11	None	NA	NA	NA	0	0	0	1	NA	NA	NA	NA	NA
NC_006461.1_295	287247	288317	1071	1	0.747	11	AGGA	NA	NA	NA	0	0	0	1	NA	NA	NA	NA	NA
NC_006461.1_296	288302	288538	237	1	0.722	11	GGAGG	NA	NA	NA	0	0	0	1	NA	NA	NA	NA	NA
NC_006461.1_297	288535	289443	909	1	0.747	11	GGAGG	GENOMAD.129308.CP	1.66e-14	77	0	0	0	1	NA	NA	NA	PF02685;TIGR00744;K00845;COG0837	ROK family protein (putative glucokinase)
NC_006461.1_298	289430	289642	213	1	0.643	11	GGAGG	GENOMAD.127136.CP	8.544e-16	72	0	0	0	1	NA	NA	NA	PF11146	NA
NC_006461.1_299	289562	289810	249	-1	0.703	11	GGAGG	NA	NA	NA	0	0	0	1	NA	NA	NA	NA	NA
NC_006461.1_300	290138	290341	204	1	0.696	11	GGA/GAG/AGG	NA	NA	NA	0	0	0	1	NA	NA	NA	NA	NA
NC_006461.1_301	290320	290829	510	-1	0.702	11	None	GENOMAD.160754.CP	6.465e-64	216	0	0	0	1	NA	NA	NA	PF08020;COG4283;TIGR03084	DinB superfamily
NC_006461.1_302	290981	291766	786	1	0.679	11	None	NA	NA	NA	0	0	0	1	NA	NA	NA	NA	NA
NC_006461.1_303	291802	293022	1221	1	0.699	11	None	NA	NA	NA	0	0	0	1	NA	NA	NA	NA	NA
NC_006461.1_304	293022	294179	1158	1	0.714	11	None	GENOMAD.077211.CP	4.532e-05	48	0	0	0	1246	Caudoviricetes	NA	NA	PF01702;K00773;TIGR00430;COG0343	tRNA-guanine transglycosylase
NC_006461.1_305	294264	294677	414	1	0.691	11	3Base/5BMM	NA	NA	NA	0	0	0	1	NA	NA	NA	NA	NA
NC_006461.1_306	294708	295499	792	1	0.707	11	None	NA	NA	NA	0	0	0	1	NA	NA	NA	NA	NA
NC_006461.1_307	295640	296737	1098	-1	0.707	11	None	GENOMAD.116507.CP	7.376e-24	107	0	0	0	1	NA	NA	NA	K03548;COG0628	Predicted PurR-regulated permease PerM
NC_006461.1_308	296888	298714	1827	1	0.698	11	GGAG/GAGG	GENOMAD.133500.CP	6.58e-88	306	0	0	0	1	NA	NA	NA	COG1612;K02259	Heme A synthase
NC_006461.1_309	298729	299742	1014	1	0.671	11	GGAGG	GENOMAD.137534.CP	7.319e-10	63	0	0	0	1	NA	NA	NA	PF00116;TIGR01432;COG1622	cytochrome aa3 quinol oxidase, subunit II
NC_006461.1_310	299755	302130	2376	1	0.646	11	GGAGG	NA	NA	NA	0	0	0	1	NA	NA	NA	NA	NA
NC_006461.1_311	302190	302894	705	1	0.691	11	GGA/GAG/AGG	GENOMAD.194935.VC	6.933e-146	456	0	0	0	1	NA	NA	NA	NA	NA
NC_006461.1_312	303317	304420	1104	-1	0.715	11	GGA/GAG/AGG	GENOMAD.146124.CP	1.351e-74	257	0	0	0	1	NA	NA	NA	PF03209;TIGR00712;COG2814;K08153	glycerol-3-phosphate transporter
NC_006461.1_313	304503	305459	957	1	0.732	11	None	GENOMAD.035733.CC	3.902e-56	201	0	0	0	1	NA	NA	NA	NA	NA
NC_006461.1_314	305561	305971	411	1	0.747	11	GGA/GAG/AGG	NA	NA	NA	0	0	0	1	NA	NA	NA	NA	NA
NC_006461.1_315	305918	306622	705	-1	0.732	11	GGA/GAG/AGG	GENOMAD.004849.CC	3.697e-110	353	0	0	0	1	NA	NA	NA	PF09985;COG4945	C-terminal binding-module, SLH-like, of glucodextranase
NC_006461.1_316	306631	307857	1227	-1	0.742	11	AGxAGG/AGGxGG	NA	NA	NA	0	0	0	1	NA	NA	NA	NA	NA
NC_006461.1_317	307838	308659	822	-1	0.736	11	3Base/5BMM	NA	NA	NA	0	0	0	1	NA	NA	NA	NA	NA
NC_006461.1_318	308668	309585	918	-1	0.746	11	AGGAG/GGAGG	GENOMAD.081094.CV	1.035e-21	99	0	0	0	1246	Caudoviricetes	NA	NA	PF00551;K03500;COG0223;TIGR00460	Methionyl-tRNA formyltransferase
NC_006461.1_319	309582	310160	579	-1	0.687	11	None	NA	NA	NA	0	0	0	1	NA	NA	NA	NA	NA
NC_006461.1_320	310166	310975	810	-1	0.752	11	AGGAG	NA	NA	NA	0	0	0	1	NA	NA	NA	NA	NA
NC_006461.1_321	310968	311693	726	-1	0.720	11	3Base/5BMM	GENOMAD.120713.CP	4.228e-07	53	0	0	0	1	NA	NA	NA	PF19293;TIGR00159;COG1624	CdaA N-terminal transmembrane domain
NC_006461.1_322	311697	312842	1146	-1	0.705	11	AGxAGG/AGGxGG	GENOMAD.125838.CP	5.707e-151	479	0	0	0	1	NA	NA	NA	K01839;TIGR01696;COG1015	phosphopentomutase
NC_006461.1_323	312839	313096	258	-1	0.674	11	None	NA	NA	NA	0	0	0	1	NA	NA	NA	NA	NA
NC_006461.1_324	313106	314077	972	-1	0.692	11	None	GENOMAD.136952.CP	1.317e-200	619	0	0	0	1	NA	NA	NA	PF03969;COG1485;K18798;TIGR03420	AFG1-like ATPase
NC_006461.1_325	314192	315082	891	-1	0.701	11	3Base/5BMM	GENOMAD.112993.CP	1.246e-71	245	0	0	0	1	NA	NA	NA	PF19345;K00297;TIGR00676;COG0685	5,10-methylenetetrahydrofolate reductase, prokaryotic form
NC_006461.1_326	315142	315732	591	1	0.673	11	None	GENOMAD.162498.CP	4.379e-12	67	0	0	0	1	NA	NA	NA	PF00857;K09020;COG1335;TIGR03614	Nicotinamidase-related amidase
NC_006461.1_327	315725	316282	558	1	0.726	11	AGxAGG/AGGxGG	NA	NA	NA	0	0	0	1	NA	NA	NA	NA	NA
NC_006461.1_328	316249	316854	606	1	0.719	11	GGAG/GAGG	GENOMAD.038950.CC	1.358e-96	312	0	0	0	1	NA	NA	NA	PF01326;COG0574;K01007	Phosphoenolpyruvate synthase/pyruvate phosphate dikinase
NC_006461.1_329	316844	317647	804	1	0.698	11	None	GENOMAD.137868.CP	9.734e-18	86	0	0	0	1	NA	NA	NA	PF01876;K04486;TIGR01856;COG4464	histidinol phosphate phosphatase, HisJ family
NC_006461.1_330	317623	317889	267	-1	0.727	11	GGAG/GAGG	NA	NA	NA	0	0	0	1	NA	NA	NA	NA	NA
NC_006461.1_331	317912	318574	663	-1	0.695	11	GGA/GAG/AGG	GENOMAD.145686.CP	5.86e-05	46	0	0	0	1	NA	NA	NA	NA	NA
NC_006461.1_332	318605	318937	333	-1	0.676	11	GGA/GAG/AGG	GENOMAD.154016.CP	9.187e-25	100	0	0	0	1	NA	NA	NA	PF02641;K09137;COG1993	Uncharacterized ACR, COG1993
NC_006461.1_333	318942	319301	360	-1	0.683	11	AGGA/GGAG/GAGG	NA	NA	NA	0	0	0	1	NA	NA	NA	NA	NA
NC_006461.1_334	319340	319813	474	1	0.700	11	None	NA	NA	NA	0	0	0	1	NA	NA	NA	NA	NA
NC_006461.1_335	319800	320204	405	-1	0.681	11	3Base/5BMM	GENOMAD.169292.CV	9.578e-68	225	0	0	0	1	NA	NA	NA	PF14340	NA
NC_006461.1_336	320293	321060	768	-1	0.760	11	AGGAG	GENOMAD.073556.CP	2.829e-70	239	0	0	0	1	NA	NA	NA	PF01887;PF20257;K22205;COG1912;TIGR04507	S-adenosylmethionine hydrolase (SAM-hydroxide adenosyltransferase)
NC_006461.1_337	321060	322499	1440	-1	0.733	11	None	GENOMAD.142172.CP	1.635e-223	694	0	0	0	1	NA	NA	NA	PF04733;PF03458;TIGR02917;COG3071;K02656	putative PEP-CTERM system TPR-repeat lipoprotein
NC_006461.1_338	322548	323240	693	1	0.727	11	GGA/GAG/AGG	GENOMAD.151453.CP	3.504e-100	324	0	0	0	1	NA	NA	NA	PF16811;TIGR03302;COG5010	outer membrane assembly lipoprotein YfiO
NC_006461.1_339	323247	323741	495	1	0.711	11	GGA/GAG/AGG	GENOMAD.114498.CP	7.948e-51	178	0	0	0	1	NA	NA	NA	PF00994;K03638;COG0521;TIGR00177	Molybdopterin biosynthesis enzyme MoaB
NC_006461.1_340	323734	324864	1131	1	0.694	11	AGGAG	NA	NA	NA	0	0	0	1	NA	NA	NA	NA	NA
NC_006461.1_341	324874	326118	1245	-1	0.733	11	GGA/GAG/AGG	GENOMAD.110250.CP	3.845e-71	249	0	0	0	1	NA	NA	NA	PF08245;PF02875;K11754;TIGR01499;COG0285	folylpolyglutamate synthase/dihydrofolate synthase
NC_006461.1_342	326119	326514	396	-1	0.707	11	None	GENOMAD.123104.CP	1.029e-05	46	0	0	0	1	NA	NA	NA	PF01475;K09825;COG0735;TIGR02698	Fe2+ or Zn2+ uptake regulation protein
NC_006461.1_343	326557	327462	906	-1	0.715	11	None	NA	NA	NA	0	0	0	1	NA	NA	NA	NA	NA
NC_006461.1_344	327520	327969	450	-1	0.684	11	AGGA	GENOMAD.145908.VC	8.668e-26	105	0	0	0	1	NA	NA	NA	NA	NA
NC_006461.1_345	328078	328992	915	1	0.692	11	3Base/5BMM	GENOMAD.048882.CC	0.0002537	45	0	0	0	1	NA	NA	NA	PF19465;TIGR01136;COG0031;K01733	cysteine synthase
NC_006461.1_346	329005	329352	348	1	0.693	11	AGGA	GENOMAD.093416.CP	9.337e-19	83	0	0	0	1	NA	NA	NA	PF04020;K08972;COG1950	Uncharacterized membrane protein YvlD, DUF360 family
NC_006461.1_347	329349	329780	432	-1	0.685	11	AGxAGG/AGGxGG	GENOMAD.118774.CP	0.0003202	42	0	0	0	1	NA	NA	NA	PF01769;PF00571;TIGR00400;K06213;COG2239	Mg2+ transporter (mgtE)
NC_006461.1_348	329824	330630	807	-1	0.770	11	None	NA	NA	NA	0	0	0	1	NA	NA	NA	NA	NA
NC_006461.1_349	330627	331763	1137	-1	0.710	11	None	GENOMAD.160447.CP	6.117e-07	54	0	0	0	1	NA	NA	NA	PF05977;COG2223;TIGR00900;K08153	Transmembrane secretion effector
NC_006461.1_350	331985	333811	1827	1	0.675	11	AGGAG	GENOMAD.121078.CP	1.027e-320	982	0	0	0	1	NA	NA	NA	PF13145;PF13624;PF13616;TIGR04142;K07533;COG0760	putative peptidyl-prolyl cis-trans isomerase, LIC12922 family
NC_006461.1_351	333867	335441	1575	1	0.708	11	None	NA	NA	NA	0	0	0	1	NA	NA	NA	NA	NA
NC_006461.1_352	335460	336302	843	-1	0.656	11	AGGAG	NA	NA	NA	0	0	0	1	NA	NA	NA	NA	NA
NC_006461.1_353	336299	337174	876	-1	0.643	11	None	GENOMAD.119384.CP	3.862e-08	57	0	0	0	1	NA	NA	NA	PF00528;K02054;COG4132;TIGR01253	ABC-type uncharacterized transport system, permease component
NC_006461.1_354	337226	338515	1290	-1	0.686	11	AGGAG	GENOMAD.130286.CP	1.606e-35	144	0	0	0	1	NA	NA	NA	PF02030;PF16339;K10236;COG2182;TIGR03850	Maltose-binding periplasmic protein MalE
NC_006461.1_355	338620	339168	549	1	0.683	11	AGGAGG	GENOMAD.092618.PP	3.84e-101	324	0	0	0	1	NA	NA	NA	PF13737;COG5558	Transposase DDE domain
NC_006461.1_356	339125	339610	486	1	0.710	11	AGGAG	NA	NA	NA	0	0	0	1	NA	NA	NA	NA	NA
NC_006461.1_357	339710	339916	207	1	0.618	11	AGGAG	NA	NA	NA	0	0	0	1	NA	NA	NA	NA	NA
NC_006461.1_358	339975	340466	492	1	0.715	11	GGAGG	NA	NA	NA	0	0	0	1	NA	NA	NA	NA	NA
NC_006461.1_359	340451	340729	279	1	0.699	11	GGA/GAG/AGG	NA	NA	NA	0	0	0	1	NA	NA	NA	NA	NA
NC_006461.1_360	340726	341454	729	1	0.750	11	GGAGG	NA	NA	NA	0	0	0	1	NA	NA	NA	NA	NA
NC_006461.1_361	341489	341974	486	1	0.691	11	None	GENOMAD.001605.CC	2.099e-07	52	0	0	0	1	NA	NA	NA	PF09419;K01094;TIGR01668;COG2179	Mitochondrial PGP phosphatase
NC_006461.1_362	341971	344640	2670	1	0.679	11	AGxAGG/AGGxGG	GENOMAD.110066.CP	3.726e-12	73	0	0	0	1	NA	NA	NA	PF05157;K02652;TIGR02538;COG2804	type IV-A pilus assembly ATPase PilB
NC_006461.1_363	344653	345738	1086	1	0.657	11	AGGAG	NA	NA	NA	0	0	0	1	NA	NA	NA	NA	NA
NC_006461.1_364	345749	347158	1410	1	0.691	11	3Base/5BMM	GENOMAD.080910.CP	4.186e-111	368	1	0	0	1246	Caudoviricetes	NA	NA	PF02934;K02434;TIGR00133;COG2511	aspartyl/glutamyl-tRNA(Asn/Gln) amidotransferase, B subunit
NC_006461.1_365	347164	348165	1002	1	0.715	11	AGGA	GENOMAD.126472.VC	7.003e-18	88	0	0	0	11688	Kyanoviridae	NA	NA	TIGR00878;COG0150	phosphoribosylaminoimidazole synthetase
NC_006461.1_366	348162	348794	633	1	0.706	11	3Base/5BMM	GENOMAD.151385.CP	5.142e-05	46	0	0	0	1	NA	NA	NA	PF00300;COG0406;K15634;TIGR03848	Broad specificity phosphatase PhoE
NC_006461.1_367	352186	352956	771	1	0.721	11	3Base/5BMM	NA	NA	NA	0	0	0	1	NA	NA	NA	NA	NA
NC_006461.1_368	353002	353544	543	-1	0.722	11	None	NA	NA	NA	0	0	0	1	NA	NA	NA	NA	NA
NC_006461.1_369	353571	354890	1320	1	0.738	11	None	GENOMAD.109575.CV	0.0002304	46	0	0	0	1	NA	NA	NA	COG2815	PASTA domain, binds beta-lactams
NC_006461.1_370	354887	355216	330	1	0.664	11	AGGAG	GENOMAD.085591.CV	3.157e-59	199	0	0	0	1246	Caudoviricetes	NA	NA	PF02021;K07460;COG0792;TIGR00252	Predicted endonuclease distantly related to archaeal Holliday junction resolvase
NC_006461.1_371	355231	357039	1809	1	0.709	11	GGA/GAG/AGG	GENOMAD.130569.CP	1.602e-53	203	0	0	0	1	NA	NA	NA	PF20696	3-octaprenyl-4-hydroxybenzoate carboxy-lyase C-terminal domain
NC_006461.1_372	357077	357727	651	1	0.690	11	GGA/GAG/AGG	NA	NA	NA	0	0	0	1	NA	NA	NA	NA	NA
NC_006461.1_373	357874	358422	549	-1	0.721	11	AGGAG	GENOMAD.042664.CC	3.765e-22	96	0	0	0	1	NA	NA	NA	PF00814;TIGR03725;K14742;COG1214	tRNA threonylcarbamoyl adenosine modification protein YeaZ
NC_006461.1_374	358454	358726	273	1	0.711	11	None	NA	NA	NA	0	0	0	1	NA	NA	NA	NA	NA
NC_006461.1_375	358751	359650	900	1	0.656	11	None	NA	NA	NA	0	0	0	1	NA	NA	NA	NA	NA
NC_006461.1_376	359700	360833	1134	1	0.702	11	GGAGG	NA	NA	NA	0	0	0	1	NA	NA	NA	NA	NA
NC_006461.1_377	360889	362142	1254	1	0.666	11	GGAGG	GENOMAD.119508.CP	2.446e-48	182	0	0	0	1	NA	NA	NA	PF02030;K05813;TIGR03850;COG2182	carbohydrate ABC transporter substrate-binding protein, CPR_0540 family
NC_006461.1_378	362204	364066	1863	1	0.693	11	None	GENOMAD.119356.CP	2.311e-103	352	0	0	0	1	NA	NA	NA	PF01314;PF02730;PF17179;K03738;COG2414;TIGR00402	Aldehyde:ferredoxin oxidoreductase
NC_006461.1_379	364037	364591	555	-1	0.728	11	None	NA	NA	NA	0	0	0	1	NA	NA	NA	NA	NA
NC_006461.1_380	364775	365251	477	1	0.679	11	None	GENOMAD.097044.CV	2.032e-19	87	0	0	0	1	NA	NA	NA	COG2839;K09793	Uncharacterized conserved protein YqgC, DUF456 family
NC_006461.1_381	365255	365512	258	1	0.686	11	3Base/5BMM	GENOMAD.003494.CC	7.51e-09	53	0	0	0	1	NA	NA	NA	PF05768;COG4837;TIGR02654;K18917	Disulfide oxidoreductase YuzD
NC_006461.1_382	365512	366351	840	1	0.677	11	GGA/GAG/AGG	NA	NA	NA	0	0	0	1	NA	NA	NA	NA	NA
NC_006461.1_383	366353	367723	1371	1	0.706	11	3Base/5BMM	NA	NA	NA	0	0	0	1	NA	NA	NA	NA	NA
NC_006461.1_384	367764	367985	222	1	0.662	11	None	GENOMAD.114693.CP	8.806e-10	55	0	0	0	1	NA	NA	NA	PF02416;TIGR01410;COG1826;K03117	twin arginine-targeting protein translocase TatB
NC_006461.1_385	367982	368722	741	1	0.672	11	AGGAGG	NA	NA	NA	0	0	0	1	NA	NA	NA	NA	NA
NC_006461.1_386	368756	369823	1068	1	0.675	11	None	GENOMAD.115307.CP	3.069e-08	58	0	0	0	1	NA	NA	NA	PF01817;COG1605;TIGR01805;K13853	Chorismate mutase
NC_006461.1_387	369826	370773	948	1	0.712	11	GGA/GAG/AGG	GENOMAD.136405.CP	2.129e-15	80	0	0	0	1	NA	NA	NA	PF12798;PF13484;PF12800;K14120;TIGR02951;COG0437	DMSO reductase, iron-sulfur subunit
NC_006461.1_388	370798	371238	441	1	0.714	11	None	NA	NA	NA	0	0	0	1	NA	NA	NA	NA	NA
NC_006461.1_389	371201	371878	678	1	0.686	11	GGA/GAG/AGG	NA	NA	NA	0	0	0	1	NA	NA	NA	NA	NA
NC_006461.1_390	371883	372275	393	1	0.702	11	3Base/5BMM	GENOMAD.133029.CP	4.381e-25	102	0	0	0	1	NA	NA	NA	PF13669;K05606;TIGR03081;COG3607	methylmalonyl-CoA epimerase
NC_006461.1_391	372275	372613	339	1	0.705	11	GGAGG	GENOMAD.096248.CP	2.702e-38	139	0	0	0	1	NA	NA	NA	PF10043;COG5652	VanZ-like family protein (function unknown)
NC_006461.1_392	372567	373250	684	-1	0.711	11	None	NA	NA	NA	0	0	0	1	NA	NA	NA	NA	NA
NC_006461.1_393	373255	374244	990	-1	0.716	11	GGAGG	NA	NA	NA	0	0	0	1	NA	NA	NA	NA	NA
NC_006461.1_394	374241	376715	2475	-1	0.703	11	GGAGG	GENOMAD.033550.CC	6.998e-69	255	0	0	0	1	NA	NA	NA	PF12600;COG1452;K04744	LPS assembly outer membrane protein LptD (organic solvent tolerance protein OstA)
NC_006461.1_395	376712	377755	1044	-1	0.720	11	GGAGG	GENOMAD.090151.CP	3.846e-183	570	0	0	0	1	NA	NA	NA	COG0795;K11720	Lipopolysaccharide export LptBFGC system, permease protein LptF
NC_006461.1_396	377752	378762	1011	-1	0.727	11	None	GENOMAD.082352.CP	2.78e-45	170	0	0	0	1	NA	NA	NA	PF03739;TIGR04408;K11720;COG0795	Lipopolysaccharide export system permease LptF/LptG
NC_006461.1_397	378818	379234	417	-1	0.727	11	GGAGG	GENOMAD.043033.CC	1.63e-22	95	0	0	0	1	NA	NA	NA	NA	NA
NC_006461.1_398	379402	380436	1035	-1	0.719	11	GGAGG	NA	NA	NA	0	0	0	1	NA	NA	NA	NA	NA
NC_006461.1_399	380433	380825	393	-1	0.710	11	AGGAG	GENOMAD.145471.CP	1.179e-22	95	0	0	0	1	NA	NA	NA	PF14864;COG3154	Predicted lipid carrier protein YhbT, SCP2 domain
NC_006461.1_400	380870	381298	429	1	0.713	11	None	NA	NA	NA	0	0	0	1	NA	NA	NA	NA	NA
NC_006461.1_401	381284	383140	1857	-1	0.683	11	GGAGG	NA	NA	NA	0	0	0	1	NA	NA	NA	NA	NA
NC_006461.1_402	383192	384565	1374	1	0.739	11	GGA/GAG/AGG	GENOMAD.176631.CP	4.011e-94	318	0	0	0	1	NA	NA	NA	PF10345;COG2956;TIGR00990;K09667	Cohesin loading factor
NC_006461.1_403	384586	385617	1032	-1	0.716	11	None	GENOMAD.137562.CP	2.079e-179	559	0	0	0	1	NA	NA	NA	PF14332;K11522;TIGR02875;COG4567	sporulation transcription factor Spo0A
NC_006461.1_404	385614	386588	975	-1	0.701	11	GGA/GAG/AGG	NA	NA	NA	0	0	0	1	NA	NA	NA	NA	NA
NC_006461.1_405	386614	387399	786	1	0.711	11	None	GENOMAD.181550.VV	2.089e-05	48	0	0	0	15663	Prasinovirus	NA	NA	NA	NA
NC_006461.1_406	387471	388373	903	1	0.723	11	GGA/GAG/AGG	NA	NA	NA	0	0	0	1	NA	NA	NA	NA	NA
NC_006461.1_407	388370	389263	894	1	0.660	11	3Base/5BMM	GENOMAD.160402.VP	1.753e-07	55	0	0	0	1246	Caudoviricetes	NA	NA	PF09445;K13581;COG3392;TIGR00755	Adenine-specific DNA methylase
NC_006461.1_408	389901	391094	1194	-1	0.693	11	None	NA	NA	NA	0	0	0	1	NA	NA	NA	NA	NA
NC_006461.1_409	391190	392320	1131	-1	0.703	11	GGAG/GAGG	NA	NA	NA	0	0	0	1	NA	NA	NA	NA	NA
NC_006461.1_410	392320	393546	1227	-1	0.703	11	None	NA	NA	NA	0	0	0	1	NA	NA	NA	NA	NA
NC_006461.1_411	393666	393908	243	-1	0.613	11	GGAGG	NA	NA	NA	0	0	0	1	NA	NA	NA	NA	NA
NC_006461.1_412	393941	394678	738	-1	0.695	11	GGAGG	NA	NA	NA	0	0	0	1	NA	NA	NA	NA	NA
NC_006461.1_413	394671	395588	918	-1	0.700	11	GGAGG	NA	NA	NA	0	0	0	1	NA	NA	NA	NA	NA
NC_006461.1_414	395588	396556	969	-1	0.695	11	GGAGG	GENOMAD.132878.CP	0.000577	44	0	0	0	1	NA	NA	NA	PF08392;PF08540;PF12172;TIGR01835;K01641;COG3425	3-hydroxy-3-methylglutaryl CoA synthase, prokaryotic clade
NC_006461.1_415	396721	396903	183	-1	0.699	11	GGAGG	GENOMAD.067457.CP	1.477e-13	65	0	0	0	1	NA	NA	NA	PF01783;COG0333;TIGR01031	Ribosomal protein L32
NC_006461.1_416	396963	397499	537	-1	0.689	11	None	GENOMAD.086956.CP	4.235e-98	315	0	0	0	1	NA	NA	NA	PF02620;COG1399	Uncharacterized metal-binding protein YceD, DUF177 family
NC_006461.1_417	397588	398067	480	-1	0.688	11	GGAGG	GENOMAD.129385.CP	9.305e-47	166	0	0	0	1	NA	NA	NA	PF01613;TIGR03615;COG1853;K21185	pyrimidine utilization flavin reductase protein F
NC_006461.1_418	398091	399977	1887	-1	0.727	11	3Base/5BMM	NA	NA	NA	0	0	0	1	NA	NA	NA	NA	NA
NC_006461.1_419	399987	400691	705	-1	0.701	11	GGA/GAG/AGG	NA	NA	NA	0	0	0	1	NA	NA	NA	NA	NA
NC_006461.1_420	400679	401395	717	-1	0.727	11	3Base/5BMM	GENOMAD.101215.CP	1.684e-129	409	0	0	0	1	NA	NA	NA	PF04029;COG2045;TIGR00298;K05979	Phosphosulfolactate phosphohydrolase or related enzyme
NC_006461.1_421	401423	402358	936	1	0.724	11	None	NA	NA	NA	0	0	0	1	NA	NA	NA	NA	NA
NC_006461.1_422	402495	403112	618	1	0.701	11	None	GENOMAD.134225.CP	5.34e-13	70	0	0	0	1	NA	NA	NA	PF00881;K09019;TIGR03553;COG3560	F420 biosynthesis protein FbiB, C-terminal domain
NC_006461.1_423	403109	403468	360	-1	0.700	11	AGGA/GGAG/GAGG	GENOMAD.159870.CP	6.142e-33	124	0	0	0	1	NA	NA	NA	PF14540;COG1669;K17882	Nucleotidyltransferase-like
NC_006461.1_424	403425	403805	381	-1	0.675	11	None	GENOMAD.154250.CP	1.552e-42	152	0	0	0	1	NA	NA	NA	PF05168;COG2250	HEPN domain
NC_006461.1_425	403834	404877	1044	1	0.697	11	None	NA	NA	NA	0	0	0	1	NA	NA	NA	NA	NA
NC_006461.1_426	404885	405454	570	1	0.711	11	GGAG/GAGG	NA	NA	NA	0	0	0	1	NA	NA	NA	NA	NA
NC_006461.1_427	405546	406166	621	1	0.691	11	AGGA	GENOMAD.107271.CP	1.14e-48	174	0	0	0	1	NA	NA	NA	PF01174;K02501;COG0118;TIGR01855	Imidazoleglycerol phosphate synthase glutamine amidotransferase subunit HisH
NC_006461.1_428	406137	407057	921	-1	0.722	11	AGGAGG	NA	NA	NA	0	0	0	1	NA	NA	NA	NA	NA
NC_006461.1_429	407202	408683	1482	1	0.686	11	3Base/5BMM	GENOMAD.114972.CP	3.294e-05	49	0	0	0	1	NA	NA	NA	PF00478;K04767;COG4535	Mg2+ and Co2+ transporter CorC, contains CBS pair and CorC-HlyC domains
NC_006461.1_430	408680	408910	231	-1	0.680	11	AGGA	GENOMAD.044401.CC	1.315e-36	132	0	0	0	1	NA	NA	NA	PF08679;COG0735	Dissimilatory sulfite reductase D (DsrD)
NC_006461.1_431	408951	409436	486	1	0.720	11	None	GENOMAD.214170.CP	2.441e-18	84	0	0	0	1	NA	NA	NA	NA	NA
NC_006461.1_432	409381	409806	426	-1	0.674	11	GGA/GAG/AGG	NA	NA	NA	0	0	0	1	NA	NA	NA	NA	NA
NC_006461.1_433	409940	410854	915	-1	0.709	11	None	NA	NA	NA	0	0	0	1	NA	NA	NA	NA	NA
NC_006461.1_434	410854	411294	441	-1	0.719	11	3Base/5BMM	GENOMAD.047817.CC	1.727e-75	248	0	0	0	1	NA	NA	NA	NA	NA
NC_006461.1_435	411311	412711	1401	-1	0.679	11	GGAG/GAGG	NA	NA	NA	0	0	0	1	NA	NA	NA	NA	NA
NC_006461.1_436	412772	413500	729	1	0.669	11	None	NA	NA	NA	0	0	0	1	NA	NA	NA	NA	NA
NC_006461.1_437	413503	414846	1344	1	0.746	11	GGA/GAG/AGG	GENOMAD.115314.CV	1.4e-05	50	0	0	0	1	NA	NA	NA	PF11283;COG4372	Uncharacterized conserved protein, contains DUF3084 domain
NC_006461.1_438	415654	416223	570	-1	0.711	11	3Base/5BMM	GENOMAD.000284.CC	8.534e-25	104	0	0	0	1	NA	NA	NA	COG1847;K06346	Predicted RNA-binding protein Jag, conains KH and R3H domains
NC_006461.1_439	416233	417525	1293	-1	0.671	11	GGAGG	NA	NA	NA	0	0	0	1	NA	NA	NA	NA	NA
NC_006461.1_440	417522	417770	249	-1	0.711	11	None	NA	NA	NA	0	0	0	1	NA	NA	NA	NA	NA
NC_006461.1_441	417775	418266	492	-1	0.701	11	GGA/GAG/AGG	GENOMAD.085337.CV	1.008e-47	169	0	0	0	1	NA	NA	NA	PF00825;TIGR00188;COG0594	ribonuclease P protein component, eubacterial
NC_006461.1_442	418427	419188	762	1	0.671	11	AGGAG	NA	NA	NA	0	0	0	1	NA	NA	NA	NA	NA
NC_006461.1_443	419185	421119	1935	1	0.673	11	GGxGG	NA	NA	NA	0	0	0	1	NA	NA	NA	NA	NA
NC_006461.1_444	421116	422009	894	1	0.672	11	AGGAG	GENOMAD.117142.CP	2.245e-64	224	0	0	0	1	NA	NA	NA	PF02653;K01997;COG4177;TIGR03622	ABC-type branched-chain amino acid transport system, permease component
NC_006461.1_445	422006	423073	1068	1	0.656	11	AGGAG/GGAGG	GENOMAD.117063.CP	1.202e-41	160	0	0	0	1	NA	NA	NA	PF02653;K01998;COG0559;TIGR03727	Branched-chain amino acid ABC-type transport system, permease component
NC_006461.1_446	423113	424309	1197	1	0.662	11	GGAGG	GENOMAD.135987.CP	5.287e-15	80	0	0	0	1	NA	NA	NA	PF13433;TIGR03407;K01999;COG0683	urea ABC transporter, urea binding protein
NC_006461.1_447	424354	425187	834	1	0.671	11	None	NA	NA	NA	0	0	0	1	NA	NA	NA	NA	NA
NC_006461.1_448	425254	425994	741	1	0.715	11	None	NA	NA	NA	0	0	0	1	NA	NA	NA	NA	NA
NC_006461.1_449	425987	426793	807	1	0.704	11	GGAGG	NA	NA	NA	0	0	0	1	NA	NA	NA	NA	NA
NC_006461.1_450	426818	427267	450	1	0.713	11	None	NA	NA	NA	0	0	0	1	NA	NA	NA	NA	NA
NC_006461.1_451	427283	428407	1125	1	0.737	11	GGAGG	NA	NA	NA	0	0	0	1	NA	NA	NA	NA	NA
NC_006461.1_452	428440	429723	1284	1	0.735	11	GGA/GAG/AGG	NA	NA	NA	0	0	0	1	NA	NA	NA	NA	NA
NC_006461.1_453	429708	430334	627	1	0.742	11	AGGA/GGAG/GAGG	NA	NA	NA	0	0	0	1	NA	NA	NA	NA	NA
NC_006461.1_454	430338	431111	774	1	0.661	11	GGAGG	GENOMAD.145424.CP	4.179e-05	47	0	0	0	1	NA	NA	NA	PF01066;K17884;TIGR00473;COG0558	CDP-diacylglycerol--serine O-phosphatidyltransferase
NC_006461.1_455	431075	431485	411	1	0.674	11	None	NA	NA	NA	0	0	0	1	NA	NA	NA	NA	NA
NC_006461.1_456	431482	432186	705	1	0.685	11	GGAGG	NA	NA	NA	0	0	0	1	NA	NA	NA	NA	NA
NC_006461.1_457	432397	432588	192	1	0.646	11	AGGAG	GENOMAD.154688.CP	4.206e-34	124	0	0	0	1	NA	NA	NA	PF11127;COG5637	NA
NC_006461.1_458	432585	433115	531	1	0.704	11	None	GENOMAD.167994.CP	8.07e-107	340	0	0	0	1	NA	NA	NA	PF04167;K07586;COG3557	Uncharacterized protein associated with RNAses G and E,  UPF0374/DUF402 family
NC_006461.1_459	433112	433984	873	-1	0.700	11	GGAGG	NA	NA	NA	0	0	0	1	NA	NA	NA	NA	NA
NC_006461.1_460	434151	435158	1008	-1	0.682	11	None	NA	NA	NA	0	0	0	1	NA	NA	NA	NA	NA
NC_006461.1_461	435191	436222	1032	-1	0.704	11	AGGAGG	NA	NA	NA	0	0	0	1	NA	NA	NA	NA	NA
NC_006461.1_462	436289	436774	486	-1	0.712	11	AGGAG	NA	NA	NA	0	0	0	1	NA	NA	NA	NA	NA
NC_006461.1_463	436731	437279	549	-1	0.685	11	AGGAGG	GENOMAD.092618.PP	3.84e-101	324	0	0	0	1	NA	NA	NA	PF13737;COG5558	Transposase DDE domain
NC_006461.1_464	437374	439119	1746	1	0.640	11	GGAGG	NA	NA	NA	0	0	0	1	NA	NA	NA	NA	NA
NC_006461.1_465	439176	440159	984	1	0.644	11	GGA/GAG/AGG	GENOMAD.126117.CP	3.386e-05	48	0	0	0	1	NA	NA	NA	PF00528;K15581;COG0601;TIGR02789	ABC-type dipeptide/oligopeptide/nickel transport system, permease component
NC_006461.1_466	440167	441513	1347	1	0.679	11	AGGAG	NA	NA	NA	0	0	0	1	NA	NA	NA	NA	NA
NC_006461.1_467	441587	442609	1023	1	0.647	11	GGAGG	NA	NA	NA	0	0	0	1	NA	NA	NA	NA	NA
NC_006461.1_468	442606	443589	984	1	0.672	11	AGxAGG/AGGxGG	NA	NA	NA	0	0	0	1	NA	NA	NA	NA	NA
NC_006461.1_469	443648	444274	627	1	0.705	11	None	NA	NA	NA	0	0	0	1	NA	NA	NA	NA	NA
NC_006461.1_470	444268	445392	1125	1	0.691	11	None	NA	NA	NA	0	0	0	1	NA	NA	NA	NA	NA
NC_006461.1_471	445397	445594	198	1	0.672	11	None	GENOMAD.005173.CC	2.454e-25	99	0	0	0	1	NA	NA	NA	PF03658;COG2104;TIGR01682	Sulfur carrier protein ThiS (thiamine biosynthesis)
NC_006461.1_472	445596	446558	963	1	0.690	11	GGAGG	GENOMAD.084562.CP	1.799e-12	71	0	0	0	1	NA	NA	NA	PF16503;TIGR00269	TIGR00269 family protein
NC_006461.1_473	446574	449471	2898	-1	0.692	11	None	NA	NA	NA	0	0	0	1	NA	NA	NA	NA	NA
NC_006461.1_474	449475	450179	705	-1	0.705	11	GGAGG	NA	NA	NA	0	0	0	1	NA	NA	NA	NA	NA
NC_006461.1_475	450176	450460	285	-1	0.698	11	None	NA	NA	NA	0	0	0	1	NA	NA	NA	NA	NA
NC_006461.1_476	450566	452155	1590	1	0.686	11	None	NA	NA	NA	0	0	0	1	NA	NA	NA	NA	NA
NC_006461.1_477	452160	452798	639	1	0.715	11	None	GENOMAD.109687.CP	2.65e-06	50	0	0	0	1	NA	NA	NA	PF06859;TIGR01934;COG4627;K24451	ubiquinone/menaquinone biosynthesis methyltransferases
NC_006461.1_478	452795	453538	744	1	0.692	11	GGAG/GAGG	GENOMAD.169439.CP	5.526e-10	62	0	0	0	1	NA	NA	NA	PF07615;TIGR00106;COG0011;K24620	YKOF-related Family
NC_006461.1_479	453668	454999	1332	-1	0.701	11	GGxGG	GENOMAD.132540.CP	1.264e-18	92	0	0	0	1	NA	NA	NA	K03820;COG0815	Apolipoprotein N-acyltransferase
NC_006461.1_480	455069	455773	705	1	0.721	11	GGAG/GAGG	GENOMAD.154244.CP	1.023e-14	76	0	0	0	1	NA	NA	NA	TIGR00040;COG0622	phosphoesterase, MJ0936 family
NC_006461.1_481	455681	456814	1134	-1	0.722	11	GGAG/GAGG	NA	NA	NA	0	0	0	1	NA	NA	NA	NA	NA
NC_006461.1_482	456808	457200	393	-1	0.682	11	AGGAGG	GENOMAD.170555.CP	4.551e-06	47	0	0	0	1	NA	NA	NA	PF10130;TIGR00028;COG4113;K18828	toxin-antitoxin system PIN domain toxin
NC_006461.1_483	457179	457394	216	-1	0.657	11	GGA/GAG/AGG	GENOMAD.154136.PC	3.199e-18	79	0	0	0	1	NA	NA	NA	PF10047;COG4118;K19165;TIGR01552	Antitoxin component of toxin-antitoxin stability system, DNA-binding transcriptional repressor
NC_006461.1_484	457462	458460	999	1	0.715	11	3Base/5BMM	NA	NA	NA	0	0	0	1	NA	NA	NA	NA	NA
NC_006461.1_485	458492	459028	537	1	0.696	11	3Base/5BMM	GENOMAD.132698.CP	6.692e-06	48	0	0	0	1	NA	NA	NA	NA	NA
NC_006461.1_486	459060	460115	1056	1	0.705	11	GGAG/GAGG	GENOMAD.120716.CP	2.139e-120	389	0	0	0	1	NA	NA	NA	PF00291;COG0498;TIGR03844;K01754	Threonine synthase
NC_006461.1_487	460128	460436	309	1	0.696	11	None	NA	NA	NA	0	0	0	1	NA	NA	NA	NA	NA
NC_006461.1_488	460439	460735	297	1	0.684	11	AGGA	NA	NA	NA	0	0	0	1	NA	NA	NA	NA	NA
NC_006461.1_489	460708	461046	339	-1	0.696	11	GGAGG	NA	NA	NA	0	0	0	1	NA	NA	NA	NA	NA
NC_006461.1_490	461039	462466	1428	-1	0.704	11	GGAG/GAGG	GENOMAD.006982.CC	4.726e-44	171	0	0	0	1	NA	NA	NA	PF01591;K05715;COG2074;TIGR00017	2-phosphoglycerate kinase
NC_006461.1_491	462767	463156	390	1	0.662	11	None	GENOMAD.038938.CC	3.637e-51	177	0	0	0	1	NA	NA	NA	PF11497	NADH-quinone oxidoreductase chain 15
NC_006461.1_492	463159	464256	1098	-1	0.700	11	3Base/5BMM	NA	NA	NA	0	0	0	1	NA	NA	NA	NA	NA
NC_006461.1_493	464249	464647	399	-1	0.632	11	GGA/GAG/AGG	GENOMAD.147621.CP	1.193e-14	72	0	0	0	1	NA	NA	NA	PF14540;PF05168;COG2250	Nucleotidyltransferase-like; HEPN domain
NC_006461.1_494	464637	464954	318	-1	0.657	11	None	GENOMAD.158762.CP	1.245e-11	62	0	0	0	1	NA	NA	NA	PF01909;COG1669;TIGR03671	Predicted nucleotidyltransferase
NC_006461.1_495	464959	466179	1221	-1	0.708	11	GGA/GAG/AGG	NA	NA	NA	0	0	0	1	NA	NA	NA	NA	NA
NC_006461.1_496	466164	466556	393	-1	0.674	11	AGGAG	GENOMAD.153864.PC	1.789e-26	106	0	0	0	1	NA	NA	NA	PF01850;K19686;COG3742;TIGR00028	Uncharacterized protein, contains PIN domain
NC_006461.1_497	466556	466816	261	-1	0.636	11	None	GENOMAD.189692.PC	1.317e-33	124	0	0	0	1	NA	NA	NA	PF07704;COG4423	Rv0623-like transcription factor
NC_006461.1_498	466849	468057	1209	-1	0.703	11	AGGAG	GENOMAD.119344.CP	3.202e-51	190	0	0	0	1	NA	NA	NA	PF13484;PF02754;K11473;TIGR03379;COG0247	glycerol-3-phosphate dehydrogenase, anaerobic, C subunit
NC_006461.1_499	468110	469153	1044	-1	0.703	11	GGAGG	GENOMAD.127021.CP	5.16e-07	54	0	0	0	1	NA	NA	NA	PF18690;TIGR00387	glycolate oxidase, subunit GlcD
NC_006461.1_500	469140	470522	1383	-1	0.706	11	AGGAG	GENOMAD.127021.CP	4.263e-07	55	0	0	0	1	NA	NA	NA	PF18690;TIGR00387	glycolate oxidase, subunit GlcD
NC_006461.1_501	470584	472146	1563	-1	0.655	11	GGA/GAG/AGG	NA	NA	NA	0	0	0	1	NA	NA	NA	NA	NA
NC_006461.1_502	472245	473003	759	1	0.734	11	None	GENOMAD.123618.CP	9.138e-32	127	0	0	0	1	NA	NA	NA	PF01614;PF14277;K19333;COG1414;TIGR02431	DNA-binding transcriptional regulator, IclR family
NC_006461.1_503	473046	473747	702	1	0.665	11	AGGAG	GENOMAD.141423.CP	3.801e-07	53	0	0	0	1	NA	NA	NA	PF13171;TIGR02044;K19592;COG0789	Cu(I)-responsive transcriptional regulator
NC_006461.1_504	473807	475105	1299	1	0.712	11	GGA/GAG/AGG	NA	NA	NA	0	0	0	1	NA	NA	NA	NA	NA
NC_006461.1_505	475128	475457	330	-1	0.706	11	GGA/GAG/AGG	NA	NA	NA	0	0	0	1	NA	NA	NA	NA	NA
NC_006461.1_506	475498	476634	1137	-1	0.691	11	AGGAG	NA	NA	NA	0	0	0	1	NA	NA	NA	NA	NA
NC_006461.1_507	476688	477743	1056	-1	0.692	11	GGAGG	NA	NA	NA	0	0	0	1	NA	NA	NA	NA	NA
NC_006461.1_508	477740	478849	1110	-1	0.695	11	GGAGG	NA	NA	NA	0	0	0	1	NA	NA	NA	NA	NA
NC_006461.1_509	478846	479340	495	-1	0.709	11	None	NA	NA	NA	0	0	0	1	NA	NA	NA	NA	NA
NC_006461.1_510	479389	480345	957	1	0.695	11	GGxGG	GENOMAD.153811.CP	2.725e-101	332	0	0	0	1	NA	NA	NA	K07086;COG3329	NA
NC_006461.1_511	480349	480651	303	1	0.624	11	GGAGG	GENOMAD.168178.CP	1.308e-24	99	0	0	0	1	NA	NA	NA	PF11582;COG1993	PII-like signaling protein
NC_006461.1_512	480677	481213	537	-1	0.704	11	None	GENOMAD.126711.CP	6.403e-10	60	0	0	0	1	NA	NA	NA	PF09335;K03975;COG0586	Uncharacterized membrane protein DedA, SNARE-associated domain
NC_006461.1_513	481210	481902	693	-1	0.680	11	GGAGG	NA	NA	NA	0	0	0	1	NA	NA	NA	NA	NA
NC_006461.1_514	482059	482436	378	1	0.669	11	GGA/GAG/AGG	NA	NA	NA	0	0	0	1	NA	NA	NA	NA	NA
NC_006461.1_515	482455	484185	1731	1	0.686	11	GGAG/GAGG	NA	NA	NA	0	0	0	1	NA	NA	NA	NA	NA
NC_006461.1_516	484190	485071	882	1	0.747	11	None	GENOMAD.019837.CC	6.031e-34	135	0	0	0	1	NA	NA	NA	K09785;COG2380	NA
NC_006461.1_517	485068	486798	1731	1	0.685	11	AGGAG	NA	NA	NA	0	0	0	1	NA	NA	NA	NA	NA
NC_006461.1_518	486811	487860	1050	1	0.698	11	AGGA	GENOMAD.127113.CP	1.28e-27	118	0	0	0	1	NA	NA	NA	PF01571;K00282;TIGR00528;COG0404	glycine cleavage system T protein
NC_006461.1_519	487879	488265	387	1	0.659	11	GGAGG	NA	NA	NA	0	0	0	1	NA	NA	NA	NA	NA
NC_006461.1_520	488375	489691	1317	1	0.703	11	GGAG/GAGG	NA	NA	NA	0	0	0	1	NA	NA	NA	NA	NA
NC_006461.1_521	489688	491112	1425	1	0.680	11	AGGAG	NA	NA	NA	0	0	0	1	NA	NA	NA	NA	NA
NC_006461.1_522	491161	492045	885	-1	0.693	11	None	NA	NA	NA	0	0	0	1	NA	NA	NA	NA	NA
NC_006461.1_523	492023	492535	513	-1	0.659	11	None	NA	NA	NA	0	0	0	1	NA	NA	NA	NA	NA
NC_006461.1_524	492679	492873	195	1	0.718	11	3Base/5BMM	NA	NA	NA	0	0	0	1	NA	NA	NA	NA	NA
NC_006461.1_525	492900	493406	507	1	0.724	11	3Base/5BMM	GENOMAD.023297.CC	7.349e-104	331	0	0	0	1	NA	NA	NA	PF07823;COG1514;TIGR02258;K01975	2'-5' RNA ligase
NC_006461.1_526	493390	494217	828	-1	0.743	11	None	GENOMAD.170722.CP	3.479e-47	173	0	0	0	1	NA	NA	NA	PF06379;TIGR00776;K03298;COG2962	RhaT L-rhamnose-proton symporter family protein
NC_006461.1_527	494266	495537	1272	-1	0.664	11	GGAGG	GENOMAD.182050.VC	8.413e-12	70	0	0	0	1246	Caudoviricetes	NA	NA	PF12645;K03087;TIGR02997;COG0568	RNA polymerase sigma factor, cyanobacterial RpoD-like family
NC_006461.1_528	495541	496668	1128	-1	0.707	11	None	GENOMAD.092187.CP	8.952e-15	79	0	0	0	1	NA	NA	NA	PF05175;PF08468;K00564;COG2813;TIGR03704	16S rRNA G1207 methylase RsmC
NC_006461.1_529	496708	497976	1269	1	0.678	11	GGAGG	GENOMAD.115168.CP	5.278e-29	124	0	0	0	1	NA	NA	NA	PF00696;K00928;TIGR00657;COG0527	aspartate kinase
NC_006461.1_530	497976	498440	465	1	0.701	11	GGA/GAG/AGG	GENOMAD.177135.VC	0.0001894	43	0	0	0	1246	Caudoviricetes	NA	NA	NA	NA
NC_006461.1_531	498584	499567	984	-1	0.685	11	AGGAG	NA	NA	NA	0	0	0	1	NA	NA	NA	NA	NA
NC_006461.1_532	499582	500448	867	-1	0.690	11	GGAGG	GENOMAD.116234.CP	1.54e-22	101	0	0	0	1	NA	NA	NA	PF13607;PF03061;K01902;TIGR01019;COG0074	succinyl-CoA synthetase, alpha subunit
NC_006461.1_533	500445	501581	1137	-1	0.661	11	GGAGG	NA	NA	NA	0	0	0	1	NA	NA	NA	NA	NA
NC_006461.1_534	501638	502699	1062	1	0.721	11	GGA/GAG/AGG	GENOMAD.151468.CP	3.161e-77	264	0	0	0	1	NA	NA	NA	PF01861;PF20008;K07057;COG1568;TIGR00091	Predicted methyltransferase
NC_006461.1_535	502693	503703	1011	-1	0.708	11	GGAGG	GENOMAD.000430.CC	5.264e-61	216	1	0	0	1	NA	NA	NA	PF08745;TIGR03875;COG1855;K06865	RNA ligase partner, MJ_0950 family
NC_006461.1_536	503700	504971	1272	-1	0.736	11	None	NA	NA	NA	0	0	0	1	NA	NA	NA	NA	NA
NC_006461.1_537	504982	507192	2211	-1	0.694	11	GGAG/GAGG	GENOMAD.046845.VV	1.52e-16	87	0	0	0	1246	Caudoviricetes	NA	NA	PF10431	NA
NC_006461.1_538	507321	508841	1521	1	0.658	11	GGAGG	NA	NA	NA	0	0	0	1	NA	NA	NA	NA	NA
NC_006461.1_539	509022	509258	237	1	0.624	11	GGAG/GAGG	NA	NA	NA	0	0	0	1	NA	NA	NA	NA	NA
NC_006461.1_540	509255	510250	996	1	0.686	11	AGGAGG	NA	NA	NA	0	0	0	1	NA	NA	NA	NA	NA
NC_006461.1_541	510237	510944	708	-1	0.694	11	None	GENOMAD.092204.CP	9.262e-09	58	0	0	0	1	NA	NA	NA	PF06080;K06968;COG2933;TIGR01177	23S rRNA C2498 (ribose-2'-O)-methylase RlmM
NC_006461.1_542	510962	511273	312	1	0.692	11	3Base/5BMM	NA	NA	NA	0	0	0	1	NA	NA	NA	NA	NA
NC_006461.1_543	511266	511694	429	1	0.704	11	AGGAG	NA	NA	NA	0	0	0	1	NA	NA	NA	NA	NA
NC_006461.1_544	511785	513431	1647	-1	0.657	11	GGA/GAG/AGG	NA	NA	NA	0	0	0	1	NA	NA	NA	NA	NA
NC_006461.1_545	513445	514206	762	-1	0.694	11	None	NA	NA	NA	0	0	0	1	NA	NA	NA	NA	NA
NC_006461.1_546	514382	514816	435	1	0.639	11	AGxAG	NA	NA	NA	0	0	0	1	NA	NA	NA	NA	NA
NC_006461.1_547	514909	515106	198	1	0.626	11	GGAGG	GENOMAD.000807.CC	4.419e-06	44	1	0	0	1	NA	NA	NA	PF01632;COG0291;TIGR00001	Ribosomal protein L35
NC_006461.1_548	515118	515474	357	1	0.678	11	AGxAGG/AGGxGG	GENOMAD.080218.CV	3.564e-38	139	1	0	0	1	NA	NA	NA	PF00453;TIGR01032;K02887;COG0292	ribosomal protein L20
NC_006461.1_549	515517	515987	471	1	0.737	11	None	GENOMAD.107066.CP	3.861e-20	89	0	0	0	1246	Caudoviricetes	NA	NA	PF06695;COG2426	Putative small multi-drug export protein
NC_006461.1_550	515984	517645	1662	1	0.705	11	None	GENOMAD.107995.CP	1.384e-271	837	0	0	0	1	NA	NA	NA	PF12076;PF02660;K14330;COG5322;TIGR04058	Predicted amino acid dehydrogenase
NC_006461.1_551	517645	518322	678	1	0.717	11	GGxGG	GENOMAD.121824.CV	3.895e-14	74	0	0	0	1	NA	NA	NA	PF01048;K11783;TIGR03664;COG0775	futalosine hydrolase
NC_006461.1_552	518335	518949	615	-1	0.647	11	GGAGG	NA	NA	NA	0	0	0	1	NA	NA	NA	NA	NA
NC_006461.1_553	519024	520424	1401	-1	0.667	11	GGAGG	NA	NA	NA	0	0	0	1	NA	NA	NA	NA	NA
NC_006461.1_554	520477	521667	1191	1	0.700	11	None	NA	NA	NA	0	0	0	1	NA	NA	NA	NA	NA
NC_006461.1_555	521678	521986	309	-1	0.702	11	None	GENOMAD.093752.CP	6.854e-40	143	0	0	0	1	NA	NA	NA	PF04456;COG1550	Uncharacterized conserved protein YlxP, DUF503 family
NC_006461.1_556	522020	524488	2469	-1	0.709	11	None	GENOMAD.108626.CP	0.0	1463	0	0	0	1	NA	NA	NA	PF19143;PF08479;TIGR03303;COG4775;K07277	outer membrane protein assembly complex, YaeT protein
NC_006461.1_557	524534	525361	828	1	0.696	11	GGA/GAG/AGG	NA	NA	NA	0	0	0	1	NA	NA	NA	NA	NA
NC_006461.1_558	525391	526026	636	1	0.692	11	GGAGG	GENOMAD.113319.CP	9.614e-34	131	0	0	0	1	NA	NA	NA	PF01168;K06997;TIGR00044;COG0325	pyridoxal phosphate enzyme, YggS family
NC_006461.1_559	526035	526487	453	1	0.700	11	GGA/GAG/AGG	GENOMAD.095311.CV	1.282e-21	93	0	0	0	1	NA	NA	NA	PF05103;K04074;COG3599;TIGR03544	DivIVA protein
NC_006461.1_560	526448	526993	546	-1	0.707	11	GGA/GAG/AGG	GENOMAD.159882.CP	6.707e-11	63	0	0	0	1	NA	NA	NA	PF02698;K03748;COG2949	Uncharacterized periplasmic protein SanA, affects membrane permeability for vancomycin
NC_006461.1_561	527026	528678	1653	1	0.717	11	GGxGG	NA	NA	NA	0	0	0	1	NA	NA	NA	NA	NA
NC_006461.1_562	528666	528932	267	-1	0.697	11	None	GENOMAD.077197.CV	6.127e-12	62	0	0	0	1	NA	NA	NA	PF00708;COG1254;K04656;TIGR00143	Acylphosphatase
NC_006461.1_563	528992	537010	8019	1	0.746	11	None	GENOMAD.031005.CC	1.615e-66	255	0	0	0	1	NA	NA	NA	COG2911	Autotransporter translocation and assembly factor TamB
NC_006461.1_564	537023	538054	1032	1	0.705	11	None	NA	NA	NA	0	0	0	1	NA	NA	NA	NA	NA
NC_006461.1_565	538115	539152	1038	1	0.717	11	GGAGG	GENOMAD.117005.CP	1.12e-12	72	0	0	0	1	NA	NA	NA	PF07995;K21430;TIGR03606;COG2133	dehydrogenase, PQQ-dependent, s-GDH family
NC_006461.1_566	539138	539548	411	-1	0.701	11	None	NA	NA	NA	0	0	0	1	NA	NA	NA	NA	NA
NC_006461.1_567	539567	540475	909	1	0.717	11	None	NA	NA	NA	0	0	0	1	NA	NA	NA	NA	NA
NC_006461.1_568	540483	541898	1416	1	0.729	11	None	NA	NA	NA	0	0	0	1	NA	NA	NA	NA	NA
NC_006461.1_569	541898	542641	744	1	0.716	11	GGAGG	NA	NA	NA	0	0	0	1	NA	NA	NA	NA	NA
NC_006461.1_570	542643	543695	1053	1	0.734	11	GGAGG	GENOMAD.038751.CC	9.537e-19	91	0	0	0	1	NA	NA	NA	NA	NA
NC_006461.1_571	543673	544662	990	-1	0.723	11	AGGAG	GENOMAD.154877.CP	0.0002932	45	0	0	0	1	NA	NA	NA	PF04230;K16710;TIGR04006;COG2327	colanic acid biosynthesis pyruvyl transferase WcaK
NC_006461.1_572	544647	546347	1701	-1	0.710	11	GGA/GAG/AGG	GENOMAD.004756.CC	1.578e-294	904	0	0	0	1	NA	NA	NA	NA	NA
NC_006461.1_573	546344	546979	636	-1	0.698	11	None	NA	NA	NA	0	0	0	1	NA	NA	NA	NA	NA
NC_006461.1_574	547033	548163	1131	-1	0.671	11	GGAGG	GENOMAD.126777.CP	2.363e-34	139	0	0	0	1	NA	NA	NA	PF17912;PF03459;COG3585;TIGR00638	MalK OB fold domain; TOBE domain
NC_006461.1_575	548228	548776	549	-1	0.709	11	None	NA	NA	NA	0	0	0	1	NA	NA	NA	NA	NA
NC_006461.1_576	549131	550189	1059	1	0.698	11	None	GENOMAD.085122.CP	2.323e-42	162	0	0	0	1	NA	NA	NA	NA	NA
NC_006461.1_577	550152	550742	591	-1	0.716	11	None	NA	NA	NA	0	0	0	1	NA	NA	NA	NA	NA
NC_006461.1_578	550879	551445	567	1	0.711	11	GGA/GAG/AGG	NA	NA	NA	0	0	0	1	NA	NA	NA	NA	NA
NC_006461.1_579	551442	552509	1068	-1	0.706	11	AGGAG	GENOMAD.117063.CP	1.614e-52	192	0	0	0	1	NA	NA	NA	PF02653;K01998;COG0559;TIGR03727	Branched-chain amino acid ABC-type transport system, permease component
NC_006461.1_580	552511	554364	1854	-1	0.695	11	GGA/GAG/AGG	NA	NA	NA	0	0	0	1	NA	NA	NA	NA	NA
NC_006461.1_581	554371	555120	750	-1	0.683	11	GGAGG	NA	NA	NA	0	0	0	1	NA	NA	NA	NA	NA
NC_006461.1_582	555111	555887	777	-1	0.689	11	GGAG/GAGG	NA	NA	NA	0	0	0	1	NA	NA	NA	NA	NA
NC_006461.1_583	555887	556762	876	-1	0.710	11	GGAGG	GENOMAD.117142.CP	1.098e-49	181	0	0	0	1	NA	NA	NA	PF02653;K01997;COG4177;TIGR03622	ABC-type branched-chain amino acid transport system, permease component
NC_006461.1_584	556791	557975	1185	-1	0.686	11	AGGAG	GENOMAD.120516.CP	1.871e-08	59	0	0	0	1	NA	NA	NA	PF13433;K11959;TIGR03407;COG0683	Periplasmic binding protein domain
NC_006461.1_585	558173	559108	936	-1	0.699	11	GGAGG	NA	NA	NA	0	0	0	1	NA	NA	NA	NA	NA
NC_006461.1_586	559355	559921	567	-1	0.656	11	None	GENOMAD.128867.CP	1.455e-27	112	0	0	0	1	NA	NA	NA	PF00578;COG0450;TIGR02540;K02199	Alkyl hydroperoxide reductase subunit AhpC (peroxiredoxin)
NC_006461.1_587	559972	561048	1077	1	0.698	11	GGAGG	NA	NA	NA	0	0	0	1	NA	NA	NA	NA	NA
NC_006461.1_588	561045	562088	1044	-1	0.731	11	None	GENOMAD.141411.CP	1.065e-21	100	1	0	0	1	NA	NA	NA	PF10509;PF08544;K00849;TIGR00131;COG0153	galactokinase
NC_006461.1_589	562096	562941	846	-1	0.719	11	None	GENOMAD.127435.CP	1.021e-11	68	0	0	0	1	NA	NA	NA	PF01297;K02077;COG0803	ABC-type Zn uptake system ZnuABC, Zn-binding component ZnuA
NC_006461.1_590	563030	564691	1662	1	0.725	11	GGxGG	GENOMAD.001690.CC	3.046e-126	416	0	0	0	1	NA	NA	NA	PF20446;PF09818;COG3044;K06924;TIGR00972	Predicted ATPase of the ABC class
NC_006461.1_591	564724	566091	1368	-1	0.770	11	AGxAGG/AGGxGG	NA	NA	NA	0	0	0	1	NA	NA	NA	NA	NA
NC_006461.1_592	566153	567526	1374	-1	0.747	11	GGAGG	GENOMAD.132184.CP	5.577e-34	140	0	0	0	1	NA	NA	NA	PF01593;K00231;TIGR00562;COG1232	protoporphyrinogen oxidase
NC_006461.1_593	567514	568467	954	-1	0.697	11	AGGAG	GENOMAD.140428.CP	6.301e-24	106	0	0	0	1	NA	NA	NA	PF00762;K01772;COG0276;TIGR00109	Ferrochelatase
NC_006461.1_594	568464	569489	1026	-1	0.696	11	None	GENOMAD.119193.CP	1.311e-14	78	0	0	0	1	NA	NA	NA	PF01208;K14080;TIGR01463;COG0407	methyltransferase, MtaA/CmuA family
NC_006461.1_595	569503	570429	927	1	0.750	11	None	GENOMAD.119134.CP	1.049e-08	59	0	0	0	1	NA	NA	NA	PF13145;PF09312;K07533;TIGR04500;COG0760	putative peptide maturation system protein
NC_006461.1_596	570412	571260	849	-1	0.736	11	None	NA	NA	NA	0	0	0	1	NA	NA	NA	NA	NA
NC_006461.1_597	571337	572947	1611	-1	0.686	11	GGAGG	NA	NA	NA	0	0	0	1	NA	NA	NA	NA	NA
NC_006461.1_598	573218	574105	888	-1	0.689	11	GGAG/GAGG	GENOMAD.110118.CP	4.095e-85	284	0	0	0	1	NA	NA	NA	PF01040;K03179;TIGR01475;COG0109	putative 4-hydroxybenzoate polyprenyltransferase
NC_006461.1_599	574102	574452	351	-1	0.655	11	None	NA	NA	NA	0	0	0	1	NA	NA	NA	NA	NA
NC_006461.1_600	574551	575540	990	1	0.641	11	None	NA	NA	NA	0	0	0	1	NA	NA	NA	NA	NA
NC_006461.1_601	575671	577221	1551	-1	0.699	11	None	GENOMAD.133900.CV	4.914e-19	94	0	0	0	1246	Caudoviricetes	NA	NA	PF05833;PF05670;COG1293	Predicted component of the ribosome quality control (RQC) complex, YloA/Tae2 family, contains fibronectin-binding (FbpA) and DUF814 domains
NC_006461.1_602	577206	577973	768	-1	0.706	11	AGGAG	GENOMAD.086187.CP	3.303e-21	96	1	0	0	1	NA	NA	NA	PF08704;PF14801;COG2519;TIGR00537;K23095	tRNA methyltransferase complex GCD14 subunit; tRNA methyltransferase complex GCD14 subunit N-term
NC_006461.1_603	577994	578857	864	-1	0.744	11	3Base/5BMM	GENOMAD.136297.CP	5.262e-12	69	0	0	0	1	NA	NA	NA	PF01323;COG3917;K03673;TIGR01068	2-hydroxychromene-2-carboxylate isomerase
NC_006461.1_604	578854	579183	330	-1	0.685	11	GGA/GAG/AGG	GENOMAD.002141.CC	4.734e-39	141	0	0	0	1	NA	NA	NA	PF06153;COG3870	Cyclic-di-AMP receptor
NC_006461.1_605	579240	582386	3147	-1	0.682	11	None	NA	NA	NA	0	0	0	1	NA	NA	NA	NA	NA
NC_006461.1_606	582456	582731	276	1	0.696	11	GGA/GAG/AGG	GENOMAD.210319.CP	6.976e-12	62	0	0	0	1	NA	NA	NA	PF00581;TIGR02981;COG0607	phage shock operon rhodanese PspE
NC_006461.1_607	583009	584223	1215	1	0.696	11	GGAG/GAGG	GENOMAD.113306.CV	6.13e-94	315	1	0	0	1246	Caudoviricetes	NA	NA	PF05697;PF05698;K03545;TIGR00115;COG0544	trigger factor
NC_006461.1_608	584289	584873	585	1	0.658	11	AGGA	GENOMAD.096083.VP	9.235e-11	63	0	0	0	1246	Caudoviricetes	NA	NA	PF00574;K01358;TIGR00493;COG0740	ATP-dependent Clp endopeptidase, proteolytic subunit ClpP
NC_006461.1_609	584860	586059	1200	1	0.674	11	AGxAGG/AGGxGG	NA	NA	NA	0	0	0	1	NA	NA	NA	NA	NA
NC_006461.1_610	586086	587606	1521	-1	0.694	11	None	NA	NA	NA	0	0	0	1	NA	NA	NA	NA	NA
NC_006461.1_611	587649	591206	3558	1	0.690	11	None	GENOMAD.109935.CP	2.514e-05	51	0	0	0	1	NA	NA	NA	PF02310;PF02607;COG5012;TIGR02370;K14084	Methanogenic corrinoid protein MtbC1
NC_006461.1_612	591203	591724	522	-1	0.682	11	GGAG/GAGG	NA	NA	NA	0	0	0	1	NA	NA	NA	NA	NA
NC_006461.1_613	591749	593611	1863	1	0.717	11	None	NA	NA	NA	0	0	0	1	NA	NA	NA	NA	NA
NC_006461.1_614	593608	594348	741	1	0.729	11	GGAGG	GENOMAD.180280.CP	7.88e-63	217	0	0	0	1	NA	NA	NA	PF01063;TIGR03461;K02619;COG0115	aminodeoxychorismate lyase
NC_006461.1_615	594406	594873	468	1	0.656	11	GGAGG	GENOMAD.082822.CP	0.0001935	43	0	0	0	1	NA	NA	NA	PF01272;PF03449;TIGR01462;COG0782	transcription elongation factor GreA
NC_006461.1_616	594860	595525	666	-1	0.734	11	None	GENOMAD.008928.CC	2.584e-116	370	0	0	0	1	NA	NA	NA	PF13114;PF02565;K03584;TIGR00613;COG1381	DNA repair protein RecO
NC_006461.1_617	595548	595778	231	1	0.662	11	None	GENOMAD.047496.CC	4.469e-32	119	0	0	0	1	NA	NA	NA	NA	NA
NC_006461.1_618	595797	596555	759	1	0.705	11	None	GENOMAD.104169.CP	2.853e-59	207	0	0	0	1246	Caudoviricetes	NA	NA	PF13277;K09769;TIGR00282;COG1692	metallophosphoesterase, MG_246/BB_0505 family
NC_006461.1_619	596552	599128	2577	1	0.726	11	GGAGG	GENOMAD.136483.CP	2.945e-55	213	0	0	0	1	NA	NA	NA	PF00311;COG2352;TIGR02751	Phosphoenolpyruvate carboxylase
NC_006461.1_620	599221	599595	375	-1	0.597	11	GGxGG	NA	NA	NA	0	0	0	1	NA	NA	NA	NA	NA
NC_006461.1_621	599974	600135	162	1	0.617	11	None	GENOMAD.114693.CP	6.63e-11	57	0	0	0	1	NA	NA	NA	PF02416;TIGR01410;COG1826;K03117	twin arginine-targeting protein translocase TatB
NC_006461.1_622	600132	601199	1068	-1	0.707	11	AGGAGG	GENOMAD.126875.CP	1.29e-07	56	0	0	0	1	NA	NA	NA	PF13429;COG3063;TIGR02521;K02656	Tfp pilus assembly protein PilF
NC_006461.1_623	601219	602469	1251	-1	0.687	11	GGxGG	NA	NA	NA	0	0	0	1	NA	NA	NA	NA	NA
NC_006461.1_624	602466	603032	567	-1	0.700	11	None	GENOMAD.088456.CP	8.391e-53	185	0	0	0	1	NA	NA	NA	PF00227;K01419;TIGR03692;COG5405	ATP-dependent protease HslVU, peptidase subunit
NC_006461.1_625	603043	603411	369	-1	0.715	11	GGAGG	GENOMAD.152218.CP	1.737e-05	45	0	0	0	1	NA	NA	NA	PF14540;PF07106;COG1669;TIGR02698;K02171	Nucleotidyltransferase-like; TBPIP/Hop2 winged helix domain
NC_006461.1_626	603408	603824	417	-1	0.695	11	AGxAGG/AGGxGG	GENOMAD.154250.CP	1.556e-31	121	0	0	0	1	NA	NA	NA	PF05168;COG2250	HEPN domain
NC_006461.1_627	603865	605259	1395	1	0.700	11	None	GENOMAD.098838.CP	6.608e-113	373	0	0	0	1	NA	NA	NA	PF01078;K03405;COG1239;TIGR02442	Mg-chelatase subunit ChlI
NC_006461.1_628	605249	605551	303	1	0.696	11	GGA/GAG/AGG	GENOMAD.157928.CP	7.586e-07	48	0	0	0	1	NA	NA	NF012212	PF18765;COG1669	Predicted nucleotidyltransferase
NC_006461.1_629	605536	605922	387	1	0.654	11	GGAGG	NA	NA	NA	0	0	0	1	NA	NA	NA	NA	NA
NC_006461.1_630	605919	607142	1224	1	0.674	11	GGAGG	GENOMAD.106653.CP	4.746e-39	154	0	0	0	1	NA	NA	NA	PF05762;COG1240;TIGR03436;K13580	Mg-chelatase subunit ChlD
NC_006461.1_631	607142	607366	225	1	0.702	11	GGAGG	NA	NA	NA	0	0	0	1	NA	NA	NA	NA	NA
NC_006461.1_632	607363	607731	369	-1	0.672	11	AGGAG	GENOMAD.159870.CP	3.319e-07	50	0	0	0	1	NA	NA	NA	PF14540;COG1669;K17882	Nucleotidyltransferase-like
NC_006461.1_633	608059	609948	1890	-1	0.681	11	GGAGG	NA	NA	NA	0	0	0	1	NA	NA	NA	NA	NA
NC_006461.1_634	609961	611193	1233	-1	0.662	11	AGGA	NA	NA	NA	0	0	0	1	NA	NA	NA	NA	NA
NC_006461.1_635	611245	612339	1095	-1	0.689	11	AGGAG	GENOMAD.140485.CP	8.238e-29	122	0	0	0	1	NA	NA	NA	PF09314;K21365;TIGR03088;COG4671	Glycosyl transferase 4-like domain
NC_006461.1_636	612308	613513	1206	-1	0.499	11	AGxAGG/AGGxGG	NA	NA	NA	0	0	0	1	NA	NA	NA	NA	NA
NC_006461.1_637	613510	614562	1053	-1	0.575	11	AGGAG	GENOMAD.147027.CP	0.0006656	44	0	0	0	1	NA	NA	NA	PF11440;K20999;TIGR04063;COG0381	PEP-CTERM/exosortase A-associated glycosyltransferase, Daro_2409 family
NC_006461.1_638	614916	616040	1125	-1	0.534	11	GGAGG	GENOMAD.140605.CP	1.678e-08	59	0	0	0	1	NA	NA	NA	PF13528;TIGR04063;K03208;COG4671	PEP-CTERM/exosortase A-associated glycosyltransferase, Daro_2409 family
NC_006461.1_639	616031	617146	1116	-1	0.607	11	AGGAG	NA	NA	NA	0	0	0	1	NA	NA	NA	NA	NA
NC_006461.1_640	617153	618418	1266	-1	0.639	11	GGAGG	GENOMAD.182633.CP	3.061e-15	81	0	0	0	1	NA	NA	NA	COG4267	PelG component of the PelDEFG exopolysaccharide exporter
NC_006461.1_641	618424	619803	1380	-1	0.706	11	3Base/5BMM	NA	NA	NA	0	0	0	1	NA	NA	NA	NA	NA
NC_006461.1_642	619859	620125	267	1	0.693	11	AGxAG	NA	NA	NA	0	0	0	1	NA	NA	NA	NA	NA
NC_006461.1_643	620139	620633	495	1	0.707	11	GGA/GAG/AGG	NA	NA	NA	0	0	0	1	NA	NA	NA	NA	NA
NC_006461.1_644	620630	621226	597	-1	0.693	11	None	NA	NA	NA	0	0	0	1	NA	NA	NA	NA	NA
NC_006461.1_645	621300	622352	1053	1	0.716	11	GGA/GAG/AGG	GENOMAD.124342.CV	2.201e-06	52	0	0	0	1	NA	NA	NA	PF01883;TIGR02159;COG2151	phenylacetate-CoA oxygenase, PaaJ subunit
NC_006461.1_646	622356	622958	603	1	0.726	11	None	GENOMAD.151123.CP	1.046e-11	66	0	0	0	1	NA	NA	NA	PF03500;PF14557;K09012;TIGR02702;COG2345	iron-sulfur cluster biosynthesis transcriptional regulator SufR
NC_006461.1_647	622962	623726	765	1	0.731	11	None	GENOMAD.038936.CC	9.204e-33	130	0	0	0	1	NA	NA	NA	NA	NA
NC_006461.1_648	623728	624414	687	1	0.748	11	GGAGG	GENOMAD.059339.CP	1.173e-27	114	1	0	0	1	NA	NA	NA	PF04452;PF20260;COG1385;TIGR00046;K09761	16S rRNA U1498 N3-methylase RsmE
NC_006461.1_649	624411	624842	432	1	0.704	11	GGAGG	GENOMAD.047759.CC	2.491e-78	256	0	0	0	1	NA	NA	NA	NA	NA
NC_006461.1_650	624756	625679	924	-1	0.690	11	GGAG/GAGG	GENOMAD.132541.CP	1.893e-15	80	0	0	0	1	NA	NA	NA	PF01758;K24180;TIGR00946;COG0679	he Auxin Efflux Carrier (AEC) Family
NC_006461.1_651	625898	626692	795	1	0.694	11	3Base/5BMM	NA	NA	NA	0	0	0	1	NA	NA	NA	NA	NA
NC_006461.1_652	626633	627832	1200	-1	0.749	11	None	NA	NA	NA	0	0	0	1	NA	NA	NA	NA	NA
NC_006461.1_653	627905	628381	477	1	0.709	11	GGAGG	GENOMAD.170195.CP	2.372e-17	81	0	0	0	1	NA	NA	NA	PF14595;TIGR01295;COG0278	Thioredoxin
NC_006461.1_654	628449	631046	2598	1	0.727	11	GGA/GAG/AGG	NA	NA	NA	0	0	0	1	NA	NA	NA	NA	NA
NC_006461.1_655	631043	631951	909	-1	0.748	11	3Base/5BMM	NA	NA	NA	0	0	0	1	NA	NA	NA	NA	NA
NC_006461.1_656	632038	633078	1041	1	0.707	11	None	GENOMAD.143020.CP	1.551e-112	366	0	0	0	1	NA	NA	NA	PF00296;TIGR03858;COG2141;K14733	probable oxidoreductase, LLM family
NC_006461.1_657	633056	634105	1050	-1	0.693	11	GGAGG	GENOMAD.132884.CP	1.184e-23	106	0	0	0	1	NA	NA	NA	PF01747;PF14306;K00958;TIGR00339;COG2046	ATP sulphurylase
NC_006461.1_658	634108	634830	723	-1	0.722	11	AGxAGG/AGGxGG	NA	NA	NA	0	0	0	1	NA	NA	NA	NA	NA
NC_006461.1_659	634823	635563	741	-1	0.718	11	AGGAG	GENOMAD.147790.CP	5.139e-68	232	0	0	0	1	NA	NA	NA	COG0730;K07090	Uncharacterized membrane protein YfcA
NC_006461.1_660	635564	636232	669	-1	0.668	11	AGGAG	NA	NA	NA	0	0	0	1	NA	NA	NA	NA	NA
NC_006461.1_661	636220	636870	651	-1	0.691	11	AGGAGG	GENOMAD.126251.CP	6.539e-16	79	0	0	0	1	NA	NA	NA	PF06180;PF13241;COG4822;K24866;TIGR01470	Cobalamin biosynthesis protein CbiK, Co2+ chelatase
NC_006461.1_662	636867	637628	762	-1	0.698	11	AGGAG	GENOMAD.133698.CP	1.099e-41	156	0	0	0	1	NA	NA	NA	PF02602;K01719;COG1587;TIGR01481	Uroporphyrinogen-III synthase HemD
NC_006461.1_663	637640	639397	1758	-1	0.704	11	GGAGG	NA	NA	NA	0	0	0	1	NA	NA	NA	NA	NA
NC_006461.1_664	639461	639982	522	-1	0.747	11	GGxGG	NA	NA	NA	0	0	0	1	NA	NA	NA	NA	NA
NC_006461.1_665	640222	640842	621	1	0.717	11	AGxAGG/AGGxGG	NA	NA	NA	0	0	0	1	NA	NA	NA	NA	NA
NC_006461.1_666	640829	641023	195	1	0.656	11	GGAG/GAGG	GENOMAD.138227.CP	2.024e-12	62	0	0	0	1	NA	NA	NA	PF02597;COG2104;TIGR01683	Sulfur carrier protein ThiS (thiamine biosynthesis)
NC_006461.1_667	641049	641831	783	1	0.715	11	AGxAGG/AGGxGG	NA	NA	NA	0	0	0	1	NA	NA	NA	NA	NA
NC_006461.1_668	641845	642783	939	1	0.711	11	GGAGG	NA	NA	NA	0	0	0	1	NA	NA	NA	NA	NA
NC_006461.1_669	642770	644077	1308	1	0.668	11	GGxGG	NA	NA	NA	0	0	0	1	NA	NA	NA	NA	NA
NC_006461.1_670	644082	645383	1302	1	0.720	11	None	GENOMAD.168138.CP	5.424e-09	61	0	0	0	1	NA	NA	NF033135	PF01306;K08194;TIGR00903;COG2223	major facilitator 4 family protein
NC_006461.1_671	645380	646156	777	1	0.721	11	GGAGG	NA	NA	NA	0	0	0	1	NA	NA	NA	NA	NA
NC_006461.1_672	646209	646835	627	-1	0.707	11	AGGAG	NA	NA	NA	0	0	0	1	NA	NA	NA	NA	NA
NC_006461.1_673	646832	647983	1152	-1	0.778	11	None	NA	NA	NA	0	0	0	1	NA	NA	NA	NA	NA
NC_006461.1_674	648036	648413	378	-1	0.735	11	GGAGG	NA	NA	NA	0	0	0	1	NA	NA	NA	NA	NA
NC_006461.1_675	648410	648760	351	-1	0.704	11	GGxGG	NA	NA	NA	0	0	0	1	NA	NA	NA	NA	NA
NC_006461.1_676	648806	649612	807	-1	0.668	11	AGGAGG	NA	NA	NA	0	0	0	1	NA	NA	NA	NA	NA
NC_006461.1_677	649612	650355	744	-1	0.690	11	None	NA	NA	NA	0	0	0	1	NA	NA	NA	NA	NA
NC_006461.1_678	650304	650720	417	-1	0.659	11	None	NA	NA	NA	0	0	0	1	NA	NA	NA	NA	NA
NC_006461.1_679	650764	652008	1245	-1	0.678	11	GGAGG	GENOMAD.137011.CP	7.74e-17	86	0	0	0	1	NA	NA	NA	PF01547;K10232;TIGR03850;COG2182	carbohydrate ABC transporter substrate-binding protein, CPR_0540 family
NC_006461.1_680	651965	653026	1062	-1	0.741	11	GGA/GAG/AGG	NA	NA	NA	0	0	0	1	NA	NA	NA	NA	NA
NC_006461.1_681	653261	654415	1155	1	0.694	11	GGAGG	NA	NA	NA	0	0	0	1	NA	NA	NA	NA	NA
NC_006461.1_682	654426	655154	729	1	0.713	11	GGAGG	NA	NA	NA	0	0	0	1	NA	NA	NA	NA	NA
NC_006461.1_683	655126	655956	831	1	0.712	11	AGxAGG/AGGxGG	NA	NA	NA	0	0	0	1	NA	NA	NA	NA	NA
NC_006461.1_684	655953	656708	756	-1	0.690	11	AGGAG	NA	NA	NA	0	0	0	1	NA	NA	NA	NA	NA
NC_006461.1_685	656718	657422	705	-1	0.713	11	GGAGG	NA	NA	NA	0	0	0	1	NA	NA	NA	NA	NA
NC_006461.1_686	657419	657739	321	-1	0.685	11	GGAG/GAGG	NA	NA	NA	0	0	0	1	NA	NA	NA	NA	NA
NC_006461.1_687	657834	659786	1953	1	0.747	11	3Base/5BMM	NA	NA	NA	0	0	0	1	NA	NA	NA	NA	NA
NC_006461.1_688	659783	661990	2208	-1	0.682	11	GGA/GAG/AGG	GENOMAD.098179.CP	1.895e-10	67	0	0	0	1	NA	NA	NA	NA	NA
NC_006461.1_689	662078	662356	279	-1	0.738	11	3Base/5BMM	NA	NA	NA	0	0	0	1	NA	NA	NA	NA	NA
NC_006461.1_690	662361	664076	1716	-1	0.682	11	AGGAG	GENOMAD.000022.CC	2.685e-83	291	1	0	0	1246	Caudoviricetes	NA	NA	PF11987;PF14578;COG0532	Translation initiation factor IF-2, a GTPase
NC_006461.1_691	664045	664320	276	-1	0.692	11	None	GENOMAD.000609.CC	9.08e-17	76	0	0	0	1	NA	NA	NA	PF04296;COG2740	Predicted RNA-binding protein YlxR, DUF448 family
NC_006461.1_692	664317	665480	1164	-1	0.664	11	GGAGG	GENOMAD.000091.CC	4.572e-05	48	1	0	0	1	NA	NA	NA	PF13184;TIGR01952;COG0195	NusA family KH domain protein, archaeal
NC_006461.1_693	665497	665922	426	-1	0.700	11	GGAGG	GENOMAD.000102.CC	5.805e-18	82	1	0	0	1246	Caudoviricetes	NA	NA	PF02576;PF17384;K09748;COG0779	Ribosome maturation factor RimP
NC_006461.1_694	666522	667694	1173	1	0.708	11	GGAGG	NA	NA	NA	0	0	0	1	NA	NA	NA	NA	NA
NC_006461.1_695	667828	668709	882	1	0.679	11	GGAGG	NA	NA	NA	0	0	0	1	NA	NA	NA	NA	NA
NC_006461.1_696	668690	669061	372	1	0.702	11	AGGAG	NA	NA	NA	0	0	0	1	NA	NA	NA	NA	NA
NC_006461.1_697	669093	671147	2055	1	0.674	11	None	NA	NA	NA	0	0	0	1	NA	NA	NA	NA	NA
NC_006461.1_698	671192	671758	567	1	0.663	11	AGGA	NA	NA	NA	0	0	0	1	NA	NA	NA	NA	NA
NC_006461.1_699	671830	673146	1317	-1	0.684	11	GGA/GAG/AGG	NA	NA	NA	0	0	0	1	NA	NA	NA	NA	NA
NC_006461.1_700	673210	674025	816	-1	0.746	11	GGA/GAG/AGG	NA	NA	NA	0	0	0	1	NA	NA	NA	NA	NA
NC_006461.1_701	674040	674933	894	-1	0.743	11	GGxGG	NA	NA	NA	0	0	0	1	NA	NA	NA	NA	NA
NC_006461.1_702	674930	676672	1743	-1	0.697	11	GGA/GAG/AGG	GENOMAD.103290.CV	1.948e-16	86	0	0	0	1246	Caudoviricetes	NA	NA	PF02938	GAD domain
NC_006461.1_703	676697	677962	1266	-1	0.703	11	GGA/GAG/AGG	NA	NA	NA	0	0	0	1	NA	NA	NA	NA	NA
NC_006461.1_704	678007	678324	318	1	0.758	11	None	NA	NA	NA	0	0	0	1	NA	NA	NA	NA	NA
NC_006461.1_705	678371	678967	597	1	0.744	11	AGGAG	NA	NA	NA	0	0	0	1	NA	NA	NA	NA	NA
NC_006461.1_706	678779	679798	1020	-1	0.742	11	GGA/GAG/AGG	NA	NA	NA	0	0	0	1	NA	NA	NA	NA	NA
NC_006461.1_707	679768	680442	675	-1	0.713	11	GGA/GAG/AGG	NA	NA	NA	0	0	0	1	NA	NA	NA	NA	NA
NC_006461.1_708	680442	681311	870	-1	0.711	11	AGGAG	GENOMAD.133765.CP	1.487e-26	113	0	0	0	1	NA	NA	NA	PF13531;K02020;TIGR01256;COG4588	molybdenum ABC transporter, periplasmic molybdate-binding protein
NC_006461.1_709	681470	682087	618	-1	0.665	11	None	GENOMAD.028009.VV	5.062e-15	76	0	0	0	1246	Caudoviricetes	NA	NA	PF16265;K21929;TIGR03914;COG1573	uracil-DNA glycosylase family domain
NC_006461.1_710	682084	682452	369	-1	0.691	11	AGGAGG	GENOMAD.027252.CC	8.008e-64	213	0	0	0	1	NA	NA	NA	NA	NA
NC_006461.1_711	682532	683596	1065	1	0.751	11	None	NA	NA	NA	0	0	0	1	NA	NA	NA	NA	NA
NC_006461.1_712	683597	684163	567	1	0.737	11	GGA/GAG/AGG	GENOMAD.038932.CC	5.259e-20	90	0	0	0	1	NA	NA	NA	PF11306	NA
NC_006461.1_713	684200	685438	1239	1	0.738	11	None	NA	NA	NA	0	0	0	1	NA	NA	NA	NA	NA
NC_006461.1_714	685435	686232	798	1	0.687	11	GGA/GAG/AGG	GENOMAD.126736.CP	1.207e-146	460	0	0	0	1	NA	NA	NA	PF01497;TIGR04281;COG4558;K02016	putative ABC transporter PGF-CTERM-modified substrate-binding protein
NC_006461.1_715	686268	687572	1305	1	0.608	11	None	NA	NA	NA	0	0	0	1	NA	NA	NA	NA	NA
NC_006461.1_716	687608	688753	1146	1	0.732	11	GGA/GAG/AGG	NA	NA	NA	0	0	0	1	NA	NA	NA	NA	NA
NC_006461.1_717	689072	691780	2709	-1	0.666	11	AGGAG	NA	NA	NA	0	0	0	1	NA	NA	NA	NA	NA
NC_006461.1_718	691886	692239	354	-1	0.709	11	None	NA	NA	NA	0	0	0	1	NA	NA	NA	NA	NA
NC_006461.1_719	692244	692990	747	-1	0.734	11	AGxAGG/AGGxGG	NA	NA	NA	0	0	0	1	NA	NA	NA	NA	NA
NC_006461.1_720	692987	696286	3300	-1	0.713	11	GGAGG	NA	NA	NA	0	0	0	1	NA	NA	NA	NA	NA
NC_006461.1_721	696283	697461	1179	-1	0.750	11	GGAG/GAGG	NA	NA	NA	0	0	0	1	NA	NA	NA	NA	NA
NC_006461.1_722	697465	698436	972	-1	0.727	11	GGAGG	GENOMAD.161369.CP	4.828e-151	476	0	0	0	1	NA	NA	NA	PF02321;TIGR01844;K12340;COG1538	type I secretion outer membrane protein, TolC family
NC_006461.1_723	698433	699698	1266	-1	0.716	11	GGAGG	GENOMAD.132285.CP	3.971e-17	87	0	0	0	1	NA	NA	NA	PF02321;TIGR01845;K12340;COG1538	efflux transporter, outer membrane factor (OMF) lipoprotein, NodT family
NC_006461.1_724	699691	700125	435	-1	0.706	11	None	GENOMAD.170552.CP	2.777e-08	54	0	0	0	1	NA	NA	NA	PF14557;K22489;TIGR04472;COG5631	mobile rSAM pair MarR family regulator
NC_006461.1_725	700284	701621	1338	1	0.666	11	GGA/GAG/AGG	NA	NA	NA	0	0	0	1	NA	NA	NA	NA	NA
NC_006461.1_726	701602	701976	375	1	0.709	11	GGxGG	NA	NA	NA	0	0	0	1	NA	NA	NA	NA	NA
NC_006461.1_727	701973	702647	675	-1	0.726	11	AGGAGG	GENOMAD.055506.CC	8.361e-122	386	0	0	0	1	NA	NA	NA	PF03168;COG5608	LEA14-like dessication related protein
NC_006461.1_728	702635	703486	852	-1	0.704	11	GGAGG	NA	NA	NA	0	0	0	1	NA	NA	NA	NA	NA
NC_006461.1_729	703483	705408	1926	-1	0.740	11	None	GENOMAD.047492.CC	4.116e-321	985	0	0	0	1	NA	NA	NA	NA	NA
NC_006461.1_730	705426	706088	663	1	0.688	11	None	NA	NA	NA	0	0	0	1	NA	NA	NA	NA	NA
NC_006461.1_731	706136	707113	978	-1	0.733	11	GGxGG	NA	NA	NA	0	0	0	1	NA	NA	NA	NA	NA
NC_006461.1_732	707097	708920	1824	-1	0.673	11	GGAGG	NA	NA	NA	0	0	0	1	NA	NA	NA	NA	NA
NC_006461.1_733	708973	710289	1317	-1	0.692	11	GGAG/GAGG	GENOMAD.220691.CP	6.46e-196	612	0	0	0	1	NA	NA	NA	PF10131;K20328;TIGR03663;COG4745	6-pyruvoyl-tetrahydropterin synthase related domain; membrane protein
NC_006461.1_734	710243	712102	1860	-1	0.642	11	AGxAGG/AGGxGG	GENOMAD.113300.CP	9.913e-09	61	0	0	0	1	NA	NA	NA	PF05157;K02652;TIGR02538;COG2804	type IV-A pilus assembly ATPase PilB
NC_006461.1_735	712089	712469	381	-1	0.703	11	None	NA	NA	NA	0	0	0	1	NA	NA	NA	NA	NA
NC_006461.1_736	712509	714065	1557	-1	0.689	11	None	GENOMAD.031923.CC	2.441e-256	791	0	0	0	1	NA	NA	NA	PF03170;K20541	Bacterial cellulose synthase subunit
NC_006461.1_737	714458	715312	855	1	0.683	11	GGAGG	GENOMAD.121023.CP	3.974e-37	144	0	0	0	1	NA	NA	NA	PF01497;K06858;TIGR03659;COG4558	heme ABC transporter, heme-binding protein isdE
NC_006461.1_738	715309	716337	1029	1	0.741	11	3Base/5BMM	NA	NA	NA	0	0	0	1	NA	NA	NA	NA	NA
NC_006461.1_739	716324	717076	753	1	0.714	11	GGAGG	NA	NA	NA	0	0	0	1	NA	NA	NA	NA	NA
NC_006461.1_740	717057	717389	333	1	0.712	11	GGAGG	NA	NA	NA	0	0	0	1	NA	NA	NA	NA	NA
NC_006461.1_741	717429	718166	738	1	0.698	11	GGAGG	NA	NA	NA	0	0	0	1	NA	NA	NA	NA	NA
NC_006461.1_742	718274	718549	276	1	0.663	11	GGA/GAG/AGG	NA	NA	NA	0	0	0	1	NA	NA	NA	NA	NA
NC_006461.1_743	718549	719715	1167	1	0.709	11	GGAG/GAGG	NA	NA	NA	0	0	0	1	NA	NA	NA	NA	NA
NC_006461.1_744	719697	720299	603	-1	0.713	11	GGA/GAG/AGG	NA	NA	NA	0	0	0	1	NA	NA	NA	NA	NA
NC_006461.1_745	720304	720963	660	-1	0.720	11	None	GENOMAD.126067.CP	9.889e-26	108	0	0	0	1	NA	NA	NA	PF02742;PF04023;PF18357;PF16365;K03709;COG1321;TIGR04472	Iron dependent repressor, metal binding and dimerisation domain; FeoA domain; Diphteria toxin repressor SH3 domain; Ethanolamine utilization protein EutK C-terminus
NC_006461.1_746	720987	722561	1575	1	0.711	11	GGA/GAG/AGG	NA	NA	NA	0	0	0	1	NA	NA	NA	NA	NA
NC_006461.1_747	722571	723764	1194	1	0.720	11	None	GENOMAD.157863.CP	2.917e-66	234	0	0	0	1	NA	NA	NF033103	PF13354;PF18042;COG2367;K17836	Beta-lactamase class A
NC_006461.1_748	723761	724339	579	-1	0.715	11	None	NA	NA	NA	0	0	0	1	NA	NA	NA	NA	NA
NC_006461.1_749	724526	725422	897	-1	0.681	11	GGA/GAG/AGG	NA	NA	NA	0	0	0	1	NA	NA	NA	NA	NA
NC_006461.1_750	725447	726589	1143	-1	0.708	11	AGGAG	NA	NA	NA	0	0	0	1	NA	NA	NA	NA	NA
NC_006461.1_751	726586	727851	1266	-1	0.679	11	AGGAG	NA	NA	NA	0	0	0	1	NA	NA	NA	NA	NA
NC_006461.1_752	728184	728594	411	-1	0.693	11	AGxAGG/AGGxGG	NA	NA	NA	0	0	0	1	NA	NA	NA	NA	NA
NC_006461.1_753	728604	729299	696	-1	0.726	11	AGGA	NA	NA	NA	0	0	0	1	NA	NA	NA	NA	NA
NC_006461.1_754	729310	730401	1092	-1	0.702	11	None	NA	NA	NA	0	0	0	1	NA	NA	NA	NA	NA
NC_006461.1_755	730398	731459	1062	-1	0.664	11	AGGAG	GENOMAD.161709.CV	6.757e-171	535	0	0	0	1	NA	NA	NA	PF00596;COG0235;TIGR03328;K22130	Ribulose-5-phosphate 4-epimerase/Fuculose-1-phosphate aldolase
NC_006461.1_756	731505	732497	993	1	0.736	11	None	NA	NA	NA	0	0	0	1	NA	NA	NA	NA	NA
NC_006461.1_757	732580	733665	1086	1	0.612	11	AGxAGG/AGGxGG	NA	NA	NA	0	0	0	1	NA	NA	NA	NA	NA
NC_006461.1_758	733670	734182	513	1	0.626	11	None	GENOMAD.129471.CP	1.136e-09	59	0	0	0	1	NA	NA	NA	PF04290;COG4665;K11689	TRAP-type mannitol/chloroaromatic compound transport system, small permease component
NC_006461.1_759	734172	735485	1314	1	0.635	11	GGxGG	GENOMAD.143046.CP	0.0002288	46	0	0	0	1	NA	NA	NA	COG4664	TRAP-type mannitol/chloroaromatic compound transport system, large permease component
NC_006461.1_760	735482	736483	1002	-1	0.749	11	None	NA	NA	NA	0	0	0	1	NA	NA	NA	NA	NA
NC_006461.1_761	736488	738875	2388	-1	0.682	11	GGA/GAG/AGG	NA	NA	NA	0	0	0	1	NA	NA	NA	NA	NA
NC_006461.1_762	738995	740674	1680	-1	0.667	11	GGAGG	NA	NA	NA	0	0	0	1	NA	NA	NA	NA	NA
NC_006461.1_763	740844	741653	810	1	0.721	11	GGAGG	NA	NA	NA	0	0	0	1	NA	NA	NA	NA	NA
NC_006461.1_764	741705	742448	744	1	0.653	11	AGGAG	NA	NA	NA	0	0	0	1	NA	NA	NA	NA	NA
NC_006461.1_765	742460	743146	687	1	0.651	11	AGGAG	NA	NA	NA	0	0	0	1	NA	NA	NA	NA	NA
NC_006461.1_766	743204	743986	783	1	0.709	11	None	GENOMAD.180824.CP	3.812e-15	78	0	0	0	1	NA	NA	NA	PF06030;PF11797;COG3121;K07346	P pilus assembly protein, chaperone PapD
NC_006461.1_767	743998	744471	474	1	0.673	11	AGGAG	NA	NA	NA	0	0	0	1	NA	NA	NA	NA	NA
NC_006461.1_768	744473	747337	2865	1	0.696	11	None	NA	NA	NA	0	0	0	1	NA	NA	NA	NA	NA
NC_006461.1_769	747340	747861	522	-1	0.720	11	None	NA	NA	NA	0	0	0	1	NA	NA	NA	NA	NA
NC_006461.1_770	747888	748928	1041	1	0.695	11	None	NA	NA	NA	0	0	0	1	NA	NA	NA	NA	NA
NC_006461.1_771	748984	749463	480	-1	0.667	11	None	NA	NA	NA	0	0	0	1	NA	NA	NA	NA	NA
NC_006461.1_772	749468	750748	1281	-1	0.714	11	GGAGG	GENOMAD.068077.CP	1.265e-09	63	0	0	0	1	NA	NA	NA	PF12890;K01465;TIGR00857;COG0044	dihydroorotase, multifunctional complex type
NC_006461.1_773	750745	751653	909	-1	0.697	11	GGAGG	NA	NA	NA	0	0	0	1	NA	NA	NA	NA	NA
NC_006461.1_774	751650	752195	546	-1	0.681	11	GGAGG	GENOMAD.000141.CC	1.177e-45	164	0	0	0	1	NA	NA	NA	NA	NA
NC_006461.1_775	752396	752569	174	-1	0.672	11	None	GENOMAD.181195.CP	6.382e-13	63	0	0	0	1	NA	NA	NA	PF03779	SPW repeat
NC_006461.1_776	752627	753364	738	-1	0.703	11	None	GENOMAD.137002.CP	5.762e-12	68	0	0	0	1	NA	NA	NA	COG0730	Uncharacterized membrane protein YfcA
NC_006461.1_777	753370	754305	936	-1	0.710	11	None	NA	NA	NA	0	0	0	1	NA	NA	NA	NA	NA
NC_006461.1_778	754329	754445	117	-1	0.692	11	None	NA	NA	NA	0	0	0	1	NA	NA	NA	NA	NA
NC_006461.1_779	754477	755355	879	-1	0.714	11	GGA/GAG/AGG	GENOMAD.124227.CV	7.194e-07	53	0	0	0	1	NA	NA	NA	PF06144;PF14840;TIGR01128;K02340;COG1466	DNA polymerase III, delta subunit
NC_006461.1_780	755390	756547	1158	-1	0.687	11	None	NA	NA	NA	0	0	0	1	NA	NA	NA	NA	NA
NC_006461.1_781	756557	757174	618	-1	0.728	11	GGxGG	GENOMAD.151913.CP	1.563e-23	101	0	0	0	1	NA	NA	NA	PF13420;COG1670;TIGR02382;K06977	Protein N-acetyltransferase, RimJ/RimL family
NC_006461.1_782	757325	758299	975	1	0.717	11	GGAG/GAGG	NA	NA	NA	0	0	0	1	NA	NA	NA	NA	NA
NC_006461.1_783	758243	758776	534	-1	0.723	11	None	NA	NA	NA	0	0	0	1	NA	NA	NA	NA	NA
NC_006461.1_784	758780	759304	525	-1	0.703	11	GGAGG	NA	NA	NA	0	0	0	1	NA	NA	NA	NA	NA
NC_006461.1_785	759366	760586	1221	1	0.666	11	None	GENOMAD.117243.CP	9.752e-34	138	0	0	0	1	NA	NA	NA	PF00482;K02455;TIGR02120;COG1459	type II secretion system protein F
NC_006461.1_786	760561	761013	453	-1	0.660	11	None	GENOMAD.115277.CP	8.774e-35	131	0	0	0	1	NA	NA	NA	PF01878;COG2947	Predicted RNA-binding protein, contains PUA-like domain
NC_006461.1_787	761094	761549	456	1	0.649	11	GGAG/GAGG	NA	NA	NA	0	0	0	1	NA	NA	NA	NA	NA
NC_006461.1_788	761564	762919	1356	1	0.732	11	GGA/GAG/AGG	NA	NA	NA	0	0	0	1	NA	NA	NA	NA	NA
NC_006461.1_789	762972	763922	951	1	0.717	11	AGGAG(G)/GGAGG	NA	NA	NA	0	0	0	1	NA	NA	NA	NA	NA
NC_006461.1_790	763907	764986	1080	-1	0.717	11	None	GENOMAD.107160.CP	5.267e-73	252	0	0	0	1	NA	NA	NA	PF20463;PF02153;PF00585;K00220;TIGR01327;COG0287	D-3-phosphoglycerate dehydrogenase
NC_006461.1_791	764983	766017	1035	-1	0.699	11	GGAGG	GENOMAD.003596.CC	0.0001553	46	0	0	0	1	NA	NA	NA	PF18152	DAHP synthase ferredoxin-like domain
NC_006461.1_792	766158	766931	774	-1	0.691	11	GGxGG	GENOMAD.160951.CP	3.542e-20	93	0	0	0	1	NA	NA	NA	PF12681;PF14507;K07104;TIGR03211;COG2514	catechol 2,3 dioxygenase
NC_006461.1_793	766931	767467	537	-1	0.672	11	AGGAG	GENOMAD.137611.CP	2.357e-15	76	0	0	0	1	NA	NA	NA	PF04264;COG2353	Polyisoprenoid-binding periplasmic protein YceI
NC_006461.1_794	767533	768348	816	-1	0.688	11	GGxGG	GENOMAD.000818.CC	2.449e-124	396	0	0	0	1	NA	NA	NA	PF02621;K11782;COG1427;TIGR01729	Menaquinone biosynthesis
NC_006461.1_795	768345	769463	1119	-1	0.664	11	AGxAG	NA	NA	NA	0	0	0	1	NA	NA	NA	NA	NA
NC_006461.1_796	769474	770139	666	-1	0.698	11	None	NA	NA	NA	0	0	0	1	NA	NA	NA	NA	NA
NC_006461.1_797	770139	770579	441	-1	0.655	11	None	GENOMAD.171010.CP	3.089e-69	230	0	0	0	1	NA	NA	NA	PF03350;COG2862;TIGR00645	Uncharacterized membrane protein YqhA
NC_006461.1_798	770589	771623	1035	-1	0.715	11	GGAG/GAGG	NA	NA	NA	0	0	0	1	NA	NA	NA	NA	NA
NC_006461.1_799	771716	772249	534	1	0.706	11	None	GENOMAD.094946.CP	1.474e-75	250	0	0	0	1	NA	NA	NA	PF02660;COG0344;TIGR00023;K08591	Glycerol-3-phosphate acyltransferase
NC_006461.1_800	772259	773053	795	1	0.692	11	AGxAGG/AGGxGG	GENOMAD.146608.CP	2.147e-05	48	0	0	0	1	NA	NA	NA	PF10370;TIGR02303;COG3802;K20758	4-hydroxyphenylacetate degradation bifunctional isomerase/decarboxylase, C-terminal subunit
NC_006461.1_801	773047	773946	900	1	0.720	11	AGGAG	GENOMAD.140931.CP	7.731e-32	129	0	0	0	1	NA	NA	NF033105	PF19583;K20257;TIGR04558;COG0426	quinoprotein relay system zinc metallohydrolase 1
NC_006461.1_802	773947	774834	888	1	0.743	11	GGAGG	GENOMAD.136363.CV	1.323e-12	71	0	0	0	1	NA	NA	NA	PF00551;K11175;COG0788;TIGR00655	Formyltetrahydrofolate hydrolase
NC_006461.1_803	774831	776084	1254	1	0.720	11	None	NA	NA	NA	0	0	0	1	NA	NA	NA	NA	NA
NC_006461.1_804	776074	777948	1875	-1	0.729	11	GGAGG	NA	NA	NA	0	0	0	1	NA	NA	NA	NA	NA
NC_006461.1_805	777945	778307	363	-1	0.708	11	GGAGG	GENOMAD.138356.CP	7.406e-06	46	0	0	0	1	NA	NA	NA	PF00072;K11443;TIGR02875;COG4567	sporulation transcription factor Spo0A
NC_006461.1_806	778279	780780	2502	-1	0.733	11	GGA/GAG/AGG	GENOMAD.142301.CP	1.691e-108	375	0	0	0	1	NA	NA	NA	PF00474;PF05763;K14392;COG0591	Na+/proline symporter
NC_006461.1_807	780777	780953	177	-1	0.655	11	None	GENOMAD.029758.CC	1.921e-24	96	0	0	0	1	NA	NA	NA	NA	NA
NC_006461.1_808	780950	782626	1677	-1	0.738	11	GGAGG	GENOMAD.123850.CP	1.311e-69	250	0	0	0	1	NA	NA	NA	PF10335;PF03445;PF00571;K07182;COG2905;TIGR01693	Signal-transduction protein containing cAMP-binding, CBS, and nucleotidyltransferase domains
NC_006461.1_809	782679	783032	354	-1	0.675	11	None	GENOMAD.055785.CC	2.277e-26	105	0	0	0	1	NA	NA	NA	NA	NA
NC_006461.1_810	783087	784760	1674	-1	0.670	11	AGGAG	GENOMAD.116898.CP	2.56e-257	796	0	0	0	1	NA	NA	NA	K14393;COG4147	Na+(or H+)/acetate symporter ActP
NC_006461.1_811	784770	785027	258	-1	0.647	11	GGAGG	GENOMAD.145264.CP	3.855e-15	71	0	0	0	1	NA	NA	NA	PF13937;COG4327;TIGR03647	putative solute:sodium symporter small subunit
NC_006461.1_812	785317	786051	735	-1	0.678	11	GGA/GAG/AGG	NA	NA	NA	0	0	0	1	NA	NA	NA	NA	NA
NC_006461.1_813	786020	787552	1533	-1	0.695	11	GGA/GAG/AGG	NA	NA	NA	0	0	0	1	NA	NA	NA	NA	NA
NC_006461.1_814	787610	788245	636	-1	0.703	11	GGA/GAG/AGG	GENOMAD.136297.CP	2.846e-13	71	0	0	0	1	NA	NA	NA	PF01323;COG3917;K03673;TIGR01068	2-hydroxychromene-2-carboxylate isomerase
NC_006461.1_815	788376	789320	945	-1	0.656	11	AGGAGG	GENOMAD.028978.CC	2.731e-23	104	0	0	0	1	NA	NA	NA	PF17284;K24034;TIGR00417	Spermidine synthase tetramerisation domain
NC_006461.1_816	789332	789733	402	-1	0.687	11	GGA/GAG/AGG	NA	NA	NA	0	0	0	1	NA	NA	NA	NA	NA
NC_006461.1_817	789776	792379	2604	-1	0.725	11	3Base/5BMM	NA	NA	NA	0	0	0	1	NA	NA	NA	NA	NA
NC_006461.1_818	792420	792911	492	-1	0.675	11	3Base/5BMM	GENOMAD.133061.CP	6.386e-78	256	0	0	0	1	NA	NA	NA	PF03938;COG2825;K06142	Periplasmic chaperone for outer membrane proteins, Skp family
NC_006461.1_819	793009	793455	447	1	0.709	11	GGAGG	GENOMAD.047497.CC	2.245e-65	219	0	0	0	1	NA	NA	NA	NA	NA
NC_006461.1_820	793544	794176	633	1	0.692	11	AGGAG	GENOMAD.016221.CC	1.242e-29	119	0	0	0	1	NA	NA	NA	PF00585;COG2061;TIGR00119	Uncharacterized conserved protein, contains ACT domain
NC_006461.1_821	794184	795803	1620	-1	0.743	11	None	NA	NA	NA	0	0	0	1	NA	NA	NA	NA	NA
NC_006461.1_822	796047	798503	2457	1	0.737	11	GGA/GAG/AGG	NA	NA	NA	0	0	0	1	NA	NA	NA	NA	NA
NC_006461.1_823	798478	799083	606	1	0.700	11	None	GENOMAD.101093.CP	1.63e-111	355	0	0	0	1	NA	NA	NA	COG1994;K06402	Zn-dependent protease (includes SpoIVFB)
NC_006461.1_824	799080	799739	660	1	0.676	11	None	GENOMAD.101093.CP	2.56e-22	98	0	0	0	1	NA	NA	NA	COG1994;K06402	Zn-dependent protease (includes SpoIVFB)
NC_006461.1_825	799876	800688	813	-1	0.711	11	GGA/GAG/AGG	NA	NA	NA	0	0	0	1	NA	NA	NA	NA	NA
NC_006461.1_826	800714	801466	753	-1	0.683	11	GGA/GAG/AGG	GENOMAD.137002.CP	9.013e-06	49	0	0	0	1	NA	NA	NA	COG0730	Uncharacterized membrane protein YfcA
NC_006461.1_827	801468	802124	657	-1	0.689	11	AGGAG	GENOMAD.137695.CP	7.139e-10	61	0	0	0	1	NA	NA	NA	PF00581;TIGR02981;K02439;COG0607	phage shock operon rhodanese PspE
NC_006461.1_828	802182	803618	1437	-1	0.705	11	GGAGG	GENOMAD.160299.CP	4.541e-07	55	0	0	0	1	NA	NA	NA	PF00581;K02439;TIGR03865;COG2603	PQQ-dependent catabolism-associated CXXCW motif protein
NC_006461.1_829	803788	804477	690	1	0.671	11	GGAGG	GENOMAD.002590.CC	1.709e-20	93	0	0	0	1	NA	NA	NA	PF07689;TIGR00411	small redox-active disulfide protein 1
NC_006461.1_830	804479	804892	414	1	0.715	11	None	GENOMAD.012766.CC	2.66e-05	45	0	0	0	1	NA	NA	NA	PF00581;PF16339;TIGR03865;COG0607;K02439	PQQ-dependent catabolism-associated CXXCW motif protein
NC_006461.1_831	804892	805683	792	1	0.682	11	None	GENOMAD.129491.CP	4.412e-05	47	0	0	0	1	NA	NA	NA	PF00578;TIGR01626;COG3054;K02199	conserved hypothetical protein YtfJ-family, TIGR01626
NC_006461.1_832	805680	807050	1371	-1	0.683	11	GGAGG	NA	NA	NA	0	0	0	1	NA	NA	NA	NA	NA
NC_006461.1_833	807052	808107	1056	-1	0.697	11	GGAG/GAGG	NA	NA	NA	0	0	0	1	NA	NA	NA	NA	NA
NC_006461.1_834	808109	810115	2007	-1	0.642	11	AGGAG	NA	NA	NA	0	0	0	1	NA	NA	NA	NA	NA
NC_006461.1_835	810227	810775	549	-1	0.716	11	None	GENOMAD.197169.CP	1.549e-05	47	0	0	0	1	NA	NA	NA	PF02517	Type II CAAX prenyl endopeptidase Rce1-like
NC_006461.1_836	810772	811050	279	-1	0.703	11	None	GENOMAD.132512.CP	5.011e-23	94	0	0	0	1	NA	NA	NA	PF03927;COG3062	NapD protein
NC_006461.1_837	811047	811793	747	-1	0.746	11	3Base/5BMM	GENOMAD.138242.CP	1.229e-22	100	0	0	0	1	NA	NA	NF033105	PF14234;K16639;TIGR04558;COG2015	quinoprotein relay system zinc metallohydrolase 1
NC_006461.1_838	811809	812495	687	-1	0.728	11	3Base/5BMM	NA	NA	NA	0	0	0	1	NA	NA	NA	NA	NA
NC_006461.1_839	812513	812941	429	1	0.741	11	None	GENOMAD.130010.CP	1.453e-16	78	0	0	0	1	NA	NA	NA	PF02631;K03565;COG2137	SOS response regulatory protein OraA/RecX, interacts with RecA
NC_006461.1_840	812945	813388	444	1	0.669	11	3Base/5BMM	GENOMAD.170127.CP	3.747e-84	273	0	0	0	1	NA	NA	NA	PF10604;COG2867;K14670	Ribosome association toxin PasT (RatA) of the RatAB toxin-antitoxin module
NC_006461.1_841	813471	813743	273	1	0.674	11	AGGAG	NA	NA	NA	0	0	0	1	NA	NA	NA	NA	NA
NC_006461.1_842	813770	814936	1167	1	0.732	11	GGA/GAG/AGG	GENOMAD.069789.CP	4.504e-90	303	0	0	0	1246	Caudoviricetes	NA	NA	PF01189;PF01029;PF17125;K03500;TIGR00563;COG0144	16S rRNA (cytosine(967)-C(5))-methyltransferase
NC_006461.1_843	814933	815718	786	1	0.729	11	AGGAG(G)/GGAGG	NA	NA	NA	0	0	0	1	NA	NA	NA	NA	NA
NC_006461.1_844	815819	816352	534	1	0.721	11	GGA/GAG/AGG	GENOMAD.044307.CC	1.101e-14	74	0	0	0	1	NA	NA	NA	NA	NA
NC_006461.1_845	816339	816968	630	-1	0.714	11	GGAGG	NA	NA	NA	0	0	0	1	NA	NA	NA	NA	NA
NC_006461.1_846	816970	817980	1011	-1	0.704	11	GGAG/GAGG	GENOMAD.064134.CP	4.821e-07	54	1	0	0	1	NA	NA	NA	PF02163;K07765;COG0750;TIGR03279	Peptidase family M50
NC_006461.1_847	817977	819080	1104	-1	0.703	11	GGxGG	GENOMAD.101892.CP	1.942e-129	416	0	0	0	1	NA	NA	NA	PF08436;PF13288;PF02670;PF09976;K00099;TIGR00243;COG0743	1-deoxy-D-xylulose 5-phosphate reductoisomerase
NC_006461.1_848	819077	819901	825	-1	0.674	11	AGxAGG/AGGxGG	GENOMAD.118488.CP	1.797e-31	127	0	0	0	1246	Caudoviricetes	NA	NA	PF01148;COG4589	Cytidylyltransferase family
NC_006461.1_849	819941	820498	558	-1	0.654	11	AGGAGG	NA	NA	NA	0	0	0	1	NA	NA	NA	NA	NA
NC_006461.1_850	820511	821212	702	-1	0.672	11	None	GENOMAD.000060.CC	1.447e-58	204	1	0	0	1	NA	NA	NA	PF00696;K09903;TIGR02075;COG0528	uridylate kinase
NC_006461.1_851	821269	821859	591	-1	0.636	11	AGxAGG/AGGxGG	GENOMAD.116387.CV	8.781e-65	220	0	0	0	1246	Caudoviricetes	NA	NA	PF00889;TIGR00116;COG0264	translation elongation factor Ts
NC_006461.1_852	821856	822626	771	-1	0.652	11	GGA/GAG/AGG	NA	NA	NA	0	0	0	1	NA	NA	NA	NA	NA
NC_006461.1_853	822923	824221	1299	-1	0.702	11	None	NA	NA	NA	0	0	0	1	NA	NA	NA	NA	NA
NC_006461.1_854	824339	824887	549	-1	0.687	11	GGA/GAG/AGG	NA	NA	NA	0	0	0	1	NA	NA	NA	NA	NA
NC_006461.1_855	824884	825270	387	-1	0.664	11	None	GENOMAD.189423.VC	8.76e-66	219	0	0	0	1	NA	NA	NA	PF09424;COG1610;K09117	Uncharacterized conserved protein YqeY
NC_006461.1_856	825332	826879	1548	1	0.689	11	GGAGG	NA	NA	NA	0	0	0	1	NA	NA	NA	NA	NA
NC_006461.1_857	826917	828068	1152	1	0.728	11	GGAGG	NA	NA	NA	0	0	0	1	NA	NA	NA	NA	NA
NC_006461.1_858	828174	828482	309	-1	0.712	11	GGA/GAG/AGG	GENOMAD.047723.CC	6.71e-09	54	0	0	0	1	NA	NA	NA	NA	NA
NC_006461.1_859	828664	829032	369	-1	0.707	11	GGA/GAG/AGG	GENOMAD.000975.CC	4.724e-37	136	0	0	0	1	NA	NA	NA	PF07736;COG4401;TIGR01796;K06208	Chorismate mutase
NC_006461.1_860	829102	829767	666	1	0.713	11	None	GENOMAD.140510.CP	1.647e-10	63	0	0	0	1	NA	NA	NA	PF02585;K22135;TIGR03445;COG2120	N-acetyl-1-D-myo-inositol-2-amino-2-deoxy-alpha-D-glucopyranoside deacetylase
NC_006461.1_861	829643	829948	306	-1	0.761	11	GGxGG	NA	NA	NA	0	0	0	1	NA	NA	NA	NA	NA
NC_006461.1_862	830118	830936	819	-1	0.761	11	None	NA	NA	NA	0	0	0	1	NA	NA	NA	NA	NA
NC_006461.1_863	830936	832045	1110	-1	0.717	11	None	NA	NA	NA	0	0	0	1	NA	NA	NA	NA	NA
NC_006461.1_864	832026	832808	783	-1	0.706	11	AGGA/GGAG/GAGG	GENOMAD.171072.CP	1.747e-49	179	0	0	0	1	NA	NA	NA	PF01233;COG3375;TIGR04045;K18815	Predicted acetyltransferase, GNAT superfamily
NC_006461.1_865	832781	833890	1110	-1	0.686	11	AGGAGG	NA	NA	NA	0	0	0	1	NA	NA	NA	NA	NA
NC_006461.1_866	833881	835146	1266	-1	0.691	11	GGAG/GAGG	NA	NA	NA	0	0	0	1	NA	NA	NA	NA	NA
NC_006461.1_867	835149	835427	279	-1	0.681	11	3Base/5BMM	GENOMAD.070282.CP	1.874e-48	167	0	0	0	1	NA	NA	NA	PF02686;COG0721;TIGR00135	Asp-tRNAAsn/Glu-tRNAGln amidotransferase C subunit
NC_006461.1_868	835429	836172	744	-1	0.698	11	None	GENOMAD.142581.CP	1.81e-30	123	0	0	0	1	NA	NA	NA	PF04474;COG1811;K07150	Uncharacterized membrane protein YqgA, affects biofilm formation
NC_006461.1_869	836194	836847	654	1	0.714	11	None	GENOMAD.114981.CP	1.528e-12	69	0	0	0	13950	Microviridae	NA	NA	PF05430;PF07021;COG4121;K15461;TIGR00417	tRNA U34 5-methylaminomethyl-2-thiouridine-forming methyltransferase MnmC
NC_006461.1_870	836744	837937	1194	-1	0.694	11	GGAGG	GENOMAD.032328.CC	1.378e-16	85	0	0	0	1	NA	NA	NA	PF01522;TIGR02764	polysaccharide deacetylase family sporulation protein PdaB
NC_006461.1_871	837937	839049	1113	-1	0.728	11	None	NA	NA	NA	0	0	0	1	NA	NA	NA	NA	NA
NC_006461.1_872	839124	839807	684	1	0.706	11	GGA/GAG/AGG	GENOMAD.178805.CP	8.214e-18	85	0	0	0	1	NA	NA	NA	PF13641;TIGR03965;K11936;COG1215	mycofactocin system glycosyltransferase
NC_006461.1_873	839746	840957	1212	-1	0.675	11	3Base/5BMM	GENOMAD.127215.CP	1.317e-10	66	0	0	0	1	NA	NA	NA	PF05693;K19002;TIGR04063;COG4641	PEP-CTERM/exosortase A-associated glycosyltransferase, Daro_2409 family
NC_006461.1_874	840968	841486	519	-1	0.672	11	GGAGG	GENOMAD.167183.PC	1.259e-07	53	0	0	0	1	NA	NA	NA	PF13358;K07494;COG3335	DDE superfamily endonuclease
NC_006461.1_875	841486	842001	516	-1	0.676	11	None	GENOMAD.168537.PC	5.528e-09	57	0	0	0	1	NA	NA	NA	PF00292;COG3415;K07499	Transposase
NC_006461.1_876	842026	842898	873	-1	0.683	11	AGGAG	NA	NA	NA	0	0	0	1	NA	NA	NA	NA	NA
NC_006461.1_877	842891	844009	1119	-1	0.650	11	GGAGG	GENOMAD.067680.VV	6.573e-20	95	0	0	0	1246	Caudoviricetes	NA	NA	PF06100;TIGR00031;K20678;COG0562	UDP-galactopyranose mutase
NC_006461.1_878	844006	845055	1050	-1	0.712	11	GGAG/GAGG	GENOMAD.129858.CP	0.0003248	45	0	0	0	1	NA	NA	NA	PF04007;K03429;TIGR01133;COG1817	undecaprenyldiphospho-muramoylpentapeptide beta-N-acetylglucosaminyltransferase
NC_006461.1_879	845052	845630	579	-1	0.717	11	None	NA	NA	NA	0	0	0	1	NA	NA	NA	NA	NA
NC_006461.1_880	845828	848764	2937	1	0.696	11	None	NA	NA	NA	0	0	0	1	NA	NA	NA	NA	NA
NC_006461.1_881	848967	851258	2292	1	0.676	11	AGGAG	NA	NA	NA	0	0	0	1	NA	NA	NA	NA	NA
NC_006461.1_882	851269	852462	1194	1	0.698	11	AGxAGG/AGGxGG	NA	NA	NA	0	0	0	1	NA	NA	NA	NA	NA
NC_006461.1_883	852474	854207	1734	1	0.679	11	AGGAG	GENOMAD.001630.CC	2.207e-31	134	0	0	0	1	NA	NA	NA	PF21263	Acyl-CoA dehydrogenase, C-terminal domain
NC_006461.1_884	854263	855705	1443	-1	0.672	11	None	NA	NA	NA	0	0	0	1	NA	NA	NA	NA	NA
NC_006461.1_885	855742	856767	1026	1	0.710	11	None	GENOMAD.043656.CC	8.6e-56	201	0	0	0	1	NA	NA	NA	PF01430;COG1281;K04083	Redox-regulated molecular chaperone, HSP33 family
NC_006461.1_886	856846	857259	414	1	0.725	11	None	GENOMAD.124029.CP	2.107e-09	57	0	0	0	1	NA	NA	NA	PF00582;K06149;COG0589	Universal stress protein family
NC_006461.1_887	857440	858126	687	1	0.707	11	AGGAG	GENOMAD.000559.CC	2.137e-51	183	0	0	0	1246	Caudoviricetes	NA	NA	PF04298;K06973;COG2738	Zn-dependent membrane protease YugP
NC_006461.1_888	858127	858375	249	1	0.618	11	GGAGG	GENOMAD.176992.PC	1.477e-08	52	0	0	0	1	NA	NA	NA	PF13453;K09981;COG3809;TIGR01206	Predicted nucleic acid-binding protein, contains Zn-finger domain
NC_006461.1_889	858422	858748	327	-1	0.700	11	AGGAG	GENOMAD.146394.VC	3.451e-18	81	0	0	0	1246	Caudoviricetes	NA	NA	PF12643;COG1694	NTP pyrophosphatase, house-cleaning of non-canonical NTPs
NC_006461.1_890	858738	861764	3027	-1	0.740	11	None	NA	NA	NA	0	0	0	1	NA	NA	NA	NA	NA
NC_006461.1_891	861761	862258	498	-1	0.709	11	AGxAGG/AGGxGG	GENOMAD.038260.CC	1.416e-78	258	0	0	0	1	NA	NA	NA	PF10646	Sporulation and spore germination
NC_006461.1_892	862255	863409	1155	-1	0.759	11	GGAGG	NA	NA	NA	0	0	0	1	NA	NA	NA	NA	NA
NC_006461.1_893	863406	863840	435	-1	0.639	11	None	NA	NA	NA	0	0	0	1	NA	NA	NA	NA	NA
NC_006461.1_894	863842	864444	603	-1	0.711	11	GGxGG	NA	NA	NA	0	0	0	1	NA	NA	NA	NA	NA
NC_006461.1_895	864548	865153	606	-1	0.701	11	AGGAG	NA	NA	NA	0	0	0	1	NA	NA	NA	NA	NA
NC_006461.1_896	865265	866260	996	1	0.661	11	GGAGG	NA	NA	NA	0	0	0	1	NA	NA	NA	NA	NA
NC_006461.1_897	866261	867433	1173	1	0.708	11	AGxAGG/AGGxGG	NA	NA	NA	0	0	0	1	NA	NA	NA	NA	NA
NC_006461.1_898	867479	867766	288	1	0.712	11	GGAGG	NA	NA	NA	0	0	0	1	NA	NA	NA	NA	NA
NC_006461.1_899	867745	868143	399	1	0.689	11	GGAG/GAGG	GENOMAD.115244.CP	2.426e-15	74	0	0	0	1	NA	NA	NA	PF01643;K07107;TIGR02799;COG0824	tol-pal system-associated acyl-CoA thioesterase
NC_006461.1_900	868153	869397	1245	1	0.692	11	AGxAG	NA	NA	NA	0	0	0	1	NA	NA	NA	NA	NA
NC_006461.1_901	869399	871633	2235	1	0.687	11	GGA/GAG/AGG	GENOMAD.154275.VC	1.788e-28	126	0	0	0	1246	Caudoviricetes	NA	NA	PF00773;K12573;TIGR02063;COG0557	ribonuclease R
NC_006461.1_902	873211	874164	954	-1	0.683	11	AGGAG	NA	NA	NA	0	0	0	1	NA	NA	NA	NA	NA
NC_006461.1_903	874922	876034	1113	-1	0.711	11	None	GENOMAD.001480.CC	1.849e-220	679	0	0	0	1	NA	NA	NA	PF01875;TIGR04336;COG1355;K06990	AmmeMemoRadiSam system protein B
NC_006461.1_904	875988	877283	1296	-1	0.711	11	None	GENOMAD.196946.CP	0.0009218	44	0	0	0	1	NA	NA	NA	PF13875;COG4339	Predicted metal-dependent phosphohydrolase, HD superfamily
NC_006461.1_905	877284	877895	612	1	0.698	11	GGA/GAG/AGG	GENOMAD.123253.CV	4.801e-15	76	0	0	0	1	NA	NA	NA	PF01121;K00859;TIGR00152;COG0237	dephospho-CoA kinase
NC_006461.1_906	877864	878367	504	-1	0.752	11	None	GENOMAD.107995.CP	2.467e-06	49	0	0	0	1	NA	NA	NA	PF12076;PF02660;K14330;COG5322;TIGR04058	Predicted amino acid dehydrogenase
NC_006461.1_907	878574	879086	513	1	0.727	11	GGA/GAG/AGG	NA	NA	NA	0	0	0	1	NA	NA	NA	NA	NA
NC_006461.1_908	879087	879569	483	1	0.671	11	GGAGG	NA	NA	NA	0	0	0	1	NA	NA	NA	NA	NA
NC_006461.1_909	879580	881070	1491	1	0.711	11	AGxAG	GENOMAD.115175.CV	3.261e-42	166	0	0	0	1	NA	NA	NA	PF01808;PF02142;K00602;TIGR00355;COG0138	phosphoribosylaminoimidazolecarboxamide formyltransferase/IMP cyclohydrolase
NC_006461.1_910	881129	882427	1299	-1	0.707	11	AGGAG/GGAGG	NA	NA	NA	0	0	0	1	NA	NA	NA	NA	NA
NC_006461.1_911	882424	882636	213	-1	0.634	11	None	NA	NA	NA	0	0	0	1	NA	NA	NA	NA	NA
NC_006461.1_912	882626	882856	231	-1	0.662	11	GGA/GAG/AGG	NA	NA	NA	0	0	0	1	NA	NA	NA	NA	NA
NC_006461.1_913	882858	884132	1275	-1	0.685	11	GGA/GAG/AGG	GENOMAD.118353.CP	1.5e-38	153	0	0	0	1	NA	NA	NA	NA	NA
NC_006461.1_914	884181	884498	318	1	0.670	11	3Base/5BMM	GENOMAD.158120.CP	1.675e-08	53	0	0	0	1	NA	NA	NA	PF05653;K12962;COG2076;TIGR00950	Multidrug transporter EmrE and related cation transporters
NC_006461.1_915	884495	885130	636	-1	0.704	11	None	NA	NA	NA	0	0	0	1	NA	NA	NA	NA	NA
NC_006461.1_916	885285	885821	537	-1	0.691	11	AGGAGG	GENOMAD.180992.CP	3.081e-08	55	0	0	0	1	NA	NA	NA	PF05685;COG4636	Endonuclease, Uma2 family (restriction endonuclease fold)
NC_006461.1_917	885834	886814	981	-1	0.691	11	GGAGG	NA	NA	NA	0	0	0	1	NA	NA	NA	NA	NA
NC_006461.1_918	886814	887854	1041	-1	0.701	11	None	NA	NA	NA	0	0	0	1	NA	NA	NA	NA	NA
NC_006461.1_919	887823	888968	1146	-1	0.692	11	None	GENOMAD.126770.CP	5.657e-17	86	0	0	0	1	NA	NA	NA	NA	NA
NC_006461.1_920	888989	889900	912	-1	0.706	11	GGAGG	NA	NA	NA	0	0	0	1	NA	NA	NA	NA	NA
NC_006461.1_921	889900	890661	762	-1	0.659	11	AGGAG/GGAGG	GENOMAD.167079.CP	1.201e-08	58	0	0	0	1	NA	NA	NA	PF06182;COG3694;TIGR01291;K09688	ABC-type uncharacterized transport system, permease component
NC_006461.1_922	890667	891422	756	-1	0.546	11	GGA/GAG/AGG	NA	NA	NA	0	0	0	1	NA	NA	NA	NA	NA
NC_006461.1_923	891674	892633	960	-1	0.616	11	AGxAGG/AGGxGG	NA	NA	NA	0	0	0	1	NA	NA	NA	NA	NA
NC_006461.1_924	893277	894029	753	-1	0.685	11	None	NA	NA	NA	0	0	0	1	NA	NA	NA	NA	NA
NC_006461.1_925	894038	895075	1038	-1	0.637	11	GGAG/GAGG	GENOMAD.183128.CP	0.0006497	44	0	0	0	1	NA	NA	NA	PF00487;COG3239;K02294	Fatty acid desaturase
NC_006461.1_926	895149	895607	459	-1	0.686	11	AGGAG	GENOMAD.094199.CP	3.913e-36	135	0	0	0	2773	Inoviridae	NA	NA	PF02580;COG1490;TIGR00256	D-Tyr-tRNAtyr deacylase
NC_006461.1_927	895611	896462	852	-1	0.715	11	GGA/GAG/AGG	NA	NA	NA	0	0	0	1	NA	NA	NA	NA	NA
NC_006461.1_928	896437	897279	843	-1	0.695	11	GGA/GAG/AGG	NA	NA	NA	0	0	0	1	NA	NA	NA	NA	NA
NC_006461.1_929	897366	898931	1566	1	0.702	11	None	NA	NA	NA	0	0	0	1	NA	NA	NA	NA	NA
NC_006461.1_930	898969	899484	516	1	0.696	11	GGAG/GAGG	GENOMAD.167329.CP	2.95e-30	119	0	0	0	1	NA	NA	NA	PF03428;K22109;COG1510;TIGR04472	DNA-binding transcriptional regulator GbsR, MarR family
NC_006461.1_931	899631	900806	1176	1	0.689	11	None	GENOMAD.026039.CC	2.321e-148	472	0	0	0	1	NA	NA	NA	PF09488;K05947;TIGR02460;COG1216	mannosyl-3-phosphoglycerate synthase
NC_006461.1_932	900803	901582	780	1	0.749	11	None	GENOMAD.129593.CP	5.999e-63	218	0	0	0	1	NA	NA	NA	PF02358;K07026;TIGR02461;COG3769	mannosyl-3-phosphoglycerate phosphatase
NC_006461.1_933	901554	902927	1374	-1	0.730	11	GGA/GAG/AGG	GENOMAD.161984.CP	5.312e-23	106	0	0	0	1	NA	NA	NA	PF13556;COG3835;K02647;TIGR03298	Sugar diacid utilization regulator
NC_006461.1_934	903075	903974	900	1	0.682	11	AGGAG	GENOMAD.127112.CP	0.0002458	45	0	0	0	1	NA	NA	NA	PF00701;COG0329;TIGR02313;K01714	Dihydrodipicolinate synthase/N-acetylneuraminate lyase
NC_006461.1_935	903971	904711	741	1	0.675	11	AGGAGG	NA	NA	NA	0	0	0	1	NA	NA	NA	NA	NA
NC_006461.1_936	904708	906255	1548	1	0.676	11	AGGAGG	NA	NA	NA	0	0	0	1	NA	NA	NA	NA	NA
NC_006461.1_937	906268	907713	1446	1	0.669	11	GGAGG	GENOMAD.158262.CP	6.514e-87	298	0	0	0	1	NA	NA	NA	PF03241;PF11794;K21184;TIGR02310;COG2368	4-hydroxyphenylacetate 3-monooxygenase, oxygenase component
NC_006461.1_938	907710	908159	450	1	0.700	11	AGGAG	GENOMAD.137625.CP	3.521e-18	83	0	0	0	1	NA	NA	NA	PF01613;K21185;TIGR03615;COG1853	pyrimidine utilization flavin reductase protein F
NC_006461.1_939	908147	909106	960	1	0.677	11	AGGAG	GENOMAD.161891.PC	1.299e-49	182	0	0	0	1	NA	NA	NA	NA	NA
NC_006461.1_940	909204	909737	534	1	0.706	11	AGGAG	NA	NA	NA	0	0	0	1	NA	NA	NA	NA	NA
NC_006461.1_941	909734	909907	174	1	0.718	11	AGxAGG/AGGxGG	NA	NA	NA	0	0	0	1	NA	NA	NA	NA	NA
NC_006461.1_942	909904	910314	411	1	0.691	11	GGAGG	NA	NA	NA	0	0	0	1	NA	NA	NA	NA	NA
NC_006461.1_943	910268	911605	1338	1	0.677	11	GGAGG	GENOMAD.136839.CP	1.662e-06	53	0	0	0	1	NA	NA	NA	TIGR02304;K01912;COG1541	putative adenylate-forming enzyme
NC_006461.1_944	911608	912033	426	1	0.690	11	GGAG/GAGG	GENOMAD.148503.CP	1.287e-17	81	0	0	0	1	NA	NA	NA	PF13279;K18700;COG5496;TIGR02799	Predicted thioesterase
NC_006461.1_945	912076	914082	2007	-1	0.718	11	AGGA	GENOMAD.148475.CP	1.763e-14	80	0	0	0	1	NA	NA	NA	PF01575;K18290;COG2030;TIGR01750	MaoC like domain
NC_006461.1_946	914097	914552	456	-1	0.686	11	GGAGG	NA	NA	NA	0	0	0	1	NA	NA	NA	NA	NA
NC_006461.1_947	914546	915292	747	-1	0.673	11	AGGAG	GENOMAD.168243.CP	2.105e-51	184	0	0	0	1	NA	NA	NA	PF05138;K02611;TIGR02158;COG3396	phenylacetate-CoA oxygenase, PaaI subunit
NC_006461.1_948	915285	915806	522	-1	0.692	11	GGAGG	GENOMAD.177928.CP	4.145e-45	162	0	0	0	1	NA	NA	NA	PF06243;COG3460;TIGR02157	1,2-phenylacetyl-CoA epoxidase, PaaB subunit
NC_006461.1_949	915816	916787	972	-1	0.675	11	AGGAG	GENOMAD.160626.CP	2.891e-139	442	0	0	0	1	NA	NA	NA	PF05138;K02609;TIGR02156;COG3396	phenylacetate-CoA oxygenase, PaaG subunit
NC_006461.1_950	916774	917385	612	-1	0.688	11	None	GENOMAD.136902.CP	7.747e-33	128	0	0	0	1	NA	NA	NA	PF17932	Tetracyclin repressor-like, C-terminal domain
NC_006461.1_951	917491	918432	942	-1	0.707	11	GGA/GAG/AGG	NA	NA	NA	0	0	0	1	NA	NA	NA	NA	NA
NC_006461.1_952	918484	919530	1047	-1	0.694	11	AGGAG	GENOMAD.122998.CP	3.378e-09	61	0	0	0	1	NA	NA	NA	PF17912	MalK OB fold domain
NC_006461.1_953	919540	920337	798	-1	0.678	11	GGAGG	GENOMAD.121616.CP	3.406e-10	63	0	0	0	1	NA	NA	NA	PF00528;K02053;COG1176;TIGR03255	ABC-type spermidine/putrescine transport system, permease component I
NC_006461.1_954	920334	921179	846	-1	0.687	11	None	GENOMAD.119384.CP	0.0002173	45	0	0	0	1	NA	NA	NA	PF00528;K02054;COG4132;TIGR01253	ABC-type uncharacterized transport system, permease component
NC_006461.1_955	921176	922414	1239	-1	0.698	11	GGAG/GAGG	GENOMAD.179062.CP	1.64e-105	349	0	0	0	1	NA	NA	NA	PF03200;K23086;COG1626	Glycosyl hydrolase family 63 C-terminal domain
NC_006461.1_956	922451	923716	1266	-1	0.705	11	AGGAG	GENOMAD.206459.CP	1.634e-139	448	0	0	0	1	NA	NA	NA	PF02030;TIGR03850;COG2182;K17329	carbohydrate ABC transporter substrate-binding protein, CPR_0540 family
NC_006461.1_957	923847	924938	1092	-1	0.688	11	AGGAG	GENOMAD.001501.CC	4.705e-126	406	0	0	0	1	NA	NA	NA	K01622;COG1980	Archaeal fructose 1,6-bisphosphatase
NC_006461.1_958	925048	925371	324	1	0.716	11	None	GENOMAD.142564.CP	5.264e-05	43	0	0	0	1	NA	NA	NA	PF11313;PF01638;COG1777;TIGR02702;K09012	Predicted transcriptional regulator
NC_006461.1_959	925373	925777	405	-1	0.649	11	None	NA	NA	NA	0	0	0	1	NA	NA	NA	NA	NA
NC_006461.1_960	925865	927346	1482	-1	0.750	11	GGxGG	NA	NA	NA	0	0	0	1	NA	NA	NA	NA	NA
NC_006461.1_961	927346	928278	933	-1	0.686	11	AGGAG	NA	NA	NA	0	0	0	1	NA	NA	NA	NA	NA
NC_006461.1_962	928331	929191	861	-1	0.725	11	None	NA	NA	NA	0	0	0	1	NA	NA	NA	NA	NA
NC_006461.1_963	929302	931170	1869	1	0.716	11	GGAGG	GENOMAD.108230.CP	1.289e-59	222	0	0	0	1	NA	NA	NA	PF03190;PF06917;K06888;COG1331;TIGR02738	Uncharacterized conserved protein YyaL, SSP411 family, contains thoiredoxin and six-hairpin glycosidase-like domains
NC_006461.1_964	931282	932487	1206	1	0.706	11	AGGAG	NA	NA	NA	0	0	0	1	NA	NA	NA	NA	NA
NC_006461.1_965	932553	934037	1485	-1	0.747	11	GGA/GAG/AGG	GENOMAD.147866.CP	6.509e-17	87	0	0	0	1	NA	NA	NA	PF02682;COG2049;TIGR00370;K23123	Allophanate hydrolase subunit 1
NC_006461.1_966	934194	936425	2232	1	0.715	11	None	GENOMAD.127030.CP	0.000948	45	0	0	0	1	NA	NA	NA	PF06018;PF11849;PF17853;PF13556;K09684;COG3835;TIGR02787	Sugar diacid utilization regulator
NC_006461.1_967	936260	936670	411	-1	0.723	11	AGGAG	NA	NA	NA	0	0	0	1	NA	NA	NA	NA	NA
NC_006461.1_968	936821	936976	156	1	0.667	11	None	NA	NA	NA	0	0	0	1	NA	NA	NA	NA	NA
NC_006461.1_969	936973	937896	924	-1	0.728	11	None	NA	NA	NA	0	0	0	1	NA	NA	NA	NA	NA
NC_006461.1_970	937916	938902	987	1	0.737	11	GGA/GAG/AGG	NA	NA	NA	0	0	0	1	NA	NA	NA	NA	NA
NC_006461.1_971	938965	939558	594	1	0.673	11	AGGAG	NA	NA	NA	0	0	0	1	NA	NA	NA	NA	NA
NC_006461.1_972	939555	940523	969	1	0.718	11	GGAGG	NA	NA	NA	0	0	0	1	NA	NA	NA	NA	NA
NC_006461.1_973	940491	941918	1428	-1	0.707	11	GGA/GAG/AGG	NA	NA	NA	0	0	0	1	NA	NA	NA	NA	NA
NC_006461.1_974	942184	942369	186	1	0.640	11	None	NA	NA	NA	0	0	0	1	NA	NA	NA	NA	NA
NC_006461.1_975	942364	944937	2574	-1	0.741	11	AGGAGG	NA	NA	NA	0	0	0	1	NA	NA	NA	NA	NA
NC_006461.1_976	944934	947144	2211	-1	0.734	11	GGAG/GAGG	NA	NA	NA	0	0	0	1	NA	NA	NA	NA	NA
NC_006461.1_977	947192	947581	390	-1	0.713	11	GGAG/GAGG	GENOMAD.180383.CP	1.648e-18	83	0	0	0	1	NA	NA	NA	K09939;COG3295	NA
NC_006461.1_978	947665	948171	507	-1	0.736	11	AGxAGG/AGGxGG	NA	NA	NA	0	0	0	1	NA	NA	NA	NA	NA
NC_006461.1_979	948337	948990	654	1	0.720	11	GGA/GAG/AGG	NA	NA	NA	0	0	0	1	NA	NA	NA	NA	NA
NC_006461.1_980	948980	950197	1218	1	0.721	11	AGGAG(G)/GGAGG	NA	NA	NA	0	0	0	1	NA	NA	NA	NA	NA
NC_006461.1_981	950223	951479	1257	1	0.711	11	AGGAG	GENOMAD.132285.CP	1.314e-38	153	0	0	0	1	NA	NA	NA	PF02321;TIGR01845;K12340;COG1538	efflux transporter, outer membrane factor (OMF) lipoprotein, NodT family
NC_006461.1_982	951476	952501	1026	1	0.712	11	GGAGG	GENOMAD.142102.CP	7.603e-58	207	0	0	0	1	NA	NA	NA	PF02321;TIGR01845;K18903;COG1538	efflux transporter, outer membrane factor (OMF) lipoprotein, NodT family
NC_006461.1_983	952501	953814	1314	1	0.722	11	GGAGG	GENOMAD.123147.CP	1.44e-14	79	0	0	0	1	NA	NA	NA	PF12700;PF02402;TIGR03794;K02005;COG1566	NHLM bacteriocin system secretion protein
NC_006461.1_984	953817	954503	687	1	0.683	11	GGAGG	NA	NA	NA	0	0	0	1	NA	NA	NA	NA	NA
NC_006461.1_985	954496	955755	1260	1	0.703	11	AGGAGG	GENOMAD.125873.CP	2.562e-05	49	0	0	0	1	NA	NA	NA	PF02687;TIGR01185;COG4591;K09808	DevC protein
NC_006461.1_986	956154	956420	267	1	0.667	11	GGA/GAG/AGG	GENOMAD.117322.CP	5.304e-06	45	0	0	0	1	NA	NA	NA	PF03379;TIGR01291;COG1682;K18233	ABC-2 type transporter, NodJ family
NC_006461.1_987	956417	957211	795	1	0.723	11	AGxAGG/AGGxGG	NA	NA	NA	0	0	0	1	NA	NA	NA	NA	NA
NC_006461.1_988	957208	957852	645	1	0.653	11	GGAGG	GENOMAD.031911.CC	5.757e-104	334	0	0	0	1	NA	NA	NA	PF03888;COG2834;TIGR00547;K03634	Outer membrane lipoprotein-sorting protein
NC_006461.1_989	958105	958299	195	-1	0.585	11	None	NA	NA	NA	0	0	0	1	NA	NA	NA	NA	NA
NC_006461.1_990	958299	958520	222	-1	0.671	11	None	NA	NA	NA	0	0	0	1	NA	NA	NA	NA	NA
NC_006461.1_991	958574	961255	2682	-1	0.674	11	AGGAGG	NA	NA	NA	0	0	0	1	NA	NA	NA	NA	NA
NC_006461.1_992	961438	961734	297	-1	0.620	11	AGGAG	GENOMAD.176936.CP	0.0001906	41	0	0	0	1	NA	NA	NA	PF01909;COG1669	Predicted nucleotidyltransferase
NC_006461.1_993	961791	964535	2745	-1	0.652	11	AGGAG	NA	NA	NA	0	0	0	1	NA	NA	NA	NA	NA
NC_006461.1_994	964695	966050	1356	-1	0.619	11	None	NA	NA	NA	0	0	0	1	NA	NA	NA	NA	NA
NC_006461.1_995	966074	967252	1179	-1	0.649	11	AGGAG	NA	NA	NA	0	0	0	1	NA	NA	NA	NA	NA
NC_006461.1_996	967685	971017	3333	-1	0.668	11	GGAG/GAGG	GENOMAD.169247.CP	2.078e-28	127	0	0	0	1	NA	NA	NA	PF13872;K03580;TIGR04095;COG1111	DNA phosphorothioation system restriction enzyme
NC_006461.1_997	971180	971407	228	1	0.671	11	GGA/GAG/AGG	NA	NA	NA	0	0	0	1	NA	NA	NA	NA	NA
NC_006461.1_998	971497	973275	1779	1	0.689	11	AGGAG	NA	NA	NA	0	0	0	1	NA	NA	NA	NA	NA
NC_006461.1_999	973272	973607	336	1	0.738	11	GGAGG	NA	NA	NA	0	0	0	1	NA	NA	NA	NA	NA
NC_006461.1_1000	975366	976148	783	1	0.724	11	None	GENOMAD.050046.PP	9.878e-47	171	0	0	0	1	NA	NA	NA	NA	NA
NC_006461.1_1001	976145	976531	387	1	0.724	11	GGAGG	GENOMAD.068369.PP	8.64e-58	196	0	0	0	1	NA	NA	NA	NA	NA
NC_006461.1_1002	976613	976771	159	1	0.642	11	AGGAG/GGAGG	NA	NA	NA	0	0	0	1	NA	NA	NA	NA	NA
NC_006461.1_1003	976892	978067	1176	1	0.700	11	AGGAG	NA	NA	NA	0	0	0	1	NA	NA	NA	NA	NA
NC_006461.1_1004	978361	979218	858	1	0.654	11	GGAGG	GENOMAD.127296.CP	4.702e-106	344	0	0	0	1	NA	NA	NA	PF00581;K01011;COG2897;TIGR03167	3-mercaptopyruvate sulfurtransferase SseA, contains two rhodanese domains
NC_006461.1_1005	979221	980075	855	-1	0.719	11	None	GENOMAD.126081.CP	4.35e-10	63	0	0	0	1	NA	NA	NA	PF03313;PF19304	Serine dehydratase alpha chain; D-3-phosphoglycerate dehydrogenase intervening domain
NC_006461.1_1006	980110	980688	579	1	0.724	11	AGGA	NA	NA	NA	0	0	0	1	NA	NA	NA	NA	NA
NC_006461.1_1007	980732	981172	441	-1	0.664	11	AGGAGG	NA	NA	NA	0	0	0	1	NA	NA	NA	NA	NA
NC_006461.1_1008	981229	981948	720	-1	0.715	11	None	GENOMAD.061903.CP	4.726e-21	95	0	0	0	1246	Caudoviricetes	NA	NA	PF01782;PF03448;PF05239;PF01746;COG0806;K00554;TIGR00088	Ribosomal 30S subunit maturation factor RimM, required for 16S rRNA processing
NC_006461.1_1009	981948	982436	489	-1	0.706	11	None	GENOMAD.066963.CP	2.119e-89	289	1	0	0	1	NA	NA	NA	PF01782;COG0806;K02860;TIGR02273	Ribosomal 30S subunit maturation factor RimM, required for 16S rRNA processing
NC_006461.1_1010	982470	982688	219	-1	0.689	11	None	GENOMAD.138068.VC	6.072e-06	44	0	0	0	1	NA	NA	NA	PF13083;K06960;COG1837	KH domain
NC_006461.1_1011	982747	983013	267	-1	0.682	11	AGGAG	GENOMAD.118861.CV	7.635e-10	56	1	0	0	1	NA	NA	NA	COG0228	Ribosomal protein S16
NC_006461.1_1012	983018	984322	1305	-1	0.704	11	GGA/GAG/AGG	GENOMAD.050490.CV	4.068e-42	164	1	0	0	1246	Caudoviricetes	NA	NA	PF02881;PF01591;K03106;TIGR00959;COG0541	signal recognition particle protein
NC_006461.1_1013	984420	984893	474	-1	0.709	11	GGA/GAG/AGG	GENOMAD.161631.CP	1.088e-26	108	0	0	0	1	NA	NA	NA	PF09500;TIGR00369;COG2050;K12500	phenylacetic acid degradation protein PaaD
NC_006461.1_1014	984890	985318	429	-1	0.695	11	AGGAG	GENOMAD.126914.CP	6.239e-35	131	0	0	0	1	NA	NA	NA	PF02310;K01849;TIGR01501;COG2185	methylaspartate mutase, S subunit
NC_006461.1_1015	985329	986984	1656	-1	0.658	11	AGGAG	NA	NA	NA	0	0	0	1	NA	NA	NA	NA	NA
NC_006461.1_1016	987039	987914	876	-1	0.716	11	AGxAGG/AGGxGG	NA	NA	NA	0	0	0	1	NA	NA	NA	NA	NA
NC_006461.1_1017	987915	989393	1479	-1	0.660	11	None	NA	NA	NA	0	0	0	1	NA	NA	NA	NA	NA
NC_006461.1_1018	989398	989868	471	-1	0.682	11	GGAG/GAGG	NA	NA	NA	0	0	0	1	NA	NA	NA	NA	NA
NC_006461.1_1019	989944	990306	363	-1	0.675	11	None	GENOMAD.039102.CC	4.852e-60	202	0	0	0	1	NA	NA	NA	NA	NA
NC_006461.1_1020	990311	990709	399	-1	0.694	11	AGGAGG	GENOMAD.109429.CP	1.414e-12	66	0	0	0	1	NA	NA	NA	PF01219;COG0818;K00887	Diacylglycerol kinase
NC_006461.1_1021	990664	991083	420	-1	0.705	11	AGGAG	GENOMAD.106003.CV	2.54e-07	51	1	0	0	1246	Caudoviricetes	NA	NA	PF02130;TIGR00043;COG0319	rRNA maturation RNase YbeY
NC_006461.1_1022	991061	992023	963	-1	0.670	11	None	GENOMAD.098341.VV	6.331e-10	63	0	0	0	1246	Caudoviricetes	NA	NA	NA	NA
NC_006461.1_1023	992020	992373	354	-1	0.701	11	GGAG/GAGG	NA	NA	NA	0	0	0	1	NA	NA	NA	NA	NA
NC_006461.1_1024	992370	993347	978	-1	0.682	11	GGAGG	GENOMAD.000878.CC	2.131e-161	506	0	0	0	1	NA	NA	NA	COG4864	Uncharacterized protein YqfA, UPF0365 family
NC_006461.1_1025	993350	994651	1302	-1	0.704	11	AGGA	GENOMAD.136921.VC	3.975e-42	164	0	0	0	1	NA	NA	NA	PF00574;PF01957;K07403;COG1030;TIGR00706	Membrane-bound serine protease (ClpP class)
NC_006461.1_1026	994672	995463	792	1	0.726	11	None	NA	NA	NA	0	0	0	1	NA	NA	NA	NA	NA
NC_006461.1_1027	995579	995854	276	1	0.667	11	AGxAGG/AGGxGG	NA	NA	NA	0	0	0	1	NA	NA	NA	NA	NA
NC_006461.1_1028	995832	996266	435	1	0.669	11	GGA/GAG/AGG	GENOMAD.167230.CP	1.115e-10	61	0	0	0	1	NA	NA	NA	PF10130;COG4374;TIGR00028;K07064	PIN domain nuclease, a component of toxin-antitoxin system (PIN domain)
NC_006461.1_1029	996263	996838	576	1	0.707	11	GGA/GAG/AGG	GENOMAD.194742.CP	3.862e-12	67	0	0	0	1	NA	NA	NA	PF09186	Elongation factor G C-terminus
NC_006461.1_1030	996840	999344	2505	1	0.679	11	GGA/GAG/AGG	GENOMAD.038948.CC	3.588e-47	187	0	0	0	1	NA	NA	NA	PF09281	Taq polymerase, exonuclease
NC_006461.1_1031	999359	1000555	1197	-1	0.645	11	GGA/GAG/AGG	NA	NA	NA	0	0	0	1	NA	NA	NA	NA	NA
NC_006461.1_1032	1000659	1001972	1314	1	0.705	11	None	NA	NA	NA	0	0	0	1	NA	NA	NA	NA	NA
NC_006461.1_1033	1001982	1002524	543	1	0.657	11	GGA/GAG/AGG	GENOMAD.219273.CP	3.195e-05	46	0	0	0	1	NA	NA	NA	PF01936;K06860;TIGR00288;COG1432	TIGR00288 family protein
NC_006461.1_1034	1002527	1003564	1038	1	0.703	11	GGA/GAG/AGG	NA	NA	NA	0	0	0	1	NA	NA	NA	NA	NA
NC_006461.1_1035	1003531	1004796	1266	-1	0.734	11	GGAG/GAGG	GENOMAD.051621.CC	5.192e-29	124	0	0	0	1	NA	NA	NA	PF00719;COG0221	Inorganic pyrophosphatase
NC_006461.1_1036	1004900	1006252	1353	-1	0.681	11	AGGAG	GENOMAD.114680.CP	3.068e-82	283	0	0	0	1246	Caudoviricetes	NA	NA	PF01769;PF03448;PF00478;K06213;TIGR00400;COG2239	Mg2+ transporter (mgtE)
NC_006461.1_1037	1006341	1008461	2121	-1	0.731	11	AGGAG(G)/GGAGG	NA	NA	NA	0	0	0	1	NA	NA	NA	NA	NA
NC_006461.1_1038	1008529	1009728	1200	-1	0.694	11	GGAG/GAGG	NA	NA	NA	0	0	0	1	NA	NA	NA	NA	NA
NC_006461.1_1039	1009728	1010312	585	-1	0.692	11	GGAGG	NA	NA	NA	0	0	0	1	NA	NA	NA	NA	NA
NC_006461.1_1040	1010313	1011446	1134	-1	0.738	11	AGGAG	GENOMAD.129171.CP	4.074e-09	61	0	0	0	1	NA	NA	NA	PF01872;TIGR01508;COG1985	2,5-diamino-6-hydroxy-4-(5-phosphoribosylamino)pyrimidine 1'-reductase, archaeal
NC_006461.1_1041	1011662	1012942	1281	-1	0.672	11	AGxAGG/AGGxGG	NA	NA	NA	0	0	0	1	NA	NA	NA	NA	NA
NC_006461.1_1042	1012939	1013610	672	-1	0.670	11	AGGAG	GENOMAD.031103.VV	3.749e-13	71	0	0	0	11688	Kyanoviridae	NA	NA	PF00923;K08314;TIGR00875;COG0176	fructose-6-phosphate aldolase, TalC/MipB family
NC_006461.1_1043	1014024	1017155	3132	1	0.669	11	AGGAG	NA	NA	NA	0	0	0	1	NA	NA	NA	NA	NA
NC_006461.1_1044	1017152	1018282	1131	1	0.714	11	None	GENOMAD.128896.CP	9.036e-15	79	0	0	0	1	NA	NA	NA	PF00557;COG0006;K01271;TIGR02993	Xaa-Pro aminopeptidase
NC_006461.1_1045	1018306	1019160	855	1	0.703	11	None	GENOMAD.092229.CV	1.374e-17	86	0	0	0	1	NA	NA	NA	PF18075;PF02687;K09811;TIGR00439;COG2177	putative protein insertion permease FtsX
NC_006461.1_1046	1019162	1020397	1236	1	0.706	11	GGAGG	NA	NA	NA	0	0	0	1	NA	NA	NA	NA	NA
NC_006461.1_1047	1020429	1021046	618	-1	0.754	11	GGAG/GAGG	NA	NA	NA	0	0	0	1	NA	NA	NA	NA	NA
NC_006461.1_1048	1021027	1022019	993	-1	0.722	11	AGGAGG	GENOMAD.116589.CP	7.63e-64	224	0	0	0	1	NA	NA	NA	NA	NA
NC_006461.1_1049	1022074	1022289	216	-1	0.630	11	AGGAG	NA	NA	NA	0	0	0	1	NA	NA	NA	NA	NA
NC_006461.1_1050	1023154	1023588	435	1	0.692	11	GGA/GAG/AGG	GENOMAD.068643.CV	1.111e-20	90	0	0	0	1	NA	NA	NA	PF02381;K03925;TIGR00242;COG2001	division/cell wall cluster transcriptional repressor MraZ
NC_006461.1_1051	1023594	1024442	849	1	0.708	11	GGA/GAG/AGG	NA	NA	NA	0	0	0	1	NA	NA	NA	NA	NA
NC_006461.1_1052	1024439	1024684	246	1	0.679	11	AGGAGG	NA	NA	NA	0	0	0	1	NA	NA	NA	NA	NA
NC_006461.1_1053	1024681	1026000	1320	1	0.725	11	GGAGG	GENOMAD.109948.CP	6.596e-10	64	0	0	0	1	NA	NA	NA	PF00905;COG2602;K17838	Penicillin binding protein transpeptidase domain
NC_006461.1_1054	1026092	1027300	1209	1	0.745	11	GGAGG	GENOMAD.097137.CP	2.373e-21	100	1	0	0	1	NA	NA	NA	PF08245;PF02875;K01929;TIGR01143;COG0770	UDP-N-acetylmuramoyl-tripeptide--D-alanyl-D-alanine ligase
NC_006461.1_1055	1027276	1027974	699	1	0.763	11	GGA/GAG/AGG	NA	NA	NA	0	0	0	1	NA	NA	NA	NA	NA
NC_006461.1_1056	1027965	1028822	858	1	0.720	11	GGAGG	GENOMAD.072605.CV	3.076e-23	103	1	0	0	1246	Caudoviricetes	NA	NA	K01000;COG0472	UDP-N-acetylmuramyl pentapeptide phosphotransferase/UDP-N-acetylglucosamine-1-phosphate transferase
NC_006461.1_1057	1028819	1030072	1254	1	0.729	11	GGAGG	GENOMAD.026535.CC	2.654e-34	140	1	0	0	1246	Caudoviricetes	NA	NA	PF08245;PF01225;K01925;TIGR01087;COG0773	UDP-N-acetylmuramoylalanine--D-glutamate ligase
NC_006461.1_1058	1030233	1031111	879	1	0.733	11	None	NA	NA	NA	0	0	0	1	NA	NA	NA	NA	NA
NC_006461.1_1059	1031320	1032126	807	1	0.746	11	AGGAG	GENOMAD.101276.CP	8.185e-28	116	0	0	0	1246	Caudoviricetes	NA	NA	PF02684;K02563;TIGR01133;COG0707	undecaprenyldiphospho-muramoylpentapeptide beta-N-acetylglucosaminyltransferase
NC_006461.1_1060	1032123	1033463	1341	1	0.740	11	GGAGG	GENOMAD.089563.CP	3.606e-61	221	1	0	0	1	NA	NA	NA	PF08245;PF02875;K01924;TIGR01082;COG0773	UDP-N-acetylmuramate--L-alanine ligase
NC_006461.1_1061	1033453	1034250	798	1	0.698	11	GGAGG	NA	NA	NA	0	0	0	1	NA	NA	NA	NA	NA
NC_006461.1_1062	1034263	1034847	585	1	0.709	11	AGGAG	GENOMAD.000700.CC	1.014e-24	104	0	0	0	1	NA	NA	NA	PF08478;COG1589	Cell division septal protein FtsQ
NC_006461.1_1063	1034844	1036079	1236	1	0.709	11	GGA/GAG/AGG	GENOMAD.000049.CC	1.884e-68	241	0	0	0	1	NA	NA	NA	PF08841;TIGR01174;COG0849;K02662	cell division protein FtsA
NC_006461.1_1064	1036092	1037150	1059	1	0.688	11	GGAGG	NA	NA	NA	0	0	0	1	NA	NA	NA	NA	NA
NC_006461.1_1065	1037164	1037664	501	1	0.715	11	GGA/GAG/AGG	NA	NA	NA	0	0	0	1	NA	NA	NA	NA	NA
NC_006461.1_1066	1037761	1038246	486	-1	0.667	11	None	GENOMAD.146557.CP	7.291e-42	152	0	0	0	1	NA	NA	NA	PF04008;COG1839;K09129	Adenosine/AMP kinase
NC_006461.1_1067	1038304	1039437	1134	1	0.676	11	AGGA	NA	NA	NA	0	0	0	1	NA	NA	NA	NA	NA
NC_006461.1_1068	1039434	1039946	513	-1	0.663	11	GGAGG	GENOMAD.047742.CC	1.725e-16	79	0	0	0	1	NA	NA	NA	PF04202;PF09912;COG4704	Uncharacterized conserved protein, DUF2141 family
NC_006461.1_1069	1039965	1040780	816	-1	0.702	11	GGAGG	GENOMAD.116415.CP	7.867e-31	125	0	0	0	1	NA	NA	NA	PF00290;K01695;TIGR00262;COG0159	tryptophan synthase, alpha subunit
NC_006461.1_1070	1040777	1041991	1215	-1	0.695	11	GGAG/GAGG	GENOMAD.110049.CP	2.777e-56	205	0	0	0	1	NA	NA	NA	PF19465;COG0133;TIGR00263	Tryptophan synthase beta chain
NC_006461.1_1071	1042070	1042882	813	1	0.646	11	None	GENOMAD.160766.VC	1.889e-27	115	0	0	0	1246	Caudoviricetes	NA	NA	PF02511;PF04042;K02323;COG1311;TIGR02170	Archaeal DNA polymerase II, small subunit/DNA polymerase delta, subunit B
NC_006461.1_1072	1042879	1044909	2031	-1	0.664	11	GGA/GAG/AGG	GENOMAD.072743.VV	1.576e-17	90	0	0	0	9677	Demerecviridae	NA	NA	PF03120;COG0272;TIGR00575	NAD-dependent DNA ligase
NC_006461.1_1073	1044981	1046168	1188	1	0.677	11	AGGAGG	NA	NA	NA	0	0	0	1	NA	NA	NA	NA	NA
NC_006461.1_1074	1046227	1047717	1491	1	0.700	11	None	NA	NA	NA	0	0	0	1	NA	NA	NA	NA	NA
NC_006461.1_1075	1047749	1048678	930	-1	0.716	11	GGAG/GAGG	GENOMAD.028370.CC	1.685e-173	540	0	0	0	1	NA	NA	NA	PF13100;COG3117;TIGR03002	OstA-like protein
NC_006461.1_1076	1048679	1049539	861	-1	0.702	11	AGGAG	GENOMAD.027789.CC	6.225e-156	488	0	0	0	1	NA	NA	NA	PF13100;TIGR03002;COG1934;K09774	OstA-like protein
NC_006461.1_1077	1049536	1049997	462	-1	0.695	11	AGGAG	GENOMAD.038937.CC	5.505e-14	71	0	0	0	1	NA	NA	NA	NA	NA
NC_006461.1_1078	1050124	1051146	1023	-1	0.727	11	GGA/GAG/AGG	GENOMAD.151151.CP	4.97e-75	257	0	0	0	1	NA	NA	NA	PF02388;K11693;COG2348;TIGR04421	Lipid II:glycine glycyltransferase (Peptidoglycan interpeptide bridge formation enzyme)
NC_006461.1_1079	1051201	1052043	843	1	0.689	11	AGxAGG/AGGxGG	GENOMAD.100028.CP	6.107e-41	155	0	0	0	1	NA	NA	NA	PF00800;K04518;COG0077;TIGR01268	Prephenate dehydratase
NC_006461.1_1080	1052030	1052431	402	-1	0.731	11	AGGAGG	NA	NA	NA	0	0	0	1	NA	NA	NA	NA	NA
NC_006461.1_1081	1052428	1053861	1434	-1	0.736	11	None	GENOMAD.126456.CP	1.86e-06	53	0	0	0	1	NA	NA	NA	PF13425;TIGR00947;K18814	putative bicarbonate transporter, IctB family
NC_006461.1_1082	1053928	1054557	630	1	0.705	11	GGA/GAG/AGG	GENOMAD.038193.CC	2.307e-18	86	0	0	0	1	NA	NA	NA	PF13100;COG1934;TIGR03002;K09774	OstA-like protein
NC_006461.1_1083	1054554	1055660	1107	1	0.693	11	None	GENOMAD.075610.CP	1.023e-89	301	0	0	0	1	NA	NA	NA	K11720;COG0795	Lipopolysaccharide export LptBFGC system, permease protein LptF
NC_006461.1_1084	1056167	1056769	603	1	0.733	11	GGAGG	NA	NA	NA	0	0	0	1	NA	NA	NA	NA	NA
NC_006461.1_1085	1056766	1059180	2415	-1	0.679	11	AGGAG	GENOMAD.030096.VV	6.368e-05	49	0	0	0	3505	Mimiviridae	NA	NA	PF09159	Mitochondrial resolvase Ydc2 / RNA splicing MRS1
NC_006461.1_1086	1059293	1060144	852	1	0.725	11	GGA/GAG/AGG	NA	NA	NA	0	0	0	1	NA	NA	NA	NA	NA
NC_006461.1_1087	1060141	1061073	933	-1	0.740	11	None	NA	NA	NA	0	0	0	1	NA	NA	NA	NA	NA
NC_006461.1_1088	1061089	1062027	939	1	0.684	11	GGA/GAG/AGG	GENOMAD.154529.CP	1.171e-20	96	0	0	0	1	NA	NA	NA	PF00756;PF11806;K07214;COG2382;TIGR02821	Enterochelin esterase or related enzyme
NC_006461.1_1089	1062024	1062698	675	1	0.689	11	None	NA	NA	NA	0	0	0	1	NA	NA	NA	NA	NA
NC_006461.1_1090	1062691	1063227	537	1	0.696	11	None	GENOMAD.126918.CP	2.225e-16	79	0	0	0	1	NA	NA	NA	PF03269;TIGR03840;COG4798;K16414	thiopurine S-methyltransferase, Se/Te detoxification family
NC_006461.1_1091	1063217	1065202	1986	-1	0.671	11	AGGAG	GENOMAD.108597.CP	5.194e-292	902	0	0	0	1	NA	NA	NA	PF11982;PF02754;PF13484;K21834;TIGR04105;COG0247	 hydrogenase, group B1/B3
NC_006461.1_1092	1065277	1065480	204	1	0.623	11	None	NA	NA	NA	0	0	0	1	NA	NA	NA	NA	NA
NC_006461.1_1093	1065456	1065911	456	-1	0.682	11	GGA/GAG/AGG	GENOMAD.091081.CP	1.601e-45	162	0	0	0	1	NA	NA	NA	K09775;COG1963	Acid phosphatase family membrane protein YuiD
NC_006461.1_1094	1065895	1066743	849	-1	0.697	11	AGGAG	NA	NA	NA	0	0	0	1	NA	NA	NA	NA	NA
NC_006461.1_1095	1066744	1067199	456	-1	0.702	11	AGGAG	GENOMAD.050274.CV	1.741e-27	110	1	0	0	1	NA	NA	NA	PF01029;COG0781;TIGR00563	Transcription termination factor NusB
NC_006461.1_1096	1067183	1067515	333	-1	0.718	11	GGAG/GAGG	GENOMAD.126845.CP	1.488e-43	154	0	0	0	1	NA	NA	NA	PF03780;COG1302	Uncharacterized conserved protein YloU, alkaline shock protein (Asp23) family
NC_006461.1_1097	1067532	1068869	1338	-1	0.679	11	None	NA	NA	NA	0	0	0	1	NA	NA	NA	NA	NA
NC_006461.1_1098	1068866	1069363	498	-1	0.707	11	GGAG/GAGG	GENOMAD.117180.CP	5.17e-30	118	0	0	0	1	NA	NA	NA	PF00364;K02160;TIGR00531;COG0511	acetyl-CoA carboxylase, biotin carboxyl carrier protein
NC_006461.1_1099	1069458	1070012	555	-1	0.672	11	GGAGG	GENOMAD.105354.CP	3.867e-42	154	1	0	0	1	NA	NA	NA	PF09285;PF01132;PF08207;K02356;TIGR02178;COG0231	elongation factor P-like protein YeiP
NC_006461.1_1100	1070009	1070911	903	-1	0.680	11	None	GENOMAD.003781.CC	4.758e-95	313	0	0	0	1	NA	NA	NA	NA	NA
NC_006461.1_1101	1070918	1071082	165	-1	0.642	11	GGA/GAG/AGG	NA	NA	NA	0	0	0	1	NA	NA	NA	NA	NA
NC_006461.1_1102	1071092	1071976	885	-1	0.701	11	None	GENOMAD.176837.CP	8.051e-25	108	0	0	0	1	NA	NA	NA	PF00326;TIGR02821;COG0627;K06889	Prolyl oligopeptidase family
NC_006461.1_1103	1072006	1072887	882	-1	0.694	11	None	NA	NA	NA	0	0	0	1	NA	NA	NA	NA	NA
NC_006461.1_1104	1072906	1074231	1326	-1	0.699	11	None	NA	NA	NA	0	0	0	1	NA	NA	NA	NA	NA
NC_006461.1_1105	1074249	1074740	492	1	0.707	11	GGA/GAG/AGG	GENOMAD.141911.CP	1.956e-82	269	0	0	0	1	NA	NA	NA	PF08923;COG2018;K07131	Mitogen-activated protein kinase kinase 1 interacting
NC_006461.1_1106	1074747	1075337	591	1	0.643	11	None	GENOMAD.116883.CP	2.814e-60	207	0	0	0	1	NA	NA	NA	PF10662;K24105;TIGR00231;COG1100	Ethanolamine utilisation - propanediol utilisation
NC_006461.1_1107	1075447	1075626	180	1	0.611	11	GGA/GAG/AGG	NA	NA	NA	0	0	0	1	NA	NA	NA	NA	NA
NC_006461.1_1108	1075629	1076135	507	1	0.639	11	AGxAGG/AGGxGG	GENOMAD.157995.CP	1.51e-17	82	0	0	0	1	NA	NA	NA	PF00116;COG2822;K24010;TIGR03096	Cytochrome C oxidase subunit II, periplasmic domain
NC_006461.1_1109	1076139	1077827	1689	1	0.668	11	AGGAG	GENOMAD.168557.CP	1.521e-29	128	0	0	0	1	NA	NA	NA	PF00115;TIGR00780;K02274;COG3278	cytochrome c oxidase, cbb3-type, subunit I
NC_006461.1_1110	1077883	1078353	471	1	0.715	11	GGA/GAG/AGG	NA	NA	NA	0	0	0	1	NA	NA	NA	NA	NA
NC_006461.1_1111	1078350	1079498	1149	1	0.715	11	GGAGG	GENOMAD.161779.CP	2.749e-11	68	0	0	0	1	NA	NA	NA	COG2814;K08153	Predicted arabinose efflux permease, MFS family
NC_006461.1_1112	1079567	1079836	270	1	0.644	11	GGAGG	GENOMAD.056361.CP	3.06e-34	126	1	0	0	1	NA	NA	NA	PF00312;TIGR00952;COG0184	ribosomal protein S15, bacterial/organelle
NC_006461.1_1113	1079898	1082039	2142	1	0.692	11	AGGAG	GENOMAD.056657.CV	1.287e-210	669	0	0	0	1246	Caudoviricetes	NA	NA	PF01138;PF03726;PF03725;K00962;TIGR02696;COG1185	guanosine pentaphosphate synthetase I/polynucleotide phosphorylase
NC_006461.1_1114	1082177	1083817	1641	1	0.668	11	GGA/GAG/AGG	GENOMAD.117090.CP	2.425e-28	124	0	0	0	1246	Caudoviricetes	NA	NA	PF17770;PF19583;K12574;TIGR00649;COG0595	beta-CASP ribonuclease, RNase J family
NC_006461.1_1115	1083827	1086256	2430	-1	0.697	11	GGA/GAG/AGG	NA	NA	NA	0	0	0	1	NA	NA	NA	NA	NA
NC_006461.1_1116	1086288	1086644	357	-1	0.714	11	None	NA	NA	NA	0	0	0	1	NA	NA	NA	NA	NA
NC_006461.1_1117	1086622	1089513	2892	-1	0.727	11	None	NA	NA	NA	0	0	0	1	NA	NA	NA	NA	NA
NC_006461.1_1118	1089610	1090755	1146	1	0.654	11	AGGAG	NA	NA	NA	0	0	0	1	NA	NA	NA	NA	NA
NC_006461.1_1119	1090767	1091510	744	1	0.688	11	AGGAG	NA	NA	NA	0	0	0	1	NA	NA	NA	NA	NA
NC_006461.1_1120	1091520	1092464	945	1	0.706	11	AGGAG	NA	NA	NA	0	0	0	1	NA	NA	NA	NA	NA
NC_006461.1_1121	1092559	1093020	462	-1	0.710	11	AGGAG	GENOMAD.195691.VC	2.747e-57	196	0	0	0	1	NA	NA	NA	PF04999;COG5462;TIGR02209	Predicted secreted (periplasmic) protein
NC_006461.1_1122	1093092	1094657	1566	1	0.665	11	None	GENOMAD.114541.CP	4.156e-104	350	0	0	0	1	NA	NA	NA	PF01039;K01604;TIGR01117;COG4799	methylmalonyl-CoA decarboxylase alpha subunit
NC_006461.1_1123	1094657	1095316	660	1	0.717	11	None	GENOMAD.193137.CV	0.0002547	44	0	0	0	1	NA	NA	NA	PF16265;COG1573;TIGR00758	Uracil-DNA glycosylase
NC_006461.1_1124	1095294	1097021	1728	-1	0.683	11	None	GENOMAD.080846.CV	2.465e-06	53	0	0	0	1	NA	NA	NA	PF01876;K04477;COG1387;TIGR01856	Histidinol phosphatase or related hydrolase of the PHP family
NC_006461.1_1125	1097057	1097296	240	1	0.658	11	GGA/GAG/AGG	NA	NA	NA	0	0	0	1	NA	NA	NA	NA	NA
NC_006461.1_1126	1097306	1097437	132	1	0.727	11	AGGA	NA	NA	NA	0	0	0	1	NA	NA	NA	NA	NA
NC_006461.1_1127	1097469	1098695	1227	1	0.698	11	None	GENOMAD.124378.CP	0.000849	44	0	0	0	1	NA	NA	NA	PF02073;COG2309;K19689	Leucyl aminopeptidase (aminopeptidase T)
NC_006461.1_1128	1098696	1100069	1374	-1	0.732	11	GGAGG	NA	NA	NA	0	0	0	1	NA	NA	NA	NA	NA
NC_006461.1_1129	1100066	1100188	123	-1	0.707	11	3Base/5BMM	NA	NA	NA	0	0	0	1	NA	NA	NA	NA	NA
NC_006461.1_1130	1100198	1100626	429	-1	0.704	11	GGAGG	GENOMAD.141423.CP	2.306e-10	60	0	0	0	1	NA	NA	NA	PF13171;TIGR02044;K19592;COG0789	Cu(I)-responsive transcriptional regulator
NC_006461.1_1131	1100627	1101865	1239	-1	0.709	11	None	NA	NA	NA	0	0	0	1	NA	NA	NA	NA	NA
NC_006461.1_1132	1101963	1102907	945	1	0.670	11	AGGAG	NA	NA	NA	0	0	0	1	NA	NA	NA	NA	NA
NC_006461.1_1133	1102970	1104943	1974	1	0.694	11	GGA/GAG/AGG	NA	NA	NA	0	0	0	1	NA	NA	NA	NA	NA
NC_006461.1_1134	1104950	1105684	735	1	0.664	11	None	NA	NA	NA	0	0	0	1	NA	NA	NA	NA	NA
NC_006461.1_1135	1105691	1106107	417	1	0.717	11	None	NA	NA	NA	0	0	0	1	NA	NA	NA	NA	NA
NC_006461.1_1136	1106082	1106900	819	-1	0.724	11	GGA/GAG/AGG	NA	NA	NA	0	0	0	1	NA	NA	NA	NA	NA
NC_006461.1_1137	1106913	1107326	414	-1	0.684	11	GGAGG	NA	NA	NA	0	0	0	1	NA	NA	NA	NA	NA
NC_006461.1_1138	1107388	1107618	231	-1	0.645	11	None	NA	NA	NA	0	0	0	1	NA	NA	NA	NA	NA
NC_006461.1_1139	1107645	1108409	765	1	0.690	11	GGA/GAG/AGG	NA	NA	NA	0	0	0	1	NA	NA	NA	NA	NA
NC_006461.1_1140	1108414	1109121	708	1	0.746	11	AGGA	GENOMAD.120983.CP	9.67e-10	61	0	0	0	1	NA	NA	NA	PF00977;K24017;TIGR00734;COG1411	hisA/hisF family protein
NC_006461.1_1141	1109109	1109426	318	1	0.730	11	AGGAGG	GENOMAD.056150.CC	2.157e-37	136	0	0	0	1	NA	NA	NA	COG3771	Uncharacterized membrane protein YciS, DUF1049 family
NC_006461.1_1142	1109423	1111423	2001	1	0.728	11	GGA/GAG/AGG	NA	NA	NA	0	0	0	1	NA	NA	NA	NA	NA
NC_006461.1_1143	1111395	1111958	564	1	0.716	11	GGAGG	GENOMAD.047786.CC	5.048e-109	347	0	0	0	1	NA	NA	NA	PF20660	NA
NC_006461.1_1144	1111942	1114530	2589	-1	0.674	11	None	GENOMAD.137276.CP	5.358e-21	102	0	0	0	1	NA	NA	NA	PF10458	Valyl tRNA synthetase tRNA binding arm
NC_006461.1_1145	1114585	1115370	786	-1	0.690	11	None	NA	NA	NA	0	0	0	1	NA	NA	NA	NA	NA
NC_006461.1_1146	1115436	1116200	765	-1	0.659	11	AGGAG	GENOMAD.141264.CP	2.904e-10	63	0	0	0	1	NA	NA	NA	PF00497;K10036;TIGR02995;COG0834	ectoine/hydroxyectoine ABC transporter solute-binding protein
NC_006461.1_1147	1116241	1118673	2433	-1	0.717	11	GGA/GAG/AGG	GENOMAD.118399.CP	9.089e-28	124	0	0	0	1	NA	NA	NA	PF11897;COG0058;TIGR02093	Glucan phosphorylase
NC_006461.1_1148	1118715	1120187	1473	-1	0.699	11	GGAG/GAGG	NA	NA	NA	0	0	0	1	NA	NA	NA	NA	NA
NC_006461.1_1149	1120156	1121496	1341	-1	0.693	11	GGA/GAG/AGG	NA	NA	NA	0	0	0	1	NA	NA	NA	NA	NA
NC_006461.1_1150	1121510	1122814	1305	-1	0.692	11	GGA/GAG/AGG	GENOMAD.108089.CP	3.162e-10	65	0	0	0	1	NA	NA	NA	PF18693	TRAM domain
NC_006461.1_1151	1122855	1123712	858	-1	0.746	11	None	GENOMAD.068328.CP	6.403e-17	84	0	0	0	1	NA	NA	NA	PF13464;PF13413;K15539;COG1426;TIGR00673	Cytoskeletal protein RodZ, contains Xre-like HTH and DUF4115 domains
NC_006461.1_1152	1123717	1124562	846	-1	0.730	11	AGGA/GGAG/GAGG	GENOMAD.161727.CP	8.784e-97	317	0	0	0	1	NA	NA	NA	PF04227;K16329;COG2313	Pseudouridine-5'-phosphate glycosidase (pseudoU degradation)
NC_006461.1_1153	1124570	1125322	753	-1	0.753	11	GGxGG	GENOMAD.022601.CC	2.635e-24	105	0	0	0	1	NA	NA	NA	PF14332	NA
NC_006461.1_1154	1125298	1126086	789	-1	0.733	11	GGA/GAG/AGG	GENOMAD.147451.CP	8.868e-38	145	0	0	0	1	NA	NA	NA	PF03881;K15523;COG3001;TIGR02721	Fructosamine kinase
NC_006461.1_1155	1126049	1126534	486	-1	0.698	11	None	GENOMAD.178001.CP	2.185e-05	46	0	0	0	1	NA	NA	NA	PF01451;COG0394;TIGR02689;K20201	Protein-tyrosine-phosphatase
NC_006461.1_1156	1126596	1128143	1548	-1	0.716	11	AGGAG	GENOMAD.125901.CP	5.251e-11	68	0	0	0	1	NA	NA	NA	PF04340;PF14501;K07682;COG4251;TIGR01817	Bacteriophytochrome (light-regulated signal transduction histidine kinase)
NC_006461.1_1157	1128130	1128864	735	-1	0.718	11	AGGAG	NA	NA	NA	0	0	0	1	NA	NA	NA	NA	NA
NC_006461.1_1158	1128875	1130962	2088	-1	0.719	11	3Base/5BMM	NA	NA	NA	0	0	0	1	NA	NA	NA	NA	NA
NC_006461.1_1159	1130979	1131338	360	-1	0.678	11	None	NA	NA	NA	0	0	0	1	NA	NA	NA	NA	NA
NC_006461.1_1160	1131928	1133034	1107	-1	0.696	11	GGAG/GAGG	NA	NA	NA	0	0	0	1	NA	NA	NA	NA	NA
NC_006461.1_1161	1133109	1133771	663	1	0.722	11	None	NA	NA	NA	0	0	0	1	NA	NA	NA	NA	NA
NC_006461.1_1162	1133761	1134891	1131	1	0.683	11	AGxAGG/AGGxGG	NA	NA	NA	0	0	0	1	NA	NA	NA	NA	NA
NC_006461.1_1163	1134867	1135430	564	1	0.715	11	AGGAGG	GENOMAD.097758.CP	1.73e-06	50	0	0	0	1	NA	NA	NA	PF02545;K06287;COG0424;TIGR00172	Predicted house-cleaning NTP pyrophosphatase, Maf/HAM1 superfamily
NC_006461.1_1164	1135427	1136215	789	1	0.760	11	GGxGG	GENOMAD.091846.CV	1.348e-08	58	0	0	0	1	NA	NA	NA	PF04085;K03570;TIGR00219;COG1792	rod shape-determining protein MreC
NC_006461.1_1165	1136226	1136684	459	1	0.699	11	AGxAGG/AGGxGG	GENOMAD.035135.CC	5.136e-50	175	0	0	0	1	NA	NA	NA	PF17099;COG2891;TIGR03426;K03571	Cell shape-determining protein MreD
NC_006461.1_1166	1136681	1138408	1728	1	0.707	11	GGAGG	GENOMAD.108470.CP	6.226e-23	107	0	0	0	1246	Caudoviricetes	NA	NF000406	PF00905;PF03717;PF05223;TIGR03423;K05515;COG0768	penicillin-binding protein 2
NC_006461.1_1167	1138413	1138952	540	1	0.761	11	GGA/GAG/AGG	GENOMAD.142091.CP	4.014e-30	119	0	0	0	1	NA	NA	NA	PF03775	Septum formation inhibitor MinC, C-terminal domain
NC_006461.1_1168	1139072	1139509	438	-1	0.683	11	GGAGG	GENOMAD.115149.CP	7.799e-34	128	0	0	0	1	NA	NA	NA	PF04238;COG2322;TIGR02842	Uncharacterized membrane protein YozB, DUF420 family
NC_006461.1_1169	1139506	1139778	273	-1	0.707	11	None	GENOMAD.047734.CC	1.914e-39	141	0	0	0	1	NA	NA	NA	NA	NA
NC_006461.1_1170	1139798	1140382	585	-1	0.721	11	GGAGG	NA	NA	NA	0	0	0	1	NA	NA	NA	NA	NA
NC_006461.1_1171	1140470	1141615	1146	-1	0.709	11	AGGAGG	GENOMAD.105950.CP	5.706e-34	138	0	0	0	1	NA	NA	NA	NA	NA
NC_006461.1_1172	1141606	1142652	1047	-1	0.692	11	GGAGG	GENOMAD.115187.CP	3.311e-49	182	0	0	0	1	NA	NA	NA	PF02774;PF01118;K05829;TIGR01850;COG0002	N-acetyl-gamma-glutamyl-phosphate reductase, common form
NC_006461.1_1173	1142646	1143161	516	-1	0.651	11	None	GENOMAD.136917.CP	5.766e-07	51	0	0	0	1	NA	NA	NA	PF05685;COG4636	Endonuclease, Uma2 family (restriction endonuclease fold)
NC_006461.1_1174	1143166	1144071	906	-1	0.679	11	None	GENOMAD.121924.CP	1.938e-18	89	0	0	0	1	NA	NA	NA	NA	NA
NC_006461.1_1175	1144115	1144798	684	-1	0.693	11	GGAGG	GENOMAD.148523.CP	3.493e-07	53	0	0	0	1	NA	NA	NA	PF06452;PF02585;K18455;TIGR03446;COG2120	mycothiol conjugate amidase Mca
NC_006461.1_1176	1144791	1145099	309	-1	0.641	11	None	NA	NA	NA	0	0	0	1	NA	NA	NA	NA	NA
NC_006461.1_1177	1145122	1145412	291	-1	0.674	11	None	GENOMAD.157928.CP	2.375e-09	55	0	0	0	1	NA	NA	NF012212	PF18765;COG1669	Predicted nucleotidyltransferase
NC_006461.1_1178	1145422	1146021	600	-1	0.677	11	3Base/5BMM	GENOMAD.097860.CP	6.177e-34	131	0	0	0	1	NA	NA	NA	COG0344	Phospholipid biosynthesis protein PlsY, probable glycerol-3-phosphate acyltransferase
NC_006461.1_1179	1146094	1146813	720	-1	0.656	11	GGxGG	GENOMAD.152309.CP	3.638e-27	113	0	0	0	1	NA	NA	NA	PF06182;COG3694;TIGR01291	ABC-2 family transporter protein
NC_006461.1_1180	1146894	1147889	996	1	0.678	11	GGAGG	NA	NA	NA	0	0	0	1	NA	NA	NA	NA	NA
NC_006461.1_1181	1147946	1148722	777	1	0.674	11	GGAGG	GENOMAD.152527.CP	2.083e-75	254	0	0	0	1	NA	NA	NA	PF06182;COG4587;TIGR01247	ABC-2 family transporter protein
NC_006461.1_1182	1148730	1149254	525	1	0.674	11	AGxAGG/AGGxGG	GENOMAD.136917.CP	0.0005991	42	0	0	0	1	NA	NA	NA	PF05685;COG4636	Endonuclease, Uma2 family (restriction endonuclease fold)
NC_006461.1_1183	1149235	1150809	1575	-1	0.681	11	AGxAGG/AGGxGG	GENOMAD.110994.CP	6.195e-46	178	0	0	0	1	NA	NA	NA	PF08502	LeuA allosteric (dimerisation) domain
NC_006461.1_1184	1150803	1151330	528	-1	0.680	11	AGGA	NA	NA	NA	0	0	0	1	NA	NA	NA	NA	NA
NC_006461.1_1185	1151356	1152918	1563	-1	0.674	11	GGAGG	NA	NA	NA	0	0	0	1	NA	NA	NA	NA	NA
NC_006461.1_1186	1152976	1153989	1014	-1	0.681	11	AGGAGG	NA	NA	NA	0	0	0	1	NA	NA	NA	NA	NA
NC_006461.1_1187	1153986	1154498	513	-1	0.651	11	AGGAGG	GENOMAD.090481.CP	2.837e-30	119	0	0	0	1	NA	NA	NA	PF10369;PF13710;TIGR00119;COG0440;K06862	acetolactate synthase, small subunit
NC_006461.1_1188	1154495	1156183	1689	-1	0.685	11	AGGAG	NA	NA	NA	0	0	0	1	NA	NA	NA	NA	NA
NC_006461.1_1189	1156338	1157318	981	-1	0.706	11	None	NA	NA	NA	0	0	0	1	NA	NA	NA	NA	NA
NC_006461.1_1190	1157476	1157946	471	1	0.692	11	None	NA	NA	NA	0	0	0	1	NA	NA	NA	NA	NA
NC_006461.1_1191	1158046	1158468	423	1	0.709	11	GGA/GAG/AGG	NA	NA	NA	0	0	0	1	NA	NA	NA	NA	NA
NC_006461.1_1192	1158455	1158826	372	1	0.645	11	GGAGG	NA	NA	NA	0	0	0	1	NA	NA	NA	NA	NA
NC_006461.1_1193	1158823	1159533	711	1	0.665	11	GGxGG	NA	NA	NA	0	0	0	1	NA	NA	NA	NA	NA
NC_006461.1_1194	1159547	1161046	1500	1	0.652	11	GGAGG	NA	NA	NA	0	0	0	1	NA	NA	NA	NA	NA
NC_006461.1_1195	1161319	1161687	369	1	0.602	11	AGGAGG	NA	NA	NA	0	0	0	1	NA	NA	NA	NA	NA
NC_006461.1_1196	1161776	1162117	342	1	0.570	11	GGA/GAG/AGG	NA	NA	NA	0	0	0	1	NA	NA	NA	NA	NA
NC_006461.1_1197	1162167	1162304	138	1	0.717	11	AGGA	NA	NA	NA	0	0	0	1	NA	NA	NA	NA	NA
NC_006461.1_1198	1162310	1163071	762	1	0.644	11	None	NA	NA	NA	0	0	0	1	NA	NA	NA	NA	NA
NC_006461.1_1199	1163448	1163684	237	1	0.667	11	GGA/GAG/AGG	NA	NA	NA	0	0	0	1	NA	NA	NA	NA	NA
NC_006461.1_1200	1163681	1164238	558	-1	0.674	11	AGGAG(G)/GGAGG	NA	NA	NA	0	0	0	1	NA	NA	NA	NA	NA
NC_006461.1_1201	1164257	1164913	657	-1	0.726	11	None	GENOMAD.111798.CP	7.657e-77	256	0	0	0	1	NA	NA	NA	PF02616;COG1354;K05896	Chromatin segregation and condensation protein Rec8/ScpA/Scc1, kleisin family
NC_006461.1_1202	1164910	1165923	1014	-1	0.661	11	None	NA	NA	NA	0	0	0	1	NA	NA	NA	NA	NA
NC_006461.1_1203	1166230	1167666	1437	1	0.677	11	AGGA	GENOMAD.120831.CP	3.012e-85	293	0	0	0	1	NA	NA	NA	PF00330;K01702;TIGR00170;COG0065	3-isopropylmalate dehydratase, large subunit
NC_006461.1_1204	1167680	1168285	606	1	0.653	11	AGGAG	GENOMAD.120765.CP	3.818e-59	204	0	0	0	1	NA	NA	NA	PF00694;K01704;COG0066;TIGR00171	3-isopropylmalate dehydratase small subunit
NC_006461.1_1205	1168282	1169319	1038	1	0.700	11	AGGAG	NA	NA	NA	0	0	0	1	NA	NA	NA	NA	NA
NC_006461.1_1206	1169329	1169868	540	1	0.657	11	None	GENOMAD.136917.CP	6.824e-06	48	0	0	0	1	NA	NA	NA	PF05685;COG4636	Endonuclease, Uma2 family (restriction endonuclease fold)
NC_006461.1_1207	1169865	1170398	534	1	0.670	11	AGGAG	GENOMAD.136917.CP	6.519e-08	54	0	0	0	1	NA	NA	NA	PF05685;COG4636	Endonuclease, Uma2 family (restriction endonuclease fold)
NC_006461.1_1208	1170395	1171129	735	1	0.716	11	GGAGG	NA	NA	NA	0	0	0	1	NA	NA	NA	NA	NA
NC_006461.1_1209	1171126	1172793	1668	1	0.697	11	GGAGG	NA	NA	NA	0	0	0	1	NA	NA	NA	NA	NA
NC_006461.1_1210	1172790	1173176	387	-1	0.711	11	None	NA	NA	NA	0	0	0	1	NA	NA	NA	NA	NA
NC_006461.1_1211	1173213	1173482	270	-1	0.652	11	GGA/GAG/AGG	NA	NA	NA	0	0	0	1	NA	NA	NA	NA	NA
NC_006461.1_1212	1173470	1174267	798	-1	0.675	11	GGAGG	NA	NA	NA	0	0	0	1	NA	NA	NA	NA	NA
NC_006461.1_1213	1174264	1175043	780	-1	0.667	11	GGAG/GAGG	GENOMAD.119384.CP	1.198e-07	55	0	0	0	1	NA	NA	NA	PF00528;K02054;COG4132;TIGR01253	ABC-type uncharacterized transport system, permease component
NC_006461.1_1214	1175040	1175900	861	-1	0.666	11	GGxGG	GENOMAD.125776.CP	3.296e-07	54	0	0	0	1	NA	NA	NA	PF00528;K02054;TIGR01253;COG1175	thiamine ABC transporter, permease protein
NC_006461.1_1215	1175893	1177011	1119	-1	0.691	11	GGA/GAG/AGG	NA	NA	NA	0	0	0	1	NA	NA	NA	NA	NA
NC_006461.1_1216	1177023	1178102	1080	-1	0.702	11	None	NA	NA	NA	0	0	0	1	NA	NA	NA	NA	NA
NC_006461.1_1217	1178114	1178335	222	-1	0.662	11	GGxGG	GENOMAD.145312.CP	7.733e-33	121	0	0	0	1	NA	NA	NA	PF03776;COG0851;K03608;TIGR01215	Septum formation topological specificity factor MinE
NC_006461.1_1218	1178335	1179138	804	-1	0.697	11	AGGAGG	NA	NA	NA	0	0	0	1	NA	NA	NA	NA	NA
NC_006461.1_1219	1179135	1179440	306	-1	0.686	11	None	NA	NA	NA	0	0	0	1	NA	NA	NA	NA	NA
NC_006461.1_1220	1179522	1179659	138	1	0.696	11	None	NA	NA	NA	0	0	0	1	NA	NA	NA	NA	NA
NC_006461.1_1221	1179669	1181213	1545	1	0.680	11	None	NA	NA	NA	0	0	0	1	NA	NA	NA	NA	NA
NC_006461.1_1222	1181222	1181608	387	1	0.664	11	AGGAG	GENOMAD.025592.CC	3.784e-42	151	0	0	0	1	NA	NA	NA	PF08332;COG4994;TIGR02246	Calcium/calmodulin dependent protein kinase II association domain
NC_006461.1_1223	1181643	1183589	1947	-1	0.686	11	AGGAG	NA	NA	NA	0	0	0	1	NA	NA	NA	NA	NA
NC_006461.1_1224	1183723	1186257	2535	1	0.739	11	AGGA/GGAG/GAGG	GENOMAD.127200.CP	7.647e-23	108	0	0	0	1	NA	NA	NA	PF01614;PF08279;K13641;TIGR02431;COG1414	beta-ketoadipate pathway transcriptional regulators, PcaR/PcaU/PobR family
NC_006461.1_1225	1186235	1188118	1884	1	0.686	11	GGAGG	NA	NA	NA	0	0	0	1	NA	NA	NA	NA	NA
NC_006461.1_1226	1188182	1191175	2994	-1	0.665	11	None	NA	NA	NA	0	0	0	1	NA	NA	NA	NA	NA
NC_006461.1_1227	1191316	1192287	972	-1	0.708	11	GGA/GAG/AGG	GENOMAD.034179.CC	3.835e-06	51	0	0	0	1	NA	NA	NA	PF00814;TIGR03725;K14742;COG1214	tRNA threonylcarbamoyl adenosine modification protein YeaZ
NC_006461.1_1228	1192494	1193639	1146	1	0.734	11	GGxGG	NA	NA	NA	0	0	0	1	NA	NA	NA	NA	NA
NC_006461.1_1229	1193647	1194072	426	1	0.716	11	AGGAG(G)/GGAGG	GENOMAD.038945.CC	4.474e-71	235	0	0	0	1	NA	NA	NA	PF09390;TIGR02382;COG1247	Acetyltransferase (GNAT) domain, PanZ
NC_006461.1_1230	1194080	1194289	210	1	0.686	11	AGGAG	GENOMAD.179785.CP	1.861e-37	134	0	0	0	1	NA	NA	NA	COG2608	Copper chaperone CopZ
NC_006461.1_1231	1194286	1194609	324	-1	0.707	11	None	NA	NA	NA	0	0	0	1	NA	NA	NA	NA	NA
NC_006461.1_1232	1194627	1196813	2187	1	0.734	11	None	NA	NA	NA	0	0	0	1	NA	NA	NA	NA	NA
NC_006461.1_1233	1196819	1197220	402	1	0.726	11	None	GENOMAD.038949.CC	3.796e-10	59	0	0	0	1	NA	NA	NA	NA	NA
NC_006461.1_1234	1197223	1199832	2610	1	0.757	11	GGAG/GAGG	NA	NA	NA	0	0	0	1	NA	NA	NA	NA	NA
NC_006461.1_1235	1199805	1201577	1773	1	0.713	11	AGxAGG/AGGxGG	GENOMAD.103677.VV	3.104e-07	56	0	0	0	2629	Schmidvirus	NA	NA	PF13662;COG1658;TIGR00334	5S rRNA maturation endonuclease (Ribonuclease M5), contains TOPRIM domain
NC_006461.1_1236	1201574	1203076	1503	-1	0.692	11	None	NA	NA	NA	0	0	0	1	NA	NA	NA	NA	NA
NC_006461.1_1237	1203165	1204037	873	-1	0.669	11	None	GENOMAD.140404.CP	6.245e-06	50	0	0	0	1	NA	NA	NA	NA	NA
NC_006461.1_1238	1204058	1204912	855	-1	0.681	11	None	GENOMAD.142063.CP	3.979e-09	60	0	0	0	1	NA	NA	NA	PF06027;COG2962;TIGR03340;K15268	Uncharacterized membrane protein RarD, contains two EamA domains
NC_006461.1_1239	1204902	1206122	1221	-1	0.695	11	GGAGG	NA	NA	NA	0	0	0	1	NA	NA	NA	NA	NA
NC_006461.1_1240	1206115	1207317	1203	-1	0.725	11	GGA/GAG/AGG	NA	NA	NA	0	0	0	1	NA	NA	NA	NA	NA
NC_006461.1_1241	1207342	1209654	2313	1	0.697	11	GGA/GAG/AGG	NA	NA	NA	0	0	0	1	NA	NA	NA	NA	NA
NC_006461.1_1242	1209654	1210430	777	1	0.727	11	GGA/GAG/AGG	GENOMAD.046624.CC	2.245e-153	479	0	0	0	1	NA	NA	NA	PF20352	NA
NC_006461.1_1243	1210384	1211028	645	-1	0.687	11	None	GENOMAD.015171.CC	4.347e-107	343	0	0	0	1	NA	NA	NA	PF03283;K19882	Pectinacetylesterase
NC_006461.1_1244	1211050	1212228	1179	1	0.645	11	AGGAG	NA	NA	NA	0	0	0	1	NA	NA	NA	NA	NA
NC_006461.1_1245	1212212	1212640	429	-1	0.662	11	GGAGG	GENOMAD.015171.CC	2.95e-84	273	0	0	0	1	NA	NA	NA	PF03283;K19882	Pectinacetylesterase
NC_006461.1_1246	1212733	1213404	672	-1	0.707	11	GGAGG	GENOMAD.000560.CC	6.313e-22	97	1	0	0	1	NA	NA	NA	PF01813;COG1394;TIGR00309;K02120	Archaeal/vacuolar-type H+-ATPase subunit D/Vma8
NC_006461.1_1247	1213415	1214851	1437	-1	0.658	11	AGxAGG/AGGxGG	NA	NA	NA	0	0	0	1	NA	NA	NA	NA	NA
NC_006461.1_1248	1214862	1216598	1737	-1	0.680	11	GGAGG	GENOMAD.089037.CP	1.187e-118	395	1	0	0	1	NA	NA	NA	PF16886;PF02874;PF00006;K02117;TIGR01042;COG1155	V-type (H+)-ATPase V1, A subunit
NC_006461.1_1249	1216611	1216937	327	-1	0.706	11	AGGAGG	GENOMAD.009942.CC	5.493e-45	158	0	0	0	1	NA	NA	NA	PF01990;K02122;COG1436;TIGR01101	Archaeal/vacuolar-type H+-ATPase subunit F/Vma7
NC_006461.1_1250	1216928	1217899	972	-1	0.708	11	None	GENOMAD.001515.CC	2.926e-174	543	0	0	0	1	NA	NA	NA	PF01992;K02119;TIGR02923;COG1527	ATP synthase A1, C subunit
NC_006461.1_1251	1217903	1218469	567	-1	0.734	11	GGAGG	GENOMAD.003588.CC	3.877e-87	284	0	0	0	1	NA	NA	NA	PF01991;K02121;COG1390;TIGR03825	Archaeal/vacuolar-type H+-ATPase subunit E/Vma4
NC_006461.1_1252	1218529	1218828	300	-1	0.697	11	AGGAG	GENOMAD.000606.CC	2.338e-18	81	0	0	0	1	NA	NA	NA	PF00137;TIGR03322;COG0636	alternate F1F0 ATPase, F0 subunit C
NC_006461.1_1253	1218843	1220801	1959	-1	0.686	11	AGGAG	GENOMAD.099098.CP	0.0	1163	1	0	0	1	NA	NA	NA	COG1269;K02123	Archaeal/vacuolar-type H+-ATPase subunit I/STV1
NC_006461.1_1254	1220798	1221112	315	-1	0.714	11	GGAGG	GENOMAD.047489.CC	8.341e-39	140	0	0	0	1	NA	NA	NA	PF16999;TIGR03321	Vacuolar (H+)-ATPase G subunit
NC_006461.1_1255	1221215	1222363	1149	1	0.710	11	None	GENOMAD.086164.CV	3.243e-55	201	0	0	0	1246	Caudoviricetes	NA	NA	PF10672;PF17785;K06969;COG1092;TIGR00095	23S rRNA G2069 N7-methylase RlmK or C1962 C5-methylase RlmI
NC_006461.1_1256	1222373	1222582	210	1	0.690	11	None	GENOMAD.038829.CC	1.626e-16	74	0	0	0	1	NA	NA	NA	PF11609	NA
NC_006461.1_1257	1222579	1222932	354	1	0.720	11	GGxGG	GENOMAD.047815.CC	1.254e-48	169	0	0	0	1	NA	NA	NA	PF12723	NA
NC_006461.1_1258	1222960	1223634	675	1	0.673	11	AGGAG	GENOMAD.119476.CP	1.859e-41	154	0	0	0	1	NA	NA	NA	PF13483;COG2220;TIGR03307;K03476	L-ascorbate metabolism protein UlaG, beta-lactamase superfamily
NC_006461.1_1259	1223627	1224268	642	1	0.706	11	GGAG/GAGG	GENOMAD.013203.CC	5.98e-07	52	0	0	0	1	NA	NA	NA	PF09205;PF07714;K08857;COG0478;TIGR03903	RIO-like serine/threonine protein kinase fused to N-terminal HTH domain
NC_006461.1_1260	1224327	1226216	1890	1	0.718	11	GGAGG	GENOMAD.208477.CP	0.0003806	46	0	0	0	1	NA	NA	NA	PF00501;K04787;TIGR03089;COG1022	TIGR03089 family protein
NC_006461.1_1261	1226194	1227687	1494	-1	0.692	11	AGGAG/GGAGG	GENOMAD.113193.CP	1.245e-253	782	0	0	0	1	NA	NA	NA	PF03023;K03980;TIGR01695;COG0728	murein biosynthesis integral membrane protein MurJ
NC_006461.1_1262	1227680	1228702	1023	-1	0.673	11	GGAGG	GENOMAD.016328.CC	5.658e-14	76	0	0	0	1	NA	NA	NA	PF09723;TIGR02605;COG1773	putative regulatory protein, FmdB family
NC_006461.1_1263	1228724	1231624	2901	-1	0.746	11	GGAGG	NA	NA	NA	0	0	0	1	NA	NA	NA	NA	NA
NC_006461.1_1264	1231605	1232723	1119	-1	0.722	11	None	NA	NA	NA	0	0	0	1	NA	NA	NA	NA	NA
NC_006461.1_1265	1232743	1233012	270	-1	0.707	11	None	NA	NA	NA	0	0	0	1	NA	NA	NA	NA	NA
NC_006461.1_1266	1233173	1233808	636	1	0.701	11	None	NA	NA	NA	0	0	0	1	NA	NA	NA	NA	NA
NC_006461.1_1267	1233813	1234181	369	1	0.751	11	GGA/GAG/AGG	NA	NA	NA	0	0	0	1	NA	NA	NA	NA	NA
NC_006461.1_1268	1234200	1234598	399	-1	0.694	11	GGAGG	GENOMAD.206774.CP	9.451e-59	199	0	0	0	1	NA	NA	NA	PF14076;COG2929	Uncharacterized conserved protein, DUF497 family
NC_006461.1_1269	1234657	1235217	561	-1	0.663	11	AGGAGG	GENOMAD.102930.CV	2.991e-27	111	0	0	0	2773	Inoviridae	NA	NA	PF02482;PF16321;K05808;TIGR00741;COG1544	ribosomal subunit interface protein
NC_006461.1_1270	1235214	1235942	729	-1	0.698	11	None	NA	NA	NA	0	0	0	1	NA	NA	NA	NA	NA
NC_006461.1_1271	1236008	1237327	1320	1	0.678	11	GGAG/GAGG	GENOMAD.074877.CP	6.701e-06	51	0	0	0	1	NA	NA	NA	PF03572;PF18294;COG0793;K03797;TIGR00225	C-terminal processing protease CtpA/Prc, contains a PDZ domain
NC_006461.1_1272	1237350	1237694	345	-1	0.609	11	None	NA	NA	NA	0	0	0	1	NA	NA	NA	NA	NA
NC_006461.1_1273	1237809	1239665	1857	-1	0.663	11	GGAGG	GENOMAD.091090.CV	5.512e-06	52	0	0	0	1	NA	NA	NA	NA	NA
NC_006461.1_1274	1239756	1240439	684	-1	0.713	11	AGxAGG/AGGxGG	NA	NA	NA	0	0	0	1	NA	NA	NA	NA	NA
NC_006461.1_1275	1240439	1240915	477	-1	0.686	11	GGA/GAG/AGG	GENOMAD.132856.CP	1.707e-10	61	0	0	0	1	NA	NA	NA	PF05988;TIGR03137;K24120;COG1225	peroxiredoxin
NC_006461.1_1276	1240955	1242094	1140	-1	0.676	11	GGAGG	NA	NA	NA	0	0	0	1	NA	NA	NA	NA	NA
NC_006461.1_1277	1242097	1242930	834	-1	0.716	11	GGAGG	NA	NA	NA	0	0	0	1	NA	NA	NA	NA	NA
NC_006461.1_1278	1242930	1243967	1038	-1	0.716	11	GGAG/GAGG	NA	NA	NA	0	0	0	1	NA	NA	NA	NA	NA
NC_006461.1_1279	1243976	1245445	1470	-1	0.721	11	None	NA	NA	NA	0	0	0	1	NA	NA	NA	NA	NA
NC_006461.1_1280	1245471	1246028	558	-1	0.708	11	3Base/5BMM	GENOMAD.120633.CP	1.495e-104	334	0	0	0	1	NA	NA	NA	PF12804;K03752;TIGR03202;COG0746	xanthine dehydrogenase accessory protein pucB
NC_006461.1_1281	1246038	1246907	870	-1	0.722	11	None	GENOMAD.140589.CV	7.583e-164	511	0	0	0	1	NA	NA	NA	PF01494;TIGR03364;K03153;COG0579	FAD dependent oxidoreductase TIGR03364
NC_006461.1_1282	1246911	1247243	333	-1	0.697	11	AGxAGG/AGGxGG	NA	NA	NA	0	0	0	1	NA	NA	NA	NA	NA
NC_006461.1_1283	1247254	1248576	1323	-1	0.675	11	GGAGG	NA	NA	NA	0	0	0	1	NA	NA	NA	NA	NA
NC_006461.1_1284	1248650	1248856	207	1	0.686	11	3Base/5BMM	NA	NA	NA	0	0	0	1	NA	NA	NA	NA	NA
NC_006461.1_1285	1248850	1249923	1074	-1	0.699	11	None	GENOMAD.171195.CV	2.007e-10	65	0	0	0	1	NA	NA	NA	PF04055;TIGR00048;COG1060;K07139	23S rRNA (adenine(2503)-C(2))-methyltransferase
NC_006461.1_1286	1249942	1250781	840	1	0.715	11	3Base/5BMM	NA	NA	NA	0	0	0	1	NA	NA	NA	NA	NA
NC_006461.1_1287	1250792	1251418	627	1	0.686	11	GGA/GAG/AGG	NA	NA	NA	0	0	0	1	NA	NA	NA	NA	NA
NC_006461.1_1288	1251405	1252505	1101	1	0.689	11	GGA/GAG/AGG	NA	NA	NA	0	0	0	1	NA	NA	NA	NA	NA
NC_006461.1_1289	1252502	1253620	1119	1	0.699	11	GGAGG	NA	NA	NA	0	0	0	1	NA	NA	NA	NA	NA
NC_006461.1_1290	1253595	1254794	1200	-1	0.705	11	3Base/5BMM	GENOMAD.140488.CP	1.92e-19	94	0	0	0	1	NA	NA	NA	K23448;COG2223	Nitrate/nitrite transporter NarK
NC_006461.1_1291	1254862	1255974	1113	1	0.712	11	None	NA	NA	NA	0	0	0	1	NA	NA	NA	NA	NA
NC_006461.1_1292	1256009	1256110	102	1	0.657	11	GGAGG	NA	NA	NA	0	0	0	1	NA	NA	NA	NA	NA
NC_006461.1_1293	1256160	1256684	525	1	0.712	11	GGAGG	NA	NA	NA	0	0	0	1	NA	NA	NA	NA	NA
NC_006461.1_1294	1256681	1257079	399	1	0.704	11	AGxAGG/AGGxGG	NA	NA	NA	0	0	0	1	NA	NA	NA	NA	NA
NC_006461.1_1295	1257051	1257626	576	-1	0.743	11	GGA/GAG/AGG	NA	NA	NA	0	0	0	1	NA	NA	NA	NA	NA
NC_006461.1_1296	1257627	1258841	1215	-1	0.691	11	GGAGG	GENOMAD.169742.CP	1.968e-08	59	0	0	0	1	NA	NA	NA	PF13365;TIGR02038;COG0265	periplasmic serine pepetdase DegS
NC_006461.1_1297	1258888	1259745	858	-1	0.681	11	AGxAG	NA	NA	NA	0	0	0	1	NA	NA	NA	NA	NA
NC_006461.1_1298	1259764	1260258	495	1	0.687	11	3Base/5BMM	NA	NA	NA	0	0	0	1	NA	NA	NA	NA	NA
NC_006461.1_1299	1260152	1261789	1638	-1	0.729	11	None	GENOMAD.208804.CP	1.363e-07	57	0	0	0	1	NA	NA	NA	PF13581;TIGR00585;K08739;COG0323	DNA mismatch repair protein MutL
NC_006461.1_1300	1261786	1264245	2460	-1	0.692	11	AGGAG	NA	NA	NA	0	0	0	1	NA	NA	NA	NA	NA
NC_006461.1_1301	1264389	1265612	1224	1	0.652	11	GGAGG	NA	NA	NA	0	0	0	1	NA	NA	NA	NA	NA
NC_006461.1_1302	1265699	1266391	693	1	0.678	11	GGA/GAG/AGG	GENOMAD.132779.CP	9.241e-16	79	0	0	0	1	NA	NA	NA	PF09086;K00406;COG2010;TIGR04494	Cytochrome c, mono- and diheme variants
NC_006461.1_1303	1266388	1266831	444	1	0.723	11	GGA/GAG/AGG	GENOMAD.101799.CP	1.563e-35	133	0	0	0	1	NA	NA	NA	PF03473;COG2258;K03831	Uncharacterized conserved protein YiiM, contains MOSC domain
NC_006461.1_1304	1266884	1268542	1659	-1	0.676	11	GGAGG	GENOMAD.170266.CP	1.229e-14	80	0	0	0	1246	Caudoviricetes	NA	NA	PF02872	5'-nucleotidase, C-terminal domain
NC_006461.1_1305	1268723	1270063	1341	1	0.658	11	GGAGG	GENOMAD.120657.CP	4.734e-23	106	0	0	0	1	NA	NA	NA	PF00120;COG3968;TIGR03105;K01915	Glutamine synthetase type III
NC_006461.1_1306	1270201	1271364	1164	1	0.670	11	GGAGG	GENOMAD.119061.CP	7.526e-08	57	0	0	0	1	NA	NA	NA	PF13433;TIGR03407;K11959;COG0683	urea ABC transporter, urea binding protein
NC_006461.1_1307	1271439	1272407	969	1	0.653	11	AGGAG	GENOMAD.115165.CP	6.249e-34	136	0	0	0	1	NA	NA	NA	K01997;COG4177	ABC-type branched-chain amino acid transport system, permease component
NC_006461.1_1308	1272404	1273735	1332	1	0.678	11	AGGAG	GENOMAD.115299.CP	3.037e-63	227	0	0	0	1	NA	NA	NA	PF02653;PF11862;K01998;COG0559;TIGR03408	Branched-chain amino acid ABC-type transport system, permease component
NC_006461.1_1309	1274009	1274512	504	1	0.675	11	None	NA	NA	NA	0	0	0	1	NA	NA	NA	NA	NA
NC_006461.1_1310	1274509	1275222	714	1	0.665	11	GGAGG	NA	NA	NA	0	0	0	1	NA	NA	NA	NA	NA
NC_006461.1_1311	1275289	1276794	1506	1	0.651	11	AGxAGG/AGGxGG	GENOMAD.159150.CP	7.065e-09	61	0	0	0	1	NA	NA	NA	PF00496;K15584;TIGR04028;COG4166	ABC transporter substrate binding protein, KPN_01854 family
NC_006461.1_1312	1276855	1277775	921	1	0.663	11	GGAG/GAGG	GENOMAD.121868.CP	7.03e-06	50	0	0	0	1	NA	NA	NA	PF00528;K15581;TIGR02789;COG0601	nickel ABC transporter, permease subunit NikB
NC_006461.1_1313	1277768	1278787	1020	1	0.671	11	GGAG/GAGG	NA	NA	NA	0	0	0	1	NA	NA	NA	NA	NA
NC_006461.1_1314	1278834	1279877	1044	1	0.725	11	3Base/5BMM	GENOMAD.009178.CC	1.235e-29	124	0	0	0	1	NA	NA	NA	PF14343;COG3895	PrcB C-terminal
NC_006461.1_1315	1279845	1281017	1173	-1	0.733	11	AGGAG	GENOMAD.110250.CP	8.765e-103	340	0	0	0	1	NA	NA	NA	PF08245;PF02875;K11754;TIGR01499;COG0285	folylpolyglutamate synthase/dihydrofolate synthase
NC_006461.1_1316	1281018	1282820	1803	-1	0.678	11	AGGAG	NA	NA	NA	0	0	0	1	NA	NA	NA	NA	NA
NC_006461.1_1317	1282817	1284472	1656	-1	0.690	11	AGGAG/GGAGG	NA	NA	NA	0	0	0	1	NA	NA	NA	NA	NA
NC_006461.1_1318	1284614	1285747	1134	-1	0.672	11	AGGAGG	GENOMAD.123376.CP	2.117e-15	81	0	0	0	1	NA	NA	NA	PF00285;TIGR01798;COG0372;K01659	citrate synthase I (hexameric type)
NC_006461.1_1319	1285820	1286635	816	-1	0.705	11	GGA/GAG/AGG	NA	NA	NA	0	0	0	1	NA	NA	NA	NA	NA
NC_006461.1_1320	1286795	1287535	741	-1	0.726	11	GGAG/GAGG	GENOMAD.147092.CP	2.133e-139	438	0	0	0	1	NA	NA	NA	COG1482;TIGR00218	Mannose-6-phosphate isomerase, class I
NC_006461.1_1321	1287578	1288450	873	1	0.733	11	None	GENOMAD.032638.CC	1.049e-36	143	0	0	0	1	NA	NA	NA	PF18353;PF10432;K15916;TIGR02128	Phosphoglucose isomerase N-terminal domain; Bacterial phospho-glucose isomerase C-terminal SIS domain
NC_006461.1_1322	1288454	1289134	681	1	0.759	11	AGGAG/GGAGG	NA	NA	NA	0	0	0	1	NA	NA	NA	NA	NA
NC_006461.1_1323	1289140	1289781	642	1	0.709	11	None	GENOMAD.123212.CP	2.363e-20	92	0	0	0	1	NA	NA	NA	PF03982;K00655;COG2121;TIGR00530	Uncharacterized conserved protein, lysophospholipid acyltransferase (LPLAT) superfamily
NC_006461.1_1324	1289898	1290191	294	1	0.629	11	AGGAG	NA	NA	NA	0	0	0	1	NA	NA	NA	NA	NA
NC_006461.1_1325	1290216	1291058	843	-1	0.739	11	AGGA	GENOMAD.012071.CC	6.599e-161	502	0	0	0	1	NA	NA	NA	PF09989;COG3580	CoA enzyme activase uncharacterised domain (DUF2229)
NC_006461.1_1326	1291065	1292063	999	-1	0.763	11	GGAG/GAGG	GENOMAD.147396.CP	1.081e-13	75	0	0	0	1	NA	NA	NA	PF01546;TIGR01902;COG1473;K01439	N-acetyl-ornithine/N-acetyl-lysine deacetylase
NC_006461.1_1327	1292060	1292707	648	-1	0.665	11	None	NA	NA	NA	0	0	0	1	NA	NA	NA	NA	NA
NC_006461.1_1328	1292745	1293965	1221	1	0.726	11	GGA/GAG/AGG	NA	NA	NA	0	0	0	1	NA	NA	NA	NA	NA
NC_006461.1_1329	1294002	1294451	450	1	0.682	11	AGGAG	NA	NA	NA	0	0	0	1	NA	NA	NA	NA	NA
NC_006461.1_1330	1294527	1296944	2418	1	0.682	11	AGGAG	GENOMAD.026404.VV	6.369e-61	230	0	0	0	1246	Caudoviricetes	NA	NA	PF00521;PF00986;K02469;TIGR01063;COG0188	DNA gyrase, A subunit
NC_006461.1_1331	1296944	1297255	312	1	0.651	11	GGAGG	NA	NA	NA	0	0	0	1	NA	NA	NA	NA	NA
NC_006461.1_1332	1297252	1297677	426	1	0.667	11	GGAG/GAGG	GENOMAD.181578.CP	1.353e-05	46	0	0	0	1	NA	NA	NA	PF10706;COG4914	Aminoglycoside-2''-adenylyltransferase
NC_006461.1_1333	1297674	1297904	231	1	0.701	11	GGAGG	NA	NA	NA	0	0	0	1	NA	NA	NA	NA	NA
NC_006461.1_1334	1297981	1298589	609	1	0.709	11	AGGAG	GENOMAD.130629.CP	1.061e-06	51	0	0	0	1	NA	NA	NA	PF15977;PF00027;K15861;TIGR03697;COG0664	global nitrogen regulator NtcA, cyanobacterial
NC_006461.1_1335	1298611	1299258	648	1	0.665	11	None	NA	NA	NA	0	0	0	1	NA	NA	NA	NA	NA
NC_006461.1_1336	1299268	1299633	366	1	0.746	11	None	NA	NA	NA	0	0	0	1	NA	NA	NA	NA	NA
NC_006461.1_1337	1299630	1300313	684	1	0.702	11	GGAGG	NA	NA	NA	0	0	0	1	NA	NA	NA	NA	NA
NC_006461.1_1338	1300314	1301567	1254	1	0.746	11	AGGAG	NA	NA	NA	0	0	0	1	NA	NA	NA	NA	NA
NC_006461.1_1339	1301628	1302641	1014	-1	0.579	11	GGAGG	NA	NA	NA	0	0	0	1	NA	NA	NA	NA	NA
NC_006461.1_1340	1302731	1303441	711	1	0.685	11	GGA/GAG/AGG	GENOMAD.117339.CP	1.986e-65	224	0	0	0	1	NA	NA	NA	PF02754;K18928;TIGR03288;COG0247	CoB--CoM heterodisulfide reductase, subunit B
NC_006461.1_1341	1303431	1304819	1389	1	0.697	11	GGA/GAG/AGG	GENOMAD.112794.CP	2.037e-95	322	0	0	0	1	NA	NA	NA	PF02589;PF02754;PF13484;K18929;TIGR00273;COG1139	iron-sulfur cluster-binding protein
NC_006461.1_1342	1304809	1305372	564	1	0.720	11	AGGAG	GENOMAD.153041.CP	3.734e-09	58	0	0	0	1	NA	NA	NA	PF02589;COG1556;K00782	L-lactate utilization protein LutC, contains LUD domain
NC_006461.1_1343	1305375	1306181	807	-1	0.674	11	GGA/GAG/AGG	NA	NA	NA	0	0	0	1	NA	NA	NA	NA	NA
NC_006461.1_1344	1306178	1306933	756	-1	0.706	11	None	NA	NA	NA	0	0	0	1	NA	NA	NA	NA	NA
NC_006461.1_1345	1306940	1307737	798	1	0.717	11	3Base/5BMM	NA	NA	NA	0	0	0	1	NA	NA	NA	NA	NA
NC_006461.1_1346	1307742	1308770	1029	1	0.733	11	None	NA	NA	NA	0	0	0	1	NA	NA	NA	NA	NA
NC_006461.1_1347	1308767	1309849	1083	-1	0.703	11	None	NA	NA	NA	0	0	0	1	NA	NA	NA	NA	NA
NC_006461.1_1348	1309899	1310324	426	1	0.681	11	None	GENOMAD.123623.CP	7.549e-24	99	0	0	0	1	NA	NA	NA	PF02566;COG1765;TIGR03563	Uncharacterized OsmC-related protein
NC_006461.1_1349	1310324	1311082	759	1	0.700	11	AGGAG	NA	NA	NA	0	0	0	1	NA	NA	NA	NA	NA
NC_006461.1_1350	1311045	1311335	291	-1	0.691	11	AGxAGG/AGGxGG	NA	NA	NA	0	0	0	1	NA	NA	NA	NA	NA
NC_006461.1_1351	1312180	1313586	1407	1	0.643	11	GGA/GAG/AGG	NA	NA	NA	0	0	0	1	NA	NA	NA	NA	NA
NC_006461.1_1352	1313637	1314128	492	1	0.697	11	GGA/GAG/AGG	GENOMAD.009007.CC	1.468e-15	76	0	0	0	1	NA	NA	NA	PF17248	NA
NC_006461.1_1353	1314183	1315187	1005	1	0.691	11	GGAGG	GENOMAD.152541.CP	3.524e-05	48	0	0	0	1246	Caudoviricetes	NA	NA	PF03971;TIGR00178;COG2838;K00031	Monomeric isocitrate dehydrogenase
NC_006461.1_1354	1315323	1316456	1134	1	0.698	11	AGGAGG	GENOMAD.063348.CP	9.169e-206	637	0	0	0	1	NA	NA	NA	PF11104;TIGR01175;K02662;COG4972	type IV pilus assembly protein PilM
NC_006461.1_1355	1316449	1317072	624	1	0.704	11	AGxAGG/AGGxGG	GENOMAD.171351.CP	7.681e-106	339	0	0	0	1	NA	NA	NA	PF12693;COG3166;K12289	Tfp pilus assembly protein PilN
NC_006461.1_1356	1317062	1317643	582	1	0.706	11	GGxGG	GENOMAD.194340.CP	9.382e-97	312	0	0	0	1	NA	NA	NA	PF04612;COG3167;K02664	Tfp pilus assembly protein PilO
NC_006461.1_1357	1317640	1318518	879	1	0.745	11	GGAGG	GENOMAD.047789.CC	3.665e-43	162	0	0	0	1	NA	NA	NA	NA	NA
NC_006461.1_1358	1318515	1320788	2274	1	0.685	11	GGAGG	NA	NA	NA	0	0	0	1	NA	NA	NA	NA	NA
NC_006461.1_1359	1320817	1321998	1182	1	0.706	11	AGxAGG/AGGxGG	GENOMAD.078808.CP	6.562e-28	120	0	0	0	1	NA	NA	NA	NA	NA
NC_006461.1_1360	1322023	1322577	555	1	0.674	11	AGGA	GENOMAD.094450.CP	3.432e-05	46	0	0	0	1	NA	NA	NA	PF13189;K00891;COG0703;TIGR00041	Shikimate kinase
NC_006461.1_1361	1322570	1323601	1032	1	0.698	11	GGAG/GAGG	NA	NA	NA	0	0	0	1	NA	NA	NA	NA	NA
NC_006461.1_1362	1323647	1325017	1371	-1	0.721	11	GGA/GAG/AGG	GENOMAD.048919.CP	3.06e-41	162	0	0	0	1	NA	NA	NA	PF01189;PF17125;PF13636;K22446;TIGR00563;COG0144	16S rRNA (cytosine(967)-C(5))-methyltransferase
NC_006461.1_1363	1325070	1325447	378	1	0.672	11	GGA/GAG/AGG	GENOMAD.121075.CP	1.778e-06	48	0	0	0	1	NA	NA	NA	PF01648;TIGR00516;COG0736	holo-
NC_006461.1_1364	1325425	1325778	354	-1	0.638	11	GGAGG	GENOMAD.002726.CC	2.587e-08	53	0	0	0	1	NA	NA	NA	PF09685;K09940;COG3296	Uncharacterized conserved protein, Tic20 family
NC_006461.1_1365	1325775	1326350	576	-1	0.686	11	None	NA	NA	NA	0	0	0	1	NA	NA	NA	NA	NA
NC_006461.1_1366	1326433	1327728	1296	1	0.677	11	GGAGG	NA	NA	NA	0	0	0	1	NA	NA	NA	NA	NA
NC_006461.1_1367	1327678	1328442	765	-1	0.711	11	AGGA/GGAG/GAGG	NA	NA	NA	0	0	0	1	NA	NA	NA	NA	NA
NC_006461.1_1368	1328465	1329913	1449	1	0.728	11	None	GENOMAD.093415.CP	1.68e-18	92	1	0	0	1	NA	NA	NA	PF03853;TIGR00197;K17759;COG0062	yjeF N-terminal region
NC_006461.1_1369	1329948	1330826	879	1	0.736	11	None	GENOMAD.071960.CP	4.333e-09	60	0	0	0	1	NA	NA	NA	PF00288;PF08544;K00872;TIGR00191;COG0083	homoserine kinase
NC_006461.1_1370	1330811	1331551	741	1	0.707	11	GGAGG	GENOMAD.214815.CP	5.407e-58	203	0	0	0	1	NA	NA	NA	PF14332	NA
NC_006461.1_1371	1331646	1331966	321	-1	0.654	11	GGA/GAG/AGG	GENOMAD.000057.CC	6.266e-27	106	1	0	0	1	NA	NA	NA	PF01649;COG0268;TIGR00029	Ribosomal protein S20
NC_006461.1_1372	1332027	1332404	378	-1	0.688	11	None	NA	NA	NA	0	0	0	1	NA	NA	NA	NA	NA
NC_006461.1_1373	1332427	1333725	1299	1	0.674	11	None	GENOMAD.171925.VC	3.132e-10	65	0	0	0	1246	Caudoviricetes	NA	NA	PF00579;K01866;TIGR00234;COG0162	tyrosyl-tRNA synthetase
NC_006461.1_1374	1333776	1334330	555	-1	0.701	11	GGA/GAG/AGG	GENOMAD.177968.CP	1.018e-48	173	0	0	0	1	NA	NA	NA	PF13806;K08355;TIGR01416;COG2146	ubiquinol-cytochrome c reductase, iron-sulfur subunit
NC_006461.1_1375	1334333	1335313	981	-1	0.686	11	AGGAG	GENOMAD.126038.CP	3.366e-05	48	0	0	0	1	NA	NA	NA	PF09098;K13300;COG4654;TIGR04485	Cytochrome c551/c552
NC_006461.1_1376	1335310	1335729	420	-1	0.681	11	GGAGG	GENOMAD.152390.CP	2.54e-07	51	0	0	0	1	NA	NA	NA	PF03918;COG3088;TIGR03147;K04017	Cytochrome c-type biogenesis protein CcmH/NrfF
NC_006461.1_1377	1335726	1336262	537	-1	0.695	11	GGA/GAG/AGG	GENOMAD.132856.CP	3.114e-06	49	0	0	0	1	NA	NA	NA	PF05988;TIGR03137;K24120;COG1225	peroxiredoxin
NC_006461.1_1378	1336259	1338190	1932	-1	0.690	11	AGGAGG	GENOMAD.137760.CP	1.046e-68	250	0	0	0	1	NA	NA	NA	COG1138	Cytochrome c biogenesis factor
NC_006461.1_1379	1338187	1338615	429	-1	0.660	11	GGAGG	GENOMAD.134025.CP	2.317e-37	138	0	0	0	1	NA	NA	NA	PF03100;K02197;COG2332;TIGR00752	Cytochrome c-type biogenesis protein CcmE
NC_006461.1_1380	1338612	1338707	96	-1	0.635	11	AGGAGG	NA	NA	NA	0	0	0	1	NA	NA	NA	NA	NA
NC_006461.1_1381	1338707	1339393	687	-1	0.668	11	AGGAG	GENOMAD.123398.CP	2.71e-38	145	0	0	0	1	NA	NA	NA	K02195;TIGR01191;COG0755	heme exporter protein CcmC
NC_006461.1_1382	1339455	1340120	666	-1	0.700	11	GGxGG	GENOMAD.133442.CP	1.178e-23	102	0	0	0	1	NA	NA	NA	PF03379;TIGR01190;COG2386;K19341	heme exporter protein CcmB
NC_006461.1_1383	1340117	1340686	570	-1	0.716	11	None	NA	NA	NA	0	0	0	1	NA	NA	NA	NA	NA
NC_006461.1_1384	1340727	1341395	669	-1	0.685	11	AGGA	GENOMAD.142323.CP	7.859e-14	73	0	0	0	1	NA	NA	NA	PF02683;K06196;COG0785	Cytochrome C biogenesis protein transmembrane region
NC_006461.1_1385	1341405	1341962	558	-1	0.690	11	GGAGG	GENOMAD.145247.CP	1.266e-37	141	0	0	0	1	NA	NA	NA	PF09086;PF09098;K22622;TIGR00782;COG3258	cytochrome c oxidase, cbb3-type, subunit III
NC_006461.1_1386	1341955	1343247	1293	-1	0.689	11	AGGAGG	NA	NA	NA	0	0	0	1	NA	NA	NA	NA	NA
NC_006461.1_1387	1343318	1344604	1287	-1	0.664	11	AGGAG	GENOMAD.161577.CP	1.843e-23	107	0	0	0	1	NA	NA	NA	PF21706	Sulfide dehydrogenase [flavocytochrome c] flavoprotein chain, central
NC_006461.1_1388	1344620	1345474	855	-1	0.705	11	GGAGG	NA	NA	NA	0	0	0	1	NA	NA	NA	NA	NA
NC_006461.1_1389	1345471	1345905	435	-1	0.690	11	GGAG/GAGG	GENOMAD.129177.CP	0.0001509	43	0	0	0	1	NA	NA	NA	PF00581;TIGR03865;K02439;COG0607	PQQ-dependent catabolism-associated CXXCW motif protein
NC_006461.1_1390	1345908	1346714	807	-1	0.652	11	GGAGG	GENOMAD.159407.CP	3.213e-84	280	0	0	0	1	NA	NA	NA	PF03150;K17222;TIGR04484;COG3258	sulfur oxidation c-type cytochrome SoxA
NC_006461.1_1391	1346718	1347278	561	-1	0.667	11	GGAGG	GENOMAD.179187.CP	1.657e-95	308	0	0	0	1	NA	NA	NA	PF09086;TIGR03046;COG3474;K12263	photosystem II cytochrome PsbV2
NC_006461.1_1392	1347275	1348996	1722	-1	0.691	11	GGxGG	NA	NA	NA	0	0	0	1	NA	NA	NA	NA	NA
NC_006461.1_1393	1348993	1349565	573	-1	0.653	11	AGGAGG	GENOMAD.179187.CP	3.162e-107	342	0	0	0	1	NA	NA	NA	PF09086;TIGR03046;COG3474;K12263	photosystem II cytochrome PsbV2
NC_006461.1_1394	1349575	1350351	777	-1	0.681	11	GGAGG	GENOMAD.159407.CP	2.045e-154	482	0	0	0	1	NA	NA	NA	PF03150;K17222;TIGR04484;COG3258	sulfur oxidation c-type cytochrome SoxA
NC_006461.1_1395	1350421	1350747	327	-1	0.661	11	GGAGG	GENOMAD.159067.CP	5.706e-13	66	0	0	0	1	NA	NA	NA	PF08770;K17227;TIGR04490	thiosulfate oxidation carrier complex protein SoxZ
NC_006461.1_1396	1350760	1351212	453	-1	0.678	11	AGGAG	GENOMAD.152471.CP	2.256e-14	72	0	0	0	1	NA	NA	NA	PF13501;TIGR04488;COG5501;K17226	thiosulfate oxidation carrier protein SoxY
NC_006461.1_1397	1351205	1351666	462	-1	0.690	11	GGA/GAG/AGG	GENOMAD.147785.CP	7.134e-72	238	0	0	0	1	NA	NA	NA	PF03190;COG2143;TIGR02738;K18917	Thioredoxin-related protein
NC_006461.1_1398	1351802	1352248	447	1	0.651	11	GGAGG	GENOMAD.132779.CP	9.112e-25	102	0	0	0	1	NA	NA	NA	PF09086;K00406;COG2010;TIGR04494	Cytochrome c, mono- and diheme variants
NC_006461.1_1399	1352258	1353286	1029	1	0.708	11	None	NA	NA	NA	0	0	0	1	NA	NA	NA	NA	NA
NC_006461.1_1400	1353283	1353894	612	1	0.719	11	3Base/5BMM	GENOMAD.086371.CP	4.975e-57	198	0	0	0	1	NA	NA	NA	PF04263;PF04265;COG1564;TIGR01378	Thiamine pyrophosphokinase
NC_006461.1_1401	1353891	1354613	723	-1	0.755	11	AGGA/GGAG/GAGG	GENOMAD.047798.CC	2.397e-109	351	0	0	0	1	NA	NA	NA	TIGR01809	shikimate-5-dehydrogenase, fungal AROM-type
NC_006461.1_1402	1354610	1356688	2079	-1	0.713	11	None	NA	NA	NA	0	0	0	1	NA	NA	NA	NA	NA
NC_006461.1_1403	1356726	1357613	888	1	0.757	11	None	NA	NA	NA	0	0	0	1	NA	NA	NA	NA	NA
NC_006461.1_1404	1357610	1358563	954	1	0.717	11	GGxGG	GENOMAD.126451.CP	1.126e-62	220	0	0	0	1	NA	NA	NF033105	PF00753;K16639;COG2015;TIGR04559	Alkyl sulfatase BDS1 and related hydrolases, metallo-beta-lactamase superfamily
NC_006461.1_1405	1358638	1360284	1647	1	0.667	11	AGGAGG	NA	NA	NA	0	0	0	1	NA	NA	NA	NA	NA
NC_006461.1_1406	1360294	1360503	210	1	0.662	11	None	GENOMAD.154099.CP	4.16e-22	90	0	0	0	1	NA	NA	NA	PF07311;COG3360;K09165	Flavin-binding protein dodecin
NC_006461.1_1407	1360573	1361010	438	1	0.694	11	GGAGG	GENOMAD.182575.CP	2.37e-11	63	0	0	0	1	NA	NA	NA	PF10025;COG5502	Uncharacterized conserved protein, DUF2267 family
NC_006461.1_1408	1361097	1361969	873	-1	0.668	11	AGxAGG/AGGxGG	GENOMAD.003515.CC	2.186e-37	145	0	0	0	1	NA	NA	NA	PF12252;K09163;COG3294;TIGR00295	Metal-dependent phosphatase/phosphodiesterase, HD supefamily
NC_006461.1_1409	1362013	1362828	816	-1	0.697	11	GGAGG	NA	NA	NA	0	0	0	1	NA	NA	NA	NA	NA
NC_006461.1_1410	1362832	1363539	708	-1	0.727	11	None	NA	NA	NA	0	0	0	1	NA	NA	NA	NA	NA
NC_006461.1_1411	1363552	1364181	630	-1	0.752	11	GGAG/GAGG	NA	NA	NA	0	0	0	1	NA	NA	NA	NA	NA
NC_006461.1_1412	1364230	1364880	651	1	0.711	11	None	GENOMAD.134120.CP	6.944e-11	64	0	0	0	1	NA	NA	NA	PF00027;COG0664;TIGR03697;K21563	cAMP-binding domain of CRP or a regulatory subunit of cAMP-dependent protein kinases
NC_006461.1_1413	1364890	1365603	714	1	0.737	11	AGGAG	GENOMAD.118616.CP	4.315e-22	98	0	0	0	1	NA	NA	NA	PF04029;K05979;COG2045;TIGR00298	2-phosphosulpholactate phosphatase
NC_006461.1_1414	1365655	1366569	915	-1	0.764	11	None	NA	NA	NA	0	0	0	1	NA	NA	NA	NA	NA
NC_006461.1_1415	1366645	1369503	2859	1	0.682	11	3Base/5BMM	NA	NA	NA	0	0	0	1	NA	NA	NA	NA	NA
NC_006461.1_1416	1369551	1370540	990	-1	0.726	11	AGxAGG/AGGxGG	NA	NA	NA	0	0	0	1	NA	NA	NA	NA	NA
NC_006461.1_1417	1370542	1371864	1323	-1	0.704	11	AGGA	GENOMAD.050405.CC	6.911e-121	395	0	0	0	1	NA	NA	NA	PF01134;K04094;TIGR00137;COG1206	tRNA:m(5)U-54 methyltransferase
NC_006461.1_1418	1371920	1372219	300	1	0.710	11	GGA/GAG/AGG	NA	NA	NA	0	0	0	1	NA	NA	NA	NA	NA
NC_006461.1_1419	1372216	1372974	759	1	0.706	11	None	NA	NA	NA	0	0	0	1	NA	NA	NA	NA	NA
NC_006461.1_1420	1372979	1373623	645	1	0.664	11	None	NA	NA	NA	0	0	0	1	NA	NA	NA	NA	NA
NC_006461.1_1421	1373601	1374581	981	1	0.693	11	None	NA	NA	NA	0	0	0	1	NA	NA	NA	NA	NA
NC_006461.1_1422	1374715	1375752	1038	1	0.739	11	GGA/GAG/AGG	NA	NA	NA	0	0	0	1	NA	NA	NA	NA	NA
NC_006461.1_1423	1375749	1377083	1335	1	0.691	11	AGGAG	NA	NA	NA	0	0	0	1	NA	NA	NA	NA	NA
NC_006461.1_1424	1377193	1377948	756	1	0.718	11	3Base/5BMM	NA	NA	NA	0	0	0	1	NA	NA	NA	NA	NA
NC_006461.1_1425	1377930	1379243	1314	1	0.689	11	GGA/GAG/AGG	GENOMAD.162302.CP	1.613e-06	53	0	0	0	1	NA	NA	NA	PF13091;COG3886	PLD-like domain
NC_006461.1_1426	1379230	1379529	300	1	0.690	11	GGAGG	NA	NA	NA	0	0	0	1	NA	NA	NA	NA	NA
NC_006461.1_1427	1379645	1380913	1269	1	0.674	11	AGxAGG/AGGxGG	NA	NA	NA	0	0	0	1	NA	NA	NA	NA	NA
NC_006461.1_1428	1381034	1381732	699	-1	0.664	11	AGGAG	NA	NA	NA	0	0	0	1	NA	NA	NA	NA	NA
NC_006461.1_1429	1381742	1383475	1734	-1	0.672	11	None	GENOMAD.000819.CC	5.006e-06	52	0	0	0	1	NA	NA	NA	PF02910	Fumarate reductase flavoprotein C-term
NC_006461.1_1430	1383477	1383872	396	-1	0.598	11	GGAGG	GENOMAD.006527.CC	3.425e-28	111	0	0	0	1	NA	NA	NA	PF05328;COG2142;K00242;TIGR02968	Succinate dehydrogenase, hydrophobic anchor subunit
NC_006461.1_1431	1383862	1384227	366	-1	0.620	11	GGAGG	GENOMAD.086174.CP	7.347e-24	98	0	0	0	1	NA	NA	NA	PF01127;TIGR02970;COG2142	succinate dehydrogenase, cytochrome b556 subunit
NC_006461.1_1432	1384522	1384956	435	1	0.637	11	AGGAG	GENOMAD.162449.VC	0.0001509	43	0	0	0	1246	Caudoviricetes	NA	NA	PF02675;COG1586;TIGR03330	S-adenosylmethionine decarboxylase or arginine decarboxylase
NC_006461.1_1433	1385044	1386189	1146	1	0.706	11	GGAGG	GENOMAD.153721.CP	2.775e-103	341	0	0	0	1	NA	NA	NA	PF06030;PF10633;COG1470	P pilus assembly protein, chaperone PapD
NC_006461.1_1434	1386191	1387114	924	1	0.706	11	GGAGG	NA	NA	NA	0	0	0	1	NA	NA	NA	NA	NA
NC_006461.1_1435	1387104	1388060	957	1	0.700	11	AGGAG	GENOMAD.159378.CP	2.995e-10	64	0	0	0	1	NA	NA	NA	COG1277	ABC-type transport system involved in multi-copper enzyme maturation, permease component
NC_006461.1_1436	1388077	1388448	372	-1	0.699	11	None	GENOMAD.151041.CP	1.721e-15	74	0	0	0	1	NA	NA	NA	PF06339;COG3257;TIGR03214;K02854	Ectoine synthase
NC_006461.1_1437	1388445	1389071	627	-1	0.742	11	None	GENOMAD.141462.CP	7.966e-63	215	0	0	0	1	NA	NA	NA	PF14572;K07100;COG1926;TIGR01203	Predicted phosphoribosyltransferase
NC_006461.1_1438	1389147	1390829	1683	1	0.653	11	AGGAG	NA	NA	NA	0	0	0	1	NA	NA	NA	NA	NA
NC_006461.1_1439	1390884	1391270	387	-1	0.677	11	GGAGG	GENOMAD.076388.CV	4.435e-24	99	1	0	0	1246	Caudoviricetes	NA	NA	PF00380;COG0103;TIGR03627;K02960	Ribosomal protein S9
NC_006461.1_1440	1391273	1391695	423	-1	0.648	11	AGGAG	GENOMAD.078681.CV	4.969e-53	183	1	0	0	1246	Caudoviricetes	NA	NA	PF00572;K02871;COG0102;TIGR01066	Ribosomal protein L13
NC_006461.1_1441	1391806	1393458	1653	1	0.682	11	GGA/GAG/AGG	NA	NA	NA	0	0	0	1	NA	NA	NA	NA	NA
NC_006461.1_1442	1393455	1394492	1038	-1	0.731	11	GGxGG	NA	NA	NA	0	0	0	1	NA	NA	NA	NA	NA
NC_006461.1_1443	1394784	1399262	4479	1	0.698	11	AGGAG	GENOMAD.120530.CP	5.032e-50	199	0	0	0	1	NA	NA	NA	PF04898;COG0069	Glutamate synthase central domain
NC_006461.1_1444	1399500	1400051	552	1	0.692	11	GGA/GAG/AGG	GENOMAD.153238.CP	4.025e-101	324	0	0	0	1	NA	NA	NA	PF11563;K06595;COG1017	Protoglobin
NC_006461.1_1445	1400048	1401382	1335	-1	0.685	11	GGA/GAG/AGG	GENOMAD.068048.VV	8.49e-16	83	0	0	1	1246	Caudoviricetes	NA	NA	PF20307;TIGR03600;K02314;COG0305	phage replicative helicase, DnaB family, HK022 subfamily
NC_006461.1_1446	1401491	1403098	1608	1	0.738	11	None	GENOMAD.142172.CP	2.218e-06	53	0	0	0	1	NA	NA	NA	PF04733;PF03458;TIGR02917;COG3071;K02656	putative PEP-CTERM system TPR-repeat lipoprotein
NC_006461.1_1447	1403088	1404248	1161	-1	0.670	11	GGAGG	NA	NA	NA	0	0	0	1	NA	NA	NA	NA	NA
NC_006461.1_1448	1404248	1404700	453	-1	0.671	11	None	GENOMAD.016714.CC	1.643e-06	49	0	0	0	1	NA	NA	NA	PF00571;K04767;COG0517	CBS domain
NC_006461.1_1449	1404711	1405343	633	-1	0.679	11	GGA/GAG/AGG	GENOMAD.136098.CP	1.153e-05	48	0	0	0	1	NA	NA	NA	COG0705	Membrane associated serine protease, rhomboid family
NC_006461.1_1450	1405340	1406167	828	-1	0.636	11	GGAGG	NA	NA	NA	0	0	0	1	NA	NA	NA	NA	NA
NC_006461.1_1451	1406186	1407334	1149	-1	0.707	11	GGAG/GAGG	NA	NA	NA	0	0	0	1	NA	NA	NA	NA	NA
NC_006461.1_1452	1407334	1407807	474	-1	0.696	11	AGGAG	GENOMAD.133691.CP	5.804e-34	129	0	0	0	1	NA	NA	NA	PF06241;K07228;COG0490	K+/H+ antiporter YhaU, regulatory subunit KhtT
NC_006461.1_1453	1407804	1408262	459	-1	0.649	11	GGA/GAG/AGG	GENOMAD.014560.CC	8.029e-62	209	0	0	0	1	NA	NA	NA	PF06146;COG3431	Uncharacterized membrane protein, DUF373 family
NC_006461.1_1454	1408225	1408671	447	-1	0.653	11	GGAGG	GENOMAD.191273.CP	1.698e-43	156	0	0	0	1	NA	NA	NA	PF09123	NA
NC_006461.1_1455	1408739	1409152	414	-1	0.645	11	GGAGG	NA	NA	NA	0	0	0	1	NA	NA	NA	NA	NA
NC_006461.1_1456	1409156	1409578	423	-1	0.702	11	GGAGG	GENOMAD.159874.CP	6.026e-06	47	0	0	0	1	NA	NA	NA	PF10122;K03672;TIGR01206;COG1996	lysine biosynthesis protein LysW
NC_006461.1_1457	1409641	1410069	429	-1	0.650	11	GGAGG	GENOMAD.012059.CC	2.463e-09	57	0	0	0	1	NA	NA	NA	PF12902;PF09537;K03594;TIGR00754;COG0783	bacterioferritin
NC_006461.1_1458	1410161	1410847	687	-1	0.672	11	AGGAG	GENOMAD.125809.CV	2.019e-61	212	0	0	0	1	NA	NA	NA	PF14582;K07096;COG2129;TIGR00040	Metallophosphoesterase, calcineurin superfamily
NC_006461.1_1459	1410860	1411273	414	-1	0.669	11	AGGAG	NA	NA	NA	0	0	0	1	NA	NA	NA	NA	NA
NC_006461.1_1460	1411289	1412473	1185	-1	0.683	11	AGGAG	GENOMAD.177279.CP	1.18e-237	730	0	0	0	1	NA	NA	NA	PF18854;COG1503;TIGR03676;K03265	Peptide chain release factor 1 (eRF1)
NC_006461.1_1461	1412470	1412859	390	-1	0.726	11	AGGAGG	NA	NA	NA	0	0	0	1	NA	NA	NA	NA	NA
NC_006461.1_1462	1412869	1415433	2565	-1	0.676	11	AGGAG	GENOMAD.046845.VV	1.814e-30	133	0	0	0	1246	Caudoviricetes	NA	NA	PF10431	NA
NC_006461.1_1463	1415492	1415728	237	-1	0.675	11	GGAGG	GENOMAD.014938.CC	4.293e-41	145	0	0	0	1	NA	NA	NA	PF13591;K18997;COG0789;TIGR01950	DNA-binding transcriptional regulator, MerR family
NC_006461.1_1464	1415715	1416557	843	-1	0.707	11	GGAG/GAGG	GENOMAD.092059.VV	1.173e-14	77	0	0	0	1246	Caudoviricetes	NA	NA	PF00226;K05516;TIGR02349;COG0484	chaperone protein DnaJ
NC_006461.1_1465	1416561	1417094	534	-1	0.695	11	AGGAGG	GENOMAD.103372.CV	1.16e-13	71	0	0	0	1246	Caudoviricetes	NA	NA	PF01025;COG0576	Molecular chaperone GrpE (heat shock protein)
NC_006461.1_1466	1417150	1418997	1848	-1	0.677	11	GGAG/GAGG	GENOMAD.147868.VC	4.457e-16	85	0	0	0	1246	Caudoviricetes	NA	NA	NA	NA
NC_006461.1_1467	1419132	1421006	1875	1	0.705	11	GGA/GAG/AGG	NA	NA	NA	0	0	0	1	NA	NA	NA	NA	NA
NC_006461.1_1468	1421065	1422222	1158	-1	0.713	11	None	GENOMAD.086164.CV	5.287e-45	171	0	0	0	1246	Caudoviricetes	NA	NA	PF10672;PF17785;K06969;COG1092;TIGR00095	23S rRNA G2069 N7-methylase RlmK or C1962 C5-methylase RlmI
NC_006461.1_1469	1422243	1423148	906	1	0.724	11	None	NA	NA	NA	0	0	0	1	NA	NA	NA	NA	NA
NC_006461.1_1470	1423142	1423552	411	1	0.698	11	GGAGG	GENOMAD.170827.CP	9.915e-09	55	0	0	0	1	NA	NA	NA	COG1714	Uncharacterized membrane protein YckC, RDD family
NC_006461.1_1471	1423629	1424513	885	-1	0.724	11	3Base/5BMM	NA	NA	NA	0	0	0	1	NA	NA	NA	NA	NA
NC_006461.1_1472	1424557	1424931	375	-1	0.709	11	3Base/5BMM	GENOMAD.118810.VV	6.707e-09	55	0	0	0	1246	Caudoviricetes	NA	NA	PF14464;K20110;TIGR02256;COG1310	integrative and conjugative element protein, VC0181 family
NC_006461.1_1473	1425002	1426978	1977	1	0.689	11	AGGAGG	NA	NA	NA	0	0	0	1	NA	NA	NA	NA	NA
NC_006461.1_1474	1426979	1427869	891	1	0.696	11	AGGAG	NA	NA	NA	0	0	0	1	NA	NA	NA	NA	NA
NC_006461.1_1475	1427866	1430259	2394	1	0.679	11	AGGAG	NA	NA	NA	0	0	0	1	NA	NA	NA	NA	NA
NC_006461.1_1476	1430268	1430885	618	1	0.691	11	None	NA	NA	NA	0	0	0	1	NA	NA	NA	NA	NA
NC_006461.1_1477	1430910	1431593	684	1	0.651	11	GGA/GAG/AGG	NA	NA	NA	0	0	0	1	NA	NA	NA	NA	NA
NC_006461.1_1478	1431615	1433021	1407	1	0.706	11	None	GENOMAD.123641.CP	7.417e-06	51	0	0	0	1	NA	NA	NA	K07654;COG5002	Signal transduction histidine kinase
NC_006461.1_1479	1432975	1433235	261	-1	0.670	11	None	GENOMAD.148306.CP	9.014e-15	70	0	0	0	1	NA	NA	NA	PF09862;COG3877;K07488;TIGR04104	Transposase
NC_006461.1_1480	1433249	1433995	747	-1	0.723	11	None	NA	NA	NA	0	0	0	1	NA	NA	NA	NA	NA
NC_006461.1_1481	1433992	1435164	1173	-1	0.714	11	GGA/GAG/AGG	GENOMAD.079440.CP	6.344e-75	259	0	0	0	1	NA	NA	NA	PF05201;PF01488;K02492;TIGR01035;COG0373	glutamyl-tRNA reductase
NC_006461.1_1482	1435207	1435884	678	-1	0.724	11	GGA/GAG/AGG	GENOMAD.109445.CP	4.753e-120	381	0	0	0	1	NA	NA	NA	PF02602;COG1587;K13543	Uroporphyrinogen-III synthase
NC_006461.1_1483	1435859	1436224	366	-1	0.680	11	None	NA	NA	NA	0	0	0	1	NA	NA	NA	NA	NA
NC_006461.1_1484	1436221	1436880	660	-1	0.700	11	None	GENOMAD.147631.CP	1.586e-13	72	0	0	0	1	NA	NA	NA	PF09419;TIGR03351;K01560;COG0637	phosphonatase-like hydrolase
NC_006461.1_1485	1436952	1437515	564	1	0.663	11	GGAGG	GENOMAD.161080.CP	4.462e-22	96	0	0	0	1	NA	NA	NA	PF04264;COG2353	YceI-like domain
NC_006461.1_1486	1437515	1438096	582	1	0.718	11	AGGAG	NA	NA	NA	0	0	0	1	NA	NA	NA	NA	NA
NC_006461.1_1487	1438080	1438352	273	-1	0.667	11	GGxGG	GENOMAD.151884.CP	6.386e-05	42	0	0	0	1	NA	NA	NA	PF14540;COG1669;K07074;TIGR01693	Nucleotidyltransferase-like
NC_006461.1_1488	1438448	1439758	1311	1	0.682	11	None	GENOMAD.142401.VC	0.000228	46	0	0	0	1246	Caudoviricetes	NA	NA	PF08328	Adenylosuccinate lyase C-terminal
NC_006461.1_1489	1439865	1440419	555	-1	0.692	11	GGxGG	GENOMAD.132698.CP	1.574e-10	62	0	0	0	1	NA	NA	NA	NA	NA
NC_006461.1_1490	1440498	1441187	690	1	0.658	11	AGGAG	NA	NA	NA	0	0	0	1	NA	NA	NA	NA	NA
NC_006461.1_1491	1441199	1441453	255	1	0.663	11	None	GENOMAD.116427.CV	1.438e-09	55	0	0	0	1	NA	NA	NA	PF02700;TIGR00302;COG1828;K23270	phosphoribosylformylglycinamidine synthase, purS protein
NC_006461.1_1492	1441450	1442133	684	1	0.680	11	AGGA	GENOMAD.110184.CV	6.212e-37	141	0	0	0	1246	Caudoviricetes	NA	NA	NA	NA
NC_006461.1_1493	1442130	1442843	714	1	0.688	11	AGGAG	GENOMAD.154445.CP	1.774e-06	51	0	0	0	1	NA	NA	NA	PF12689;K20862;TIGR01454;COG4359	3-amino-5-hydroxybenoic acid synthesis related protein
NC_006461.1_1494	1442843	1445020	2178	1	0.699	11	None	GENOMAD.109432.CV	8.251e-14	78	0	0	0	4713	Minunavirus Min1	NA	NA	PF18072;TIGR01736;COG0046	Formylglycinamide ribonucleotide amidotransferase linker domain
NC_006461.1_1495	1445013	1446404	1392	1	0.702	11	GGAGG	NA	NA	NA	0	0	0	1	NA	NA	NA	NA	NA
NC_006461.1_1496	1446390	1447397	1008	-1	0.743	11	AGGAG	GENOMAD.037968.CC	0.0003027	45	0	0	0	1246	Caudoviricetes	NA	NA	PF01189;PF01029;PF17125;TIGR00563;K03500;COG0144	16S rRNA (cytosine(967)-C(5))-methyltransferase
NC_006461.1_1497	1447387	1448994	1608	-1	0.726	11	None	GENOMAD.133568.CP	3.774e-86	298	0	0	0	1	NA	NA	NA	PF00350;PF18709;TIGR00750;COG1159;K06883	LAO/AO transport system ATPase
NC_006461.1_1498	1448975	1449235	261	-1	0.678	11	None	NA	NA	NA	0	0	0	1	NA	NA	NA	NA	NA
NC_006461.1_1499	1449266	1450489	1224	1	0.683	11	None	NA	NA	NA	0	0	0	1	NA	NA	NA	NA	NA
NC_006461.1_1500	1450514	1452100	1587	1	0.748	11	None	NA	NA	NA	0	0	0	1	NA	NA	NA	NA	NA
NC_006461.1_1501	1452112	1452972	861	1	0.699	11	AGGAG	NA	NA	NA	0	0	0	1	NA	NA	NA	NA	NA
NC_006461.1_1502	1452963	1453919	957	-1	0.718	11	AGxAGG/AGGxGG	GENOMAD.012388.CC	0.0002758	45	0	0	0	1	NA	NA	NA	PF16912;K18012;TIGR01751;COG2130	crotonyl-CoA carboxylase/reductase
NC_006461.1_1503	1453981	1454376	396	-1	0.697	11	None	GENOMAD.047491.CC	1.82e-59	201	0	0	0	1	NA	NA	NA	PF11432	NA
NC_006461.1_1504	1454393	1454881	489	-1	0.728	11	None	GENOMAD.171533.CP	8.74e-11	62	0	0	0	1	NA	NA	NA	PF08020;COG2318	DinB family
NC_006461.1_1505	1454900	1455529	630	1	0.733	11	3Base/5BMM	NA	NA	NA	0	0	0	1	NA	NA	NA	NA	NA
NC_006461.1_1506	1455479	1456549	1071	-1	0.679	11	GGA/GAG/AGG	GENOMAD.081820.CP	1.417e-36	145	1	0	0	1	NA	NA	NA	PF01142;TIGR00094;COG0585;K06176	tRNA pseudouridine synthase D (TruD)
NC_006461.1_1507	1456564	1458276	1713	-1	0.675	11	None	GENOMAD.121022.CP	1.534e-11	70	0	0	0	1	NA	NA	NA	PF01401;TIGR02289;COG1164;K01410	oligoendopeptidase, M3 family
NC_006461.1_1508	1458300	1459052	753	1	0.578	11	None	NA	NA	NA	0	0	0	1	NA	NA	NA	NA	NA
NC_006461.1_1509	1459112	1460908	1797	1	0.722	11	AGGAG	NA	NA	NA	0	0	0	1	NA	NA	NA	NA	NA
NC_006461.1_1510	1460972	1462462	1491	-1	0.657	11	GGAGG	GENOMAD.136682.CP	7.142e-43	168	0	0	0	1	NA	NA	NA	PF18324	Hypothetical protein TT1725
NC_006461.1_1511	1462537	1463286	750	1	0.691	11	None	NA	NA	NA	0	0	0	1	NA	NA	NA	NA	NA
NC_006461.1_1512	1463279	1464883	1605	-1	0.637	11	AGGAG	NA	NA	NA	0	0	0	1	NA	NA	NA	NA	NA
NC_006461.1_1513	1465016	1465396	381	1	0.693	11	None	NA	NA	NA	0	0	0	1	NA	NA	NA	NA	NA
NC_006461.1_1514	1465735	1466616	882	1	0.647	11	GGAGG	NA	NA	NA	0	0	0	1	NA	NA	NA	NA	NA
NC_006461.1_1515	1466591	1467118	528	-1	0.653	11	AGxAGG/AGGxGG	NA	NA	NA	0	0	0	1	NA	NA	NA	NA	NA
NC_006461.1_1516	1467115	1468254	1140	-1	0.724	11	AGGAG	NA	NA	NA	0	0	0	1	NA	NA	NA	NA	NA
NC_006461.1_1517	1469424	1470947	1524	1	0.743	11	GGA/GAG/AGG	NA	NA	NA	0	0	0	1	NA	NA	NA	NA	NA
NC_006461.1_1518	1471089	1471529	441	-1	0.689	11	GGAGG	NA	NA	NA	0	0	0	1	NA	NA	NA	NA	NA
NC_006461.1_1519	1471526	1471921	396	-1	0.682	11	GGxGG	NA	NA	NA	0	0	0	1	NA	NA	NA	NA	NA
NC_006461.1_1520	1471918	1472550	633	-1	0.735	11	AGGA/GGAG/GAGG	GENOMAD.219504.CP	1.167e-119	379	0	0	0	1	NA	NA	NA	PF04301;TIGR03611;COG1647;K09023	pyrimidine utilization protein D
NC_006461.1_1521	1472572	1472985	414	1	0.693	11	None	GENOMAD.137630.CP	1.428e-23	98	0	0	0	1	NA	NA	NA	PF14539;K19222;TIGR00369;COG0764	thioesterase domain, putative
NC_006461.1_1522	1472959	1473921	963	-1	0.724	11	None	NA	NA	NA	0	0	0	1	NA	NA	NA	NA	NA
NC_006461.1_1523	1473944	1475716	1773	1	0.695	11	None	NA	NA	NA	0	0	0	1	NA	NA	NA	NA	NA
NC_006461.1_1524	1475779	1476702	924	-1	0.700	11	AGGAG	NA	NA	NA	0	0	0	1	NA	NA	NA	NA	NA
NC_006461.1_1525	1476715	1477377	663	-1	0.744	11	GGAGG	NA	NA	NA	0	0	0	1	NA	NA	NA	NA	NA
NC_006461.1_1526	1477374	1477841	468	-1	0.688	11	3Base/5BMM	NA	NA	NA	0	0	0	1	NA	NA	NA	NA	NA
NC_006461.1_1527	1477956	1479467	1512	1	0.707	11	AGxAG	GENOMAD.032975.CC	2.683e-26	117	1	0	0	1246	Caudoviricetes	NA	NA	PF00958;PF13638;PF09002;TIGR03642;K07158;COG1875	GMP synthase C terminal domain; PIN domain
NC_006461.1_1528	1479467	1480030	564	1	0.700	11	GGA/GAG/AGG	NA	NA	NA	0	0	0	1	NA	NA	NA	NA	NA
NC_006461.1_1529	1480055	1480342	288	1	0.674	11	AGGAG	GENOMAD.176865.CP	1.659e-12	64	0	0	0	1	NA	NA	NA	PF08734;COG4274	GYD domain
NC_006461.1_1530	1480342	1480728	387	1	0.680	11	None	GENOMAD.146194.CP	3.732e-34	128	0	0	0	1	NA	NA	NF000496	PF19581;COG3607;TIGR03645;K08234	Predicted lactoylglutathione lyase
NC_006461.1_1531	1480725	1481225	501	1	0.689	11	GGAGG	NA	NA	NA	0	0	0	1	NA	NA	NA	NA	NA
NC_006461.1_1532	1481244	1482905	1662	1	0.684	11	None	GENOMAD.114541.CP	2.311e-72	258	0	0	0	1	NA	NA	NA	PF01039;K01604;TIGR01117;COG4799	methylmalonyl-CoA decarboxylase alpha subunit
NC_006461.1_1533	1482902	1483513	612	-1	0.708	11	None	GENOMAD.124379.CP	1.123e-11	66	0	0	0	1	NA	NA	NA	COG2095	Small neutral amino acid transporter SnatA, MarC family
NC_006461.1_1534	1483515	1484009	495	-1	0.705	11	AGGAG	GENOMAD.117072.CP	9.682e-10	59	0	0	0	1	NA	NA	NA	PF02863;TIGR01529;K03402;COG1438	arginine repressor
NC_006461.1_1535	1484019	1485209	1191	-1	0.737	11	AGGAG	NA	NA	NA	0	0	0	1	NA	NA	NA	NA	NA
NC_006461.1_1536	1485216	1485515	300	-1	0.640	11	AGGAGG	GENOMAD.035625.CC	3.544e-53	181	0	0	0	1	NA	NA	NA	PF01192;TIGR00690;COG1758;K03060	DNA-directed RNA polymerase, omega subunit
NC_006461.1_1537	1485496	1486158	663	-1	0.686	11	None	GENOMAD.126842.VC	1.586e-09	60	0	0	0	10760	Herpesvirales	NA	NA	PF00625;PF01796;K00942;TIGR03263;COG0194	guanylate kinase
NC_006461.1_1538	1486211	1487638	1428	1	0.693	11	None	NA	NA	NA	0	0	0	1	NA	NA	NA	NA	NA
NC_006461.1_1539	1487635	1488078	444	-1	0.739	11	None	NA	NA	NA	0	0	0	1	NA	NA	NA	NA	NA
NC_006461.1_1540	1488083	1489132	1050	-1	0.749	11	AGGAG	NA	NA	NA	0	0	0	1	NA	NA	NA	NA	NA
NC_006461.1_1541	1489168	1490622	1455	-1	0.734	11	GGA/GAG/AGG	GENOMAD.001883.CC	6.845e-23	106	0	0	0	1	NA	NA	NA	PF10079;K22136;COG4365;TIGR03998	Uncharacterized protein YllA, UPF0747 family
NC_006461.1_1542	1490633	1491256	624	-1	0.726	11	None	GENOMAD.120797.CP	2.61e-08	56	0	0	0	1	NA	NA	NA	PF00027;PF15977;TIGR03697;K21564;COG0664	global nitrogen regulator NtcA, cyanobacterial
NC_006461.1_1543	1491266	1492084	819	-1	0.708	11	AGxAGG/AGGxGG	GENOMAD.000865.CC	2.457e-89	295	0	0	0	1	NA	NA	NA	PF02621;K11785;COG2107;TIGR01728	Menaquinone biosynthesis enzyme MqnD
NC_006461.1_1544	1492091	1494841	2751	-1	0.721	11	None	GENOMAD.194593.CP	0.0	1505	0	0	0	1	NA	NA	NA	PF10087;PF07079;PF12847;TIGR00990;COG4378;K00570	mitochondrial precursor proteins import receptor (72 kDa mitochondrial outermembrane protein) (mitochondrial import receptor for the ADP/ATP carrier) (translocase of outermembrane tom70)
NC_006461.1_1545	1494896	1495918	1023	-1	0.675	11	AGGAG	NA	NA	NA	0	0	0	1	NA	NA	NA	NA	NA
NC_006461.1_1546	1495981	1496202	222	-1	0.689	11	GGAGG	NA	NA	NA	0	0	0	1	NA	NA	NA	NA	NA
NC_006461.1_1547	1496202	1496600	399	-1	0.674	11	None	NA	NA	NA	0	0	0	1	NA	NA	NA	NA	NA
NC_006461.1_1548	1496597	1496803	207	-1	0.725	11	GGA/GAG/AGG	NA	NA	NA	0	0	0	1	NA	NA	NA	NA	NA
NC_006461.1_1549	1496858	1497748	891	-1	0.719	11	GGAGG	NA	NA	NA	0	0	0	1	NA	NA	NA	NA	NA
NC_006461.1_1550	1497723	1498250	528	-1	0.688	11	GGA/GAG/AGG	GENOMAD.181944.PC	0.0006094	42	0	0	0	1	NA	NA	NF033693	PF13420;COG1670;TIGR04431;K00663	Protein N-acetyltransferase, RimJ/RimL family
NC_006461.1_1551	1498260	1499534	1275	-1	0.699	11	AGGAG	NA	NA	NA	0	0	0	1	NA	NA	NA	NA	NA
NC_006461.1_1552	1499544	1500803	1260	-1	0.729	11	GGxGG	NA	NA	NA	0	0	0	1	NA	NA	NA	NA	NA
NC_006461.1_1553	1500829	1502379	1551	-1	0.688	11	AGGAG	GENOMAD.133528.CP	4.199e-18	91	0	0	0	1	NA	NA	NA	NA	NA
NC_006461.1_1554	1502395	1503318	924	-1	0.677	11	AGGAGG	GENOMAD.179768.CP	1.456e-05	49	0	0	0	1	NA	NA	NA	PF01619	Proline dehydrogenase
NC_006461.1_1555	1503315	1503977	663	-1	0.725	11	None	GENOMAD.126222.CP	3.506e-13	71	0	0	0	1	NA	NA	NA	PF07840;TIGR03338;K22293;COG1802	phosphonate utilization associated transcriptional regulator
NC_006461.1_1556	1504025	1504915	891	-1	0.685	11	GGxGG	GENOMAD.130104.CP	1.712e-67	233	0	0	0	1	NA	NA	NA	PF13224;TIGR00180;COG5119	ParB/RepB/Spo0J family partition protein
NC_006461.1_1557	1505012	1506199	1188	1	0.680	11	AGxAGG/AGGxGG	NA	NA	NA	0	0	0	1	NA	NA	NA	NA	NA
NC_006461.1_1558	1506285	1507487	1203	1	0.600	11	3Base/5BMM	GENOMAD.220519.VC	1.86e-75	261	0	0	0	1	NA	NA	NA	PF12950	TaqI-like C-terminal specificity domain
NC_006461.1_1559	1507447	1508238	792	1	0.514	11	AGGAGG	NA	NA	NA	0	0	0	1	NA	NA	NA	NA	NA
NC_006461.1_1560	1508225	1508650	426	-1	0.685	11	GGAG/GAGG	GENOMAD.057067.CC	1.097e-69	231	0	0	0	1	NA	NA	NA	NA	NA
NC_006461.1_1561	1508730	1510652	1923	1	0.671	11	3Base/5BMM	GENOMAD.138195.VC	9.943e-39	158	0	0	0	1246	Caudoviricetes	NA	NA	PF00204;K02622;TIGR01059;COG0187	DNA gyrase, B subunit
NC_006461.1_1562	1510700	1511659	960	-1	0.695	11	None	GENOMAD.177050.CP	3.228e-05	48	0	0	0	1	NA	NA	NF000129	PF07478;COG1181;TIGR01205;K15739	D-alanine-D-alanine ligase and related ATP-grasp enzymes
NC_006461.1_1563	1511669	1512220	552	-1	0.717	11	GGA/GAG/AGG	GENOMAD.099157.CV	1.924e-58	201	1	0	0	1246	Caudoviricetes	NA	NA	PF01195;K01056;COG0193;TIGR00447	Peptidyl-tRNA hydrolase
NC_006461.1_1564	1512236	1512856	621	-1	0.668	11	GGAGG	GENOMAD.000077.CC	4.546e-31	123	0	0	0	1	NA	NA	NA	PF14693;PF01386;K02897;TIGR00731;COG1825	ribosomal protein bL25, Ctc-form
NC_006461.1_1565	1512976	1513401	426	-1	0.735	11	GGA/GAG/AGG	NA	NA	NA	0	0	0	1	NA	NA	NA	NA	NA
NC_006461.1_1566	1513409	1513996	588	-1	0.740	11	GGAGG	NA	NA	NA	0	0	0	1	NA	NA	NA	NA	NA
NC_006461.1_1567	1514022	1515326	1305	-1	0.738	11	None	NA	NA	NA	0	0	0	1	NA	NA	NA	NA	NA
NC_006461.1_1568	1515295	1515945	651	-1	0.694	11	GGAGG	NA	NA	NA	0	0	0	1	NA	NA	NA	NA	NA
NC_006461.1_1569	1515942	1517900	1959	-1	0.718	11	GGxGG	GENOMAD.013203.CC	4.866e-05	49	0	0	0	1	NA	NA	NA	PF09205;PF07714;K08857;COG0478;TIGR03903	RIO-like serine/threonine protein kinase fused to N-terminal HTH domain
NC_006461.1_1570	1517900	1518664	765	-1	0.737	11	None	NA	NA	NA	0	0	0	1	NA	NA	NA	NA	NA
NC_006461.1_1571	1518681	1520396	1716	1	0.728	11	AGGA	GENOMAD.038940.CC	6.131e-317	969	0	0	0	1	NA	NA	NA	NA	NA
NC_006461.1_1572	1520439	1521632	1194	1	0.706	11	AGGAG	NA	NA	NA	0	0	0	1	NA	NA	NA	NA	NA
NC_006461.1_1573	1521629	1522627	999	-1	0.691	11	None	GENOMAD.121288.CP	2.702e-57	205	0	0	0	1	NA	NA	NA	PF00490;COG0113;K01698	Delta-aminolevulinic acid dehydratase, porphobilinogen synthase
NC_006461.1_1574	1522640	1522957	318	1	0.657	11	GGAGG	NA	NA	NA	0	0	0	1	NA	NA	NA	NA	NA
NC_006461.1_1575	1522958	1523542	585	1	0.732	11	GGA/GAG/AGG	GENOMAD.000052.CC	4.876e-44	160	1	0	0	1246	Caudoviricetes	NA	NA	PF02132;PF13662;COG0353;TIGR00615;K06187	Recombinational DNA repair protein RecR
NC_006461.1_1576	1523545	1523928	384	1	0.740	11	AGxAGG/AGGxGG	GENOMAD.014286.CC	9.042e-16	75	0	0	0	1	NA	NA	NA	PF08923;K07131;COG2018	Predicted regulator of Ras-like GTPase activity, Roadblock/LC7/MglB family
NC_006461.1_1577	1523916	1524257	342	1	0.722	11	AGxAGG/AGGxGG	GENOMAD.047359.CC	2.093e-49	171	0	0	0	1	NA	NA	NA	PF08923;COG2018;K07131	Predicted regulator of Ras-like GTPase activity, Roadblock/LC7/MglB family
NC_006461.1_1578	1524242	1524580	339	1	0.740	11	GGAGG	NA	NA	NA	0	0	0	1	NA	NA	NA	NA	NA
NC_006461.1_1579	1524577	1524843	267	1	0.663	11	AGGAG	NA	NA	NA	0	0	0	1	NA	NA	NA	NA	NA
NC_006461.1_1580	1524903	1526732	1830	-1	0.702	11	3Base/5BMM	GENOMAD.147400.CP	8.961e-05	48	0	0	0	1	NA	NA	NA	PF12715;TIGR02821;COG3458;K20759	Abhydrolase family
NC_006461.1_1581	1526776	1527504	729	1	0.680	11	None	GENOMAD.045770.CC	2.402e-10	63	0	0	0	1	NA	NA	NA	PF01784;COG0327;TIGR00486;K22391	Putative GTP cyclohydrolase 1 type 2, NIF3 family
NC_006461.1_1582	1527505	1528101	597	1	0.735	11	None	NA	NA	NA	0	0	0	1	NA	NA	NA	NA	NA
NC_006461.1_1583	1528109	1528564	456	1	0.693	11	None	GENOMAD.171657.CV	9.072e-17	79	0	0	0	1	NA	NA	NA	PF02643;COG1430	Uncharacterized conserved membrane protein, UPF0127 family
NC_006461.1_1584	1528566	1529102	537	1	0.736	11	None	GENOMAD.171657.CV	9.418e-98	314	0	0	0	1	NA	NA	NA	PF02643;COG1430	Uncharacterized conserved membrane protein, UPF0127 family
NC_006461.1_1585	1529099	1529332	234	-1	0.603	11	GGAGG	GENOMAD.129440.VC	1.494e-13	66	0	0	0	1246	Caudoviricetes	NA	NA	PF13397;COG2331;TIGR02605	Predicted nucleic acid-binding protein, contains Zn-ribbon domain
NC_006461.1_1586	1529408	1529962	555	1	0.744	11	None	NA	NA	NA	0	0	0	1	NA	NA	NA	NA	NA
NC_006461.1_1587	1529968	1530579	612	1	0.732	11	None	GENOMAD.148396.CP	1.128e-08	57	0	0	0	1	NA	NA	NA	PF09419;K20866;TIGR01662;COG1778	HAD-superfamily hydrolase, subfamily IIIA
NC_006461.1_1588	1530576	1531103	528	-1	0.699	11	AGGAG	NA	NA	NA	0	0	0	1	NA	NA	NA	NA	NA
NC_006461.1_1589	1531113	1531649	537	-1	0.702	11	None	NA	NA	NA	0	0	0	1	NA	NA	NA	NA	NA
NC_006461.1_1590	1531672	1532100	429	1	0.674	11	None	GENOMAD.111731.CP	5.066e-20	88	0	0	0	1	NA	NA	NA	PF02577;K08999;COG1259	Bifunctional DNase/RNase
NC_006461.1_1591	1532132	1532929	798	1	0.723	11	GGxGG	GENOMAD.147408.CP	0.0001922	45	0	0	0	1	NA	NA	NA	PF14582;K03651;COG1409;TIGR03729	3',5'-cyclic AMP phosphodiesterase CpdA
NC_006461.1_1592	1532910	1533233	324	-1	0.660	11	AGGA	NA	NA	NA	0	0	0	1	NA	NA	NA	NA	NA
NC_006461.1_1593	1533244	1534554	1311	-1	0.711	11	None	NA	NA	NA	0	0	0	1	NA	NA	NA	NA	NA
NC_006461.1_1594	1534617	1535552	936	1	0.716	11	None	GENOMAD.094393.CP	9.343e-73	249	0	0	0	1	NA	NA	NA	PF02390;TIGR00091;COG0220;K00832	tRNA (guanine-N(7)-)-methyltransferase
NC_006461.1_1595	1535572	1536636	1065	1	0.730	11	None	NA	NA	NA	0	0	0	1	NA	NA	NA	NA	NA
NC_006461.1_1596	1536681	1537145	465	-1	0.697	11	GGAGG	NA	NA	NA	0	0	0	1	NA	NA	NA	NA	NA
NC_006461.1_1597	1537244	1537936	693	1	0.714	11	None	GENOMAD.127438.CP	5.363e-29	118	0	0	0	1	NA	NA	NA	PF00581;K01011;COG2897;TIGR03167	3-mercaptopyruvate sulfurtransferase SseA, contains two rhodanese domains
NC_006461.1_1598	1537933	1538556	624	1	0.697	11	None	GENOMAD.124145.CP	1.231e-11	66	0	0	0	1	NA	NA	NF033105	PF19583;TIGR04559;K20257;COG0426	quinoprotein relay system zinc metallohydrolase 2
NC_006461.1_1599	1538544	1539272	729	1	0.694	11	None	GENOMAD.000570.CC	4.166e-39	148	0	0	0	1	NA	NA	NA	PF02591;PF17078;K07164;COG1579;TIGR01206	Predicted  nucleic acid-binding protein, contains Zn-ribbon domain
NC_006461.1_1600	1539276	1539704	429	-1	0.688	11	GGAGG	GENOMAD.145653.CP	8.599e-40	145	0	0	0	1	NA	NA	NA	PF02566;K04063;TIGR03562;COG1765	peroxiredoxin, OsmC subfamily
NC_006461.1_1601	1539780	1540370	591	-1	0.690	11	AGGAG	NA	NA	NA	0	0	0	1	NA	NA	NA	NA	NA
NC_006461.1_1602	1540441	1541217	777	1	0.705	11	AGGA	GENOMAD.005270.CC	2.294e-32	129	0	0	0	1	NA	NA	NA	PF00884;TIGR02335;COG3379;K19670	phosphonoacetate hydrolase
NC_006461.1_1603	1541285	1542277	993	1	0.690	11	GGAGG	GENOMAD.141364.CP	2.426e-44	167	0	0	0	1	NA	NA	NA	PF13531;K02012;TIGR01276;COG4588	thiamine ABC transporter, periplasmic binding protein
NC_006461.1_1604	1542322	1543872	1551	1	0.725	11	None	GENOMAD.125776.CP	0.000144	47	0	0	0	1	NA	NA	NA	PF00528;K02054;TIGR01253;COG1175	thiamine ABC transporter, permease protein
NC_006461.1_1605	1543851	1544903	1053	1	0.735	11	GGxGG	NA	NA	NA	0	0	0	1	NA	NA	NA	NA	NA
NC_006461.1_1606	1544908	1545669	762	1	0.727	11	AGGAG	GENOMAD.147411.CP	3.825e-34	134	0	0	0	1246	Caudoviricetes	NA	NA	PF01416;TIGR00071;COG0101;K15452	tRNA pseudouridine(38-40) synthase
NC_006461.1_1607	1545705	1546892	1188	-1	0.670	11	GGAG/GAGG	NA	NA	NA	0	0	0	1	NA	NA	NA	NA	NA
NC_006461.1_1608	1546902	1547912	1011	-1	0.666	11	GGAGG	NA	NA	NA	0	0	0	1	NA	NA	NA	NA	NA
NC_006461.1_1609	1547987	1549855	1869	-1	0.643	11	AGGAGG	NA	NA	NA	0	0	0	1	NA	NA	NA	NA	NA
NC_006461.1_1610	1550036	1550416	381	-1	0.672	11	AGGAG	NA	NA	NA	0	0	0	1	NA	NA	NA	NA	NA
NC_006461.1_1611	1550495	1551625	1131	1	0.699	11	AGGA	GENOMAD.120563.CP	3.253e-118	384	0	0	0	1	NA	NA	NA	PF00557;K01271;COG0006;TIGR02993	Xaa-Pro aminopeptidase
NC_006461.1_1612	1551652	1552584	933	1	0.681	11	GGxGG	NA	NA	NA	0	0	0	1	NA	NA	NA	NA	NA
NC_006461.1_1613	1552581	1553297	717	1	0.724	11	None	GENOMAD.024601.CC	5.478e-142	445	0	0	0	1	NA	NA	NA	PF06028;COG1647;TIGR01607;K06889	Esterase/lipase
NC_006461.1_1614	1553284	1553868	585	1	0.720	11	GGAG/GAGG	NA	NA	NA	0	0	0	1	NA	NA	NA	NA	NA
NC_006461.1_1615	1553865	1555757	1893	1	0.682	11	AGGAGG	GENOMAD.092845.CP	3.359e-196	623	0	0	0	1	NA	NA	NA	PF02784;PF17810;PF17944;COG1166;K01583;TIGR01273	Arginine decarboxylase (spermidine biosynthesis)
NC_006461.1_1616	1555814	1556896	1083	1	0.681	11	AGGA	GENOMAD.115274.CP	0.0001679	46	0	0	0	1	NA	NA	NA	PF10069;PF16963;COG4250;TIGR00254	Sensory domain in DIguanylate Cyclases and Two-component system; PelD GGDEF domain
NC_006461.1_1617	1556998	1558233	1236	-1	0.686	11	GGA/GAG/AGG	NA	NA	NA	0	0	0	1	NA	NA	NA	NA	NA
NC_006461.1_1618	1558271	1559044	774	1	0.727	11	AGGA	GENOMAD.100096.CP	3.405e-38	146	0	0	0	1246	Caudoviricetes	NA	NA	PF07302;K01776;TIGR00067;COG0796	glutamate racemase
NC_006461.1_1619	1559073	1559726	654	1	0.674	11	GGA/GAG/AGG	GENOMAD.192937.PC	6.031e-06	49	0	0	0	1	NA	NA	NA	PF03641;TIGR00730;COG1611	TIGR00730 family protein
NC_006461.1_1620	1559701	1561935	2235	-1	0.705	11	None	GENOMAD.077411.CP	2.131e-07	57	0	0	0	1	NA	NA	NA	PF01713	Smr domain
NC_006461.1_1621	1561958	1562305	348	-1	0.655	11	GGAG/GAGG	NA	NA	NA	0	0	0	1	NA	NA	NA	NA	NA
NC_006461.1_1622	1562302	1564014	1713	-1	0.691	11	GGAGG	NA	NA	NA	0	0	0	1	NA	NA	NA	NA	NA
NC_006461.1_1623	1564011	1564133	123	-1	0.569	11	GGAG/GAGG	NA	NA	NA	0	0	0	1	NA	NA	NA	NA	NA
NC_006461.1_1624	1564182	1564469	288	-1	0.684	11	None	GENOMAD.211120.CP	0.0008489	39	0	0	0	1	NA	NA	NA	PF18765;COG1669;TIGR03671	Predicted nucleotidyltransferase
NC_006461.1_1625	1564474	1565793	1320	-1	0.645	11	GGAGG	NA	NA	NA	0	0	0	1	NA	NA	NA	NA	NA
NC_006461.1_1626	1565794	1567122	1329	-1	0.670	11	3Base/5BMM	NA	NA	NA	0	0	0	1	NA	NA	NA	NA	NA
NC_006461.1_1627	1567182	1568378	1197	-1	0.653	11	GGxGG	GENOMAD.132855.CP	8.354e-13	73	0	0	0	1	NA	NA	NA	PF01547;TIGR03850;COG2182;K10227	carbohydrate ABC transporter substrate-binding protein, CPR_0540 family
NC_006461.1_1628	1568478	1569509	1032	-1	0.680	11	AGGAG(G)/GGAGG	GENOMAD.006191.CC	9.761e-55	198	0	0	0	1	NA	NA	NA	COG1723	Uncharacterized protein, Rmd1/YagE family
NC_006461.1_1629	1569506	1570129	624	-1	0.707	11	3Base/5BMM	NA	NA	NA	0	0	0	1	NA	NA	NA	NA	NA
NC_006461.1_1630	1570133	1571071	939	-1	0.705	11	3Base/5BMM	NA	NA	NA	0	0	0	1	NA	NA	NA	NA	NA
NC_006461.1_1631	1571088	1571531	444	-1	0.615	11	GGAG/GAGG	NA	NA	NA	0	0	0	1	NA	NA	NA	NA	NA
NC_006461.1_1632	1571544	1572179	636	-1	0.679	11	GGAGG	GENOMAD.059967.CC	7.563e-65	221	0	0	0	1	NA	NA	NA	PF02629;K01926;COG2344;TIGR01921	NADH/NAD ratio-sensing transcriptional regulator Rex
NC_006461.1_1633	1572176	1572946	771	-1	0.759	11	GGAGG	GENOMAD.154598.VC	4.195e-102	331	0	0	0	1	NA	NA	NA	PF05036	SPOR domain
NC_006461.1_1634	1572948	1574309	1362	-1	0.740	11	AGxAGG/AGGxGG	NA	NA	NA	0	0	0	1	NA	NA	NA	NA	NA
NC_006461.1_1635	1574363	1574875	513	1	0.710	11	None	GENOMAD.158308.VC	2.285e-23	99	0	0	0	1246	Caudoviricetes	NA	NA	PF13395;COG1403;TIGR02646	5-methylcytosine-specific restriction endonuclease McrA
NC_006461.1_1636	1574872	1575705	834	-1	0.688	11	None	GENOMAD.137889.CP	5.578e-18	87	0	0	0	1	NA	NA	NA	PF16913;K03298;TIGR03340;COG5006	phosphonate utilization associated putative membrane protein
NC_006461.1_1637	1575747	1576226	480	1	0.673	11	GGAGG	GENOMAD.042041.CC	7.555e-32	123	0	0	0	1	NA	NA	NA	COG3771	Uncharacterized membrane protein YciS, DUF1049 family
NC_006461.1_1638	1576349	1576705	357	-1	0.683	11	AGGAG	GENOMAD.000035.CC	3.564e-38	139	1	0	0	1	NA	NA	NA	PF01196;COG0203;TIGR00059	Ribosomal protein L17
NC_006461.1_1639	1576710	1577657	948	-1	0.671	11	AGGAG	GENOMAD.000031.CC	2.408e-82	277	1	0	0	1	NA	NA	NA	PF01193;K03040;TIGR02027;COG0202	DNA-directed RNA polymerase, alpha subunit, bacterial and chloroplast-type
NC_006461.1_1640	1577676	1578305	630	-1	0.675	11	AGGAG	GENOMAD.079740.CV	3.035e-27	112	1	0	0	1246	Caudoviricetes	NA	NA	PF00163;K02986;TIGR01017;COG0522	Ribosomal protein S4/S9 N-terminal domain
NC_006461.1_1641	1578318	1578707	390	-1	0.656	11	GGAG/GAGG	GENOMAD.000013.CC	8.935e-50	173	1	0	0	1	NA	NA	NA	PF00411;K02948;COG0100;TIGR03628	Ribosomal protein S11
NC_006461.1_1642	1578744	1579124	381	-1	0.696	11	GGAGG	GENOMAD.000014.CC	2.569e-45	160	1	0	0	1	NA	NA	NA	PF00416;COG0099;TIGR03631;K02964	Ribosomal protein S13
NC_006461.1_1643	1579136	1579249	114	-1	0.623	11	AGGAG	GENOMAD.000435.CC	1.567e-16	72	0	0	0	1	NA	NA	NA	PF00444;COG0257;TIGR01022	Ribosomal protein L36
NC_006461.1_1644	1579259	1579477	219	-1	0.639	11	AGxAGG/AGGxGG	NA	NA	NA	0	0	0	1	NA	NA	NA	NA	NA
NC_006461.1_1645	1579486	1580253	768	-1	0.693	11	GGA/GAG/AGG	GENOMAD.124338.CP	1.974e-05	48	0	0	0	1	NA	NA	NA	PF00557;PF01321;K01271;COG0006;TIGR02993	Xaa-Pro aminopeptidase
NC_006461.1_1646	1580253	1580807	555	-1	0.708	11	AGGAG	NA	NA	NA	0	0	0	1	NA	NA	NA	NA	NA
NC_006461.1_1647	1580817	1582133	1317	-1	0.664	11	GGAGG	NA	NA	NA	0	0	0	1	NA	NA	NA	NA	NA
NC_006461.1_1648	1582135	1582587	453	-1	0.711	11	GGAGG	GENOMAD.000024.CC	1.95e-34	130	1	0	0	1	NA	NA	NA	PF00828;TIGR01071;K02876;COG0200	ribosomal protein L15, bacterial/organelle
NC_006461.1_1649	1582584	1582766	183	-1	0.672	11	AGxAGG/AGGxGG	GENOMAD.000148.CC	1.477e-13	65	0	0	0	1	NA	NA	NA	PF00327;TIGR01308;COG1841	ribosomal protein L30, bacterial/organelle
NC_006461.1_1650	1582747	1583235	489	-1	0.699	11	GGAGG	GENOMAD.000010.CC	1.004e-38	143	1	0	0	1	NA	NA	NA	PF00333;PF03719;TIGR01021;COG0098	ribosomal protein S5, bacterial/organelle type
NC_006461.1_1651	1583248	1583586	339	-1	0.661	11	GGxGG	GENOMAD.076560.CV	5.444e-39	141	1	0	0	1	NA	NA	NA	PF00861;TIGR00060;COG0256;K02881	Ribosomal L18 of archaea, bacteria, mitoch. and chloroplast
NC_006461.1_1652	1583598	1584140	543	-1	0.689	11	GGAG/GAGG	GENOMAD.000001.CC	2.445e-54	189	1	0	0	1	NA	NA	NA	PF00347;K02933;TIGR03654;COG0097	ribosomal protein L6, bacterial type
NC_006461.1_1653	1584140	1584556	417	-1	0.679	11	AGGAG	GENOMAD.000019.CC	8.962e-46	162	1	0	0	1	NA	NA	NA	PF00410;K02994;COG0096	Ribosomal protein S8
NC_006461.1_1654	1584626	1584811	186	-1	0.683	11	GGAG/GAGG	GENOMAD.109953.CP	4.369e-18	78	0	0	0	1	NA	NA	NA	PF00253;COG0199	Ribosomal protein S14
NC_006461.1_1655	1584819	1585367	549	-1	0.654	11	GGAGG	GENOMAD.000004.CC	1.269e-79	262	1	0	0	1	NA	NA	NA	PF00673;PF00281;K02931;COG0094	Ribosomal protein L5
NC_006461.1_1656	1585371	1585703	333	-1	0.646	11	GGAGG	GENOMAD.000028.CC	8.167e-42	149	1	0	0	1	NA	NA	NA	PF17136;PF00467;K02895;TIGR01079;COG0198	ribosomal protein L24, bacterial/organelle
NC_006461.1_1657	1585703	1586071	369	-1	0.667	11	GGAGG	GENOMAD.000007.CC	1.949e-54	186	1	0	0	1	NA	NA	NA	PF00238;COG0093;TIGR01067	Ribosomal protein L14
NC_006461.1_1658	1586068	1586385	318	-1	0.616	11	AGGAGG	GENOMAD.051620.CP	7.352e-25	100	1	0	0	1	NA	NA	NA	PF00366;TIGR03635;COG0186	ribosomal protein uS17, bacterial form
NC_006461.1_1659	1586378	1586596	219	-1	0.598	11	AGGAGG	GENOMAD.000093.CC	7.474e-11	58	1	0	0	1	NA	NA	NA	PF00831;COG0255;K02904;TIGR00012	Ribosomal protein L29
NC_006461.1_1660	1586583	1587008	426	-1	0.664	11	AGGAG	GENOMAD.061469.CV	1.619e-65	219	1	0	0	1	NA	NA	NA	PF00252;K02878;TIGR01164;COG0197	ribosomal protein L16, bacterial/organelle
NC_006461.1_1661	1587012	1587731	720	-1	0.697	11	GGA/GAG/AGG	GENOMAD.000002.CC	1.747e-49	178	1	0	0	1	NA	NA	NA	PF05316;K02982;TIGR01009;COG0092	ribosomal protein S3, bacterial type
NC_006461.1_1662	1587721	1588062	342	-1	0.649	11	AGxAG	GENOMAD.058918.CV	4.219e-42	150	1	0	0	1	NA	NA	NA	PF00237;K02890;COG0091;TIGR01044	Ribosomal protein L22
NC_006461.1_1663	1588065	1588346	282	-1	0.624	11	GGAG/GAGG	GENOMAD.058748.CV	3.275e-43	152	1	0	0	1	NA	NA	NA	PF00203;K02965;COG0185;TIGR01050	Ribosomal protein S19
NC_006461.1_1664	1588355	1589185	831	-1	0.690	11	AGGAG	GENOMAD.058738.CV	6.636e-70	239	1	0	0	1	NA	NA	NA	PF03947;TIGR01171;COG0090	ribosomal protein L2, bacterial/organellar
NC_006461.1_1665	1589237	1589527	291	-1	0.636	11	AGxAGG/AGGxGG	GENOMAD.058867.CV	7.177e-29	111	1	0	0	1	NA	NA	NA	PF00276;COG0089;TIGR03636;K02892	Ribosomal protein L23
NC_006461.1_1666	1589524	1590141	618	-1	0.702	11	AGGAG	GENOMAD.060214.CV	9.685e-31	122	1	0	0	1	NA	NA	NA	PF00573;COG0088;K02926;TIGR03953	Ribosomal protein L4
NC_006461.1_1667	1590153	1590773	621	-1	0.689	11	AGGAG	GENOMAD.057410.CP	2.932e-26	109	1	0	0	1	NA	NA	NA	TIGR03625;COG0087	50S ribosomal protein uL3, bacterial form
NC_006461.1_1668	1590770	1591087	318	-1	0.645	11	GGAG/GAGG	GENOMAD.059737.CV	3.065e-10	58	1	0	0	1	NA	NA	NA	PF00338;TIGR01046;COG0051	ribosomal protein uS10, eukaryotic/archaeal
NC_006461.1_1669	1591096	1592316	1221	-1	0.627	11	AGGAG	NA	NA	NA	0	0	0	1	NA	NA	NA	NA	NA
NC_006461.1_1670	1592374	1594449	2076	-1	0.660	11	GGxGG	NA	NA	NA	0	0	0	1	NA	NA	NA	NA	NA
NC_006461.1_1671	1594452	1594922	471	-1	0.669	11	AGxAGG/AGGxGG	GENOMAD.031610.CC	8.474e-55	189	1	0	0	1	NA	NA	NA	PF00177;K02992;COG0049;TIGR01029	Ribosomal protein S7
NC_006461.1_1672	1594930	1595334	405	-1	0.674	11	AGxAGG/AGGxGG	NA	NA	NA	0	0	0	1	NA	NA	NA	NA	NA
NC_006461.1_1673	1595519	1596643	1125	1	0.720	11	GGAG/GAGG	NA	NA	NA	0	0	0	1	NA	NA	NA	NA	NA
NC_006461.1_1674	1596640	1597116	477	1	0.711	11	3Base/5BMM	GENOMAD.147703.CP	7.811e-22	94	0	0	0	1	NA	NA	NA	PF04073;COG2606;TIGR00011;K03976	Cys-tRNA(Pro) deacylase, prolyl-tRNA editing enzyme YbaK/EbsC
NC_006461.1_1675	1597119	1597391	273	1	0.652	11	AGGAG	GENOMAD.033974.CC	1.131e-52	179	0	0	0	1	NA	NA	NA	NA	NA
NC_006461.1_1676	1597403	1597687	285	1	0.614	11	None	GENOMAD.042277.CC	7.664e-43	151	0	0	0	1	NA	NA	NA	NA	NA
NC_006461.1_1677	1597690	1598088	399	1	0.677	11	None	GENOMAD.123025.CP	0.0001114	43	0	0	0	1	NA	NA	NA	PF14332;PF03965;K11522;TIGR02698;COG1510	Penicillinase repressor
NC_006461.1_1678	1598109	1599464	1356	-1	0.709	11	GGAGG	NA	NA	NA	0	0	0	1	NA	NA	NA	NA	NA
NC_006461.1_1679	1599468	1600250	783	-1	0.739	11	None	GENOMAD.033760.CC	2.563e-144	453	0	0	0	1	NA	NA	NA	PF14332	NA
NC_006461.1_1680	1600307	1600990	684	1	0.694	11	None	GENOMAD.152522.CP	1.556e-06	51	0	0	0	1	NA	NA	NA	PF05705;K03928;TIGR01607;COG0412	Plasmodium subtelomeric family (PST-A)
NC_006461.1_1681	1601003	1601749	747	1	0.700	11	None	NA	NA	NA	0	0	0	1	NA	NA	NA	NA	NA
NC_006461.1_1682	1601768	1602358	591	-1	0.741	11	GGAGG	GENOMAD.112950.CV	9.548e-07	51	0	0	0	1	NA	NA	NA	PF17746;COG1489;TIGR00230	SfsA N-terminal OB domain
NC_006461.1_1683	1602692	1603165	474	-1	0.660	11	GGAG/GAGG	NA	NA	NA	0	0	0	1	NA	NA	NA	NA	NA
NC_006461.1_1684	1603149	1604573	1425	-1	0.719	11	None	GENOMAD.181594.CP	2.144e-262	806	0	0	0	1	NA	NA	NA	PF04434;COG4715	Uncharacterized conserved protein, contains Zn finger domain
NC_006461.1_1685	1604610	1605662	1053	1	0.683	11	3Base/5BMM	GENOMAD.064753.CP	1.483e-75	259	0	0	0	1	NA	NA	NA	PF04055;PF14803;TIGR04337;K04069;COG1180	AmmeMemoRadiSam system radical SAM enzyme
NC_006461.1_1686	1605674	1607020	1347	1	0.713	11	GGAG/GAGG	GENOMAD.078662.CV	5.519e-13	74	0	0	0	1	NA	NA	NA	PF01875;K06990;TIGR04336;COG1355	AmmeMemoRadiSam system protein B
NC_006461.1_1687	1607017	1607406	390	-1	0.721	11	None	GENOMAD.129569.CP	1.067e-14	72	0	0	0	1	NA	NA	NA	NA	NA
NC_006461.1_1688	1607458	1607847	390	1	0.705	11	None	NA	NA	NA	0	0	0	1	NA	NA	NA	NA	NA
NC_006461.1_1689	1607844	1608602	759	-1	0.664	11	GGAG/GAGG	GENOMAD.140512.CP	8.546e-45	165	0	0	0	1	NA	NA	NA	PF06778;K00435;COG3253	Chlorite dismutase
NC_006461.1_1690	1608626	1609693	1068	1	0.696	11	None	GENOMAD.142597.CP	3.069e-08	58	0	0	0	1	NA	NA	NA	PF00924;K03442;COG0668	Mechanosensitive ion channel
NC_006461.1_1691	1609690	1611906	2217	1	0.737	11	AGGA	GENOMAD.038941.CC	0.0	1005	0	0	0	1	NA	NA	NA	NA	NA
NC_006461.1_1692	1611926	1614109	2184	1	0.693	11	None	NA	NA	NA	0	0	0	1	NA	NA	NA	NA	NA
NC_006461.1_1693	1614415	1614615	201	1	0.637	11	AGGAG	NA	NA	NA	0	0	0	1	NA	NA	NA	NA	NA
NC_006461.1_1694	1614618	1614902	285	1	0.635	11	3Base/5BMM	NA	NA	NA	0	0	0	1	NA	NA	NA	NA	NA
NC_006461.1_1695	1614907	1617303	2397	1	0.711	11	None	NA	NA	NA	0	0	0	1	NA	NA	NA	NA	NA
NC_006461.1_1696	1617322	1617534	213	1	0.662	11	GGAG/GAGG	GENOMAD.181634.CP	5.554e-06	44	0	0	0	1	NA	NA	NA	NA	NA
NC_006461.1_1697	1617531	1618208	678	1	0.670	11	GGA/GAG/AGG	GENOMAD.166998.PC	3.193e-06	50	0	0	0	1	NA	NA	NA	K20488	NA
NC_006461.1_1698	1618192	1619313	1122	1	0.692	11	AGGA	NA	NA	NA	0	0	0	1	NA	NA	NA	NA	NA
NC_006461.1_1699	1619324	1619485	162	1	0.654	11	GGA/GAG/AGG	NA	NA	NA	0	0	0	1	NA	NA	NA	NA	NA
NC_006461.1_1700	1619475	1619843	369	1	0.642	11	GGA/GAG/AGG	GENOMAD.205645.PC	9.82e-13	66	0	0	0	1	NA	NA	NA	NA	NA
NC_006461.1_1701	1619847	1620599	753	1	0.695	11	GGAGG	NA	NA	NA	0	0	0	1	NA	NA	NA	NA	NA
NC_006461.1_1702	1620596	1621411	816	1	0.681	11	GGA/GAG/AGG	GENOMAD.166354.CP	9.324e-42	157	0	0	0	1	NA	NA	NA	PF13386;K06196;COG0785;TIGR00802	Cytochrome c biogenesis protein CcdA
NC_006461.1_1703	1621420	1621950	531	1	0.635	11	AGxAGG/AGGxGG	GENOMAD.142989.CP	1.379e-07	53	0	0	0	1	NA	NA	NA	PF08534;TIGR01626;COG0386	conserved hypothetical protein YtfJ-family, TIGR01626
NC_006461.1_1704	1621904	1622500	597	-1	0.698	11	GGAG/GAGG	GENOMAD.109687.CP	4.321e-05	46	0	0	0	1	NA	NA	NA	PF06859;TIGR01934;COG4627;K24451	ubiquinone/menaquinone biosynthesis methyltransferases
NC_006461.1_1705	1622660	1622905	246	1	0.602	11	GGAGG	GENOMAD.170434.PC	1.587e-07	49	0	0	0	1	NA	NA	NA	NA	NA
NC_006461.1_1706	1622902	1623537	636	1	0.660	11	AGGAG	NA	NA	NA	0	0	0	1	NA	NA	NA	NA	NA
NC_006461.1_1707	1623560	1623949	390	1	0.687	11	AGGAG	GENOMAD.148484.CP	5.228e-31	119	0	0	0	1	NA	NA	NA	PF03625;COG3439	Uncharacterized conserved protein, DUF302 family
NC_006461.1_1708	1624029	1626104	2076	1	0.700	11	AGGAG	NA	NA	NA	0	0	0	1	NA	NA	NA	NA	NA
NC_006461.1_1709	1626140	1626376	237	1	0.637	11	AGGAG	GENOMAD.170434.PC	3.514e-06	45	0	0	0	1	NA	NA	NA	NA	NA
NC_006461.1_1710	1626428	1627642	1215	1	0.684	11	3Base/5BMM	GENOMAD.123263.CP	9.644e-09	60	0	0	0	1	NA	NA	NA	PF19488;K11717;TIGR01814;COG3844	kynureninase
NC_006461.1_1711	1627650	1628066	417	1	0.676	11	None	NA	NA	NA	0	0	0	1	NA	NA	NA	NA	NA
NC_006461.1_1712	1628063	1628269	207	1	0.691	11	GGAGG	NA	NA	NA	0	0	0	1	NA	NA	NA	NA	NA
NC_006461.1_1713	1628266	1628976	711	1	0.688	11	GGAGG	NA	NA	NA	0	0	0	1	NA	NA	NA	NA	NA
NC_006461.1_1714	1628973	1629509	537	-1	0.680	11	GGAGG	GENOMAD.124140.CP	0.0006408	42	0	0	0	1	NA	NA	NA	PF05685;COG4636	Endonuclease, Uma2 family (restriction endonuclease fold)
NC_006461.1_1715	1629623	1630591	969	-1	0.738	11	AGxAGG/AGGxGG	NA	NA	NA	0	0	0	1	NA	NA	NA	NA	NA
NC_006461.1_1716	1630588	1631592	1005	-1	0.688	11	GGAGG	GENOMAD.210533.CP	6.696e-126	404	0	0	0	1	NA	NA	NA	COG1300	Uncharacterized membrane protein SpoIIM, required for sporulation
NC_006461.1_1717	1631594	1632145	552	-1	0.688	11	AGxAGG/AGGxGG	GENOMAD.089844.CV	4.176e-21	93	0	0	0	1246	Caudoviricetes	NA	NA	PF15609;TIGR01367;COG0461;K00762	orotate phosphoribosyltransferase, Thermus family
NC_006461.1_1718	1632151	1632924	774	-1	0.707	11	None	GENOMAD.136730.CP	3.637e-17	84	0	0	0	1246	Caudoviricetes	NA	NA	PF00215;K01591;TIGR02127;COG0284	orotidine 5'-phosphate decarboxylase, subfamily 2
NC_006461.1_1719	1634459	1634650	192	-1	0.656	11	None	GENOMAD.219831.CP	4.868e-11	58	0	0	0	1	NA	NA	NA	NA	NA
NC_006461.1_1720	1634832	1635497	666	1	0.728	11	None	GENOMAD.146212.CP	1.647e-10	63	0	0	0	1	NA	NA	NA	PF02585;K15525;TIGR03445;COG2120	N-acetyl-1-D-myo-inositol-2-amino-2-deoxy-alpha-D-glucopyranoside deacetylase
NC_006461.1_1721	1635488	1635907	420	1	0.664	11	GGAGG	GENOMAD.001255.CC	2.679e-06	48	1	0	0	1	NA	NA	NA	PF01951;COG1371	Archease protein family (MTH1598/TM1083)
NC_006461.1_1722	1635896	1636876	981	-1	0.732	11	None	GENOMAD.090971.CP	7.642e-29	121	0	0	0	1	NA	NA	NA	PF02504;K03621;TIGR00182;COG0416	Fatty acid synthesis protein
NC_006461.1_1723	1636879	1637211	333	-1	0.640	11	AGxAGG/AGGxGG	GENOMAD.226260.VP	5.347e-06	46	0	0	0	17949	Sextaecvirus	NA	NA	PF11009;TIGR02654;K18917;COG1393	circadian clock protein KaiB
NC_006461.1_1724	1637275	1637652	378	-1	0.651	11	AGGAG	NA	NA	NA	0	0	0	1	NA	NA	NA	NA	NA
NC_006461.1_1725	1637693	1638172	480	-1	0.702	11	GGAG/GAGG	NA	NA	NA	0	0	0	1	NA	NA	NA	NA	NA
NC_006461.1_1726	1638169	1639182	1014	-1	0.719	11	AGxAGG/AGGxGG	NA	NA	NA	0	0	0	1	NA	NA	NA	NA	NA
NC_006461.1_1727	1639179	1640177	999	-1	0.683	11	GGAG/GAGG	NA	NA	NA	0	0	0	1	NA	NA	NA	NA	NA
NC_006461.1_1728	1640186	1641208	1023	-1	0.735	11	GGAGG	GENOMAD.160337.CP	3.874e-40	155	0	0	0	1	NA	NA	NA	PF06917;COG2942	Mannose or cellobiose epimerase, N-acyl-D-glucosamine 2-epimerase family
NC_006461.1_1729	1641186	1642331	1146	-1	0.721	11	GGAGG	GENOMAD.161324.CP	2.321e-26	115	0	0	0	1	NA	NA	NA	PF00982;K20999;TIGR04063;COG0381	PEP-CTERM/exosortase A-associated glycosyltransferase, Daro_2409 family
NC_006461.1_1730	1642448	1643254	807	-1	0.691	11	None	NA	NA	NA	0	0	0	1	NA	NA	NA	NA	NA
NC_006461.1_1731	1643405	1644592	1188	1	0.688	11	GGAGG	GENOMAD.117114.CP	0.0008079	44	0	0	0	1	NA	NA	NA	PF00202;TIGR00713;K21585;COG0001	glutamate-1-semialdehyde-2,1-aminomutase
NC_006461.1_1732	1644615	1644800	186	1	0.656	11	AGxAGG/AGGxGG	NA	NA	NA	0	0	0	1	NA	NA	NA	NA	NA
NC_006461.1_1733	1644797	1646089	1293	1	0.687	11	GGA/GAG/AGG	NA	NA	NA	0	0	0	1	NA	NA	NA	NA	NA
NC_006461.1_1734	1646104	1647282	1179	1	0.708	11	3Base/5BMM	NA	NA	NA	0	0	0	1	NA	NA	NA	NA	NA
NC_006461.1_1735	1647137	1647463	327	-1	0.657	11	GGA/GAG/AGG	GENOMAD.167313.CP	4.994e-06	46	0	0	0	1	NA	NA	NA	PF07849	NA
NC_006461.1_1736	1647653	1648651	999	-1	0.688	11	AGGAG	GENOMAD.151102.CP	1.888e-25	111	0	0	0	1	NA	NA	NA	PF03916;COG5557;TIGR03148	Polysulphide reductase, NrfD
NC_006461.1_1737	1648635	1649147	513	-1	0.680	11	GGAGG	GENOMAD.142702.CP	8.892e-15	74	0	0	0	1	NA	NA	NA	PF02167;PF16390;COG3245;TIGR03872;K12263	Cytochrome c5
NC_006461.1_1738	1649140	1649658	519	-1	0.678	11	GGAGG	GENOMAD.148088.CP	1.631e-46	166	0	0	0	1	NA	NA	NA	PF11821;COG4803	Alternative complex III, ActD subunit
NC_006461.1_1739	1649668	1651014	1347	-1	0.652	11	AGGAG	GENOMAD.124428.CP	2.024e-57	210	0	0	0	1	NA	NA	NA	PF03916;K00185;COG5557;TIGR03148	Ni/Fe-hydrogenase 2 integral membrane subunit HybB
NC_006461.1_1740	1651007	1653637	2631	-1	0.716	11	GGAGG	GENOMAD.120919.CP	2.329e-104	364	0	0	0	1	NA	NA	NA	PF00384;PF13247;PF13183;PF10518;K23301;TIGR03479;COG0243	DMSO reductase family type II enzyme, molybdopterin subunit
NC_006461.1_1741	1653647	1654285	639	-1	0.676	11	None	GENOMAD.146430.CP	4.184e-35	135	0	0	0	1	NA	NA	NA	K23300	NA
NC_006461.1_1742	1654442	1655851	1410	-1	0.723	11	GGAGG	GENOMAD.170168.CP	8.941e-49	185	0	0	0	1	NA	NA	NA	NA	NA
NC_006461.1_1743	1655920	1656870	951	-1	0.694	11	GGAG/GAGG	NA	NA	NA	0	0	0	1	NA	NA	NA	NA	NA
NC_006461.1_1744	1656854	1657711	858	-1	0.702	11	AGGAGG	GENOMAD.121654.CP	2.818e-55	197	0	0	0	1246	Caudoviricetes	NA	NA	PF01343;K01258;COG1024;TIGR03210	Peptidase family S49
NC_006461.1_1745	1657711	1658082	372	-1	0.710	11	None	NA	NA	NA	0	0	0	1	NA	NA	NA	NA	NA
NC_006461.1_1746	1658084	1658983	900	-1	0.724	11	3Base/5BMM	NA	NA	NA	0	0	0	1	NA	NA	NA	NA	NA
NC_006461.1_1747	1659112	1660383	1272	-1	0.710	11	None	NA	NA	NA	0	0	0	1	NA	NA	NA	NA	NA
NC_006461.1_1748	1660406	1660924	519	1	0.669	11	None	GENOMAD.136917.CP	5.929e-06	48	0	0	0	1	NA	NA	NA	PF05685;COG4636	Endonuclease, Uma2 family (restriction endonuclease fold)
NC_006461.1_1749	1660921	1661838	918	-1	0.678	11	GGAGG	NA	NA	NA	0	0	0	1	NA	NA	NA	NA	NA
NC_006461.1_1750	1661957	1663063	1107	-1	0.672	11	GGAGG	NA	NA	NA	0	0	0	1	NA	NA	NA	NA	NA
NC_006461.1_1751	1663060	1663881	822	-1	0.721	11	GGA/GAG/AGG	NA	NA	NA	0	0	0	1	NA	NA	NA	NA	NA
NC_006461.1_1752	1663912	1664190	279	1	0.645	11	None	GENOMAD.047488.CC	6.278e-44	154	0	0	0	1	NA	NA	NA	NA	NA
NC_006461.1_1753	1664248	1664589	342	-1	0.681	11	None	NA	NA	NA	0	0	0	1	NA	NA	NA	NA	NA
NC_006461.1_1754	1664596	1665693	1098	-1	0.737	11	None	NA	NA	NA	0	0	0	1	NA	NA	NA	NA	NA
NC_006461.1_1755	1665693	1666238	546	-1	0.701	11	GGAGG	GENOMAD.093631.CP	2.029e-19	88	0	0	0	1	NA	NA	NA	TIGR00488;COG1713	putative HD superfamily hydrolase of NAD metabolism
NC_006461.1_1756	1666213	1666773	561	-1	0.695	11	GGAGG	GENOMAD.146620.VC	0.0007273	42	0	0	0	1	NA	NA	NA	PF08218;TIGR00482;COG1057;K00954	nicotinate (nicotinamide) nucleotide adenylyltransferase
NC_006461.1_1757	1666774	1668024	1251	-1	0.712	11	None	GENOMAD.132234.CP	2.152e-28	122	0	0	0	1	NA	NA	NA	PF09269;TIGR03595	Obg family GTPase CgtA, C-terminal extension
NC_006461.1_1758	1668034	1668291	258	-1	0.674	11	GGxGG	GENOMAD.080397.CV	5.068e-35	128	1	0	0	1246	Caudoviricetes	NA	NA	PF01016;COG0211;TIGR00062	Ribosomal protein L27
NC_006461.1_1759	1668295	1668600	306	-1	0.663	11	GGAG/GAGG	GENOMAD.080110.CV	8.876e-37	134	1	0	0	1	NA	NA	NA	PF00829;TIGR00061;K02888;COG0261	ribosomal protein L21
NC_006461.1_1760	1668810	1669037	228	-1	0.680	11	GGA/GAG/AGG	GENOMAD.014076.CC	3.444e-34	125	0	0	0	1	NA	NA	NA	PF03840;TIGR00810;K03075;COG1314	protein translocase, SecG subunit
NC_006461.1_1761	1669315	1670745	1431	1	0.669	11	AGGAG	NA	NA	NA	0	0	0	1	NA	NA	NA	NA	NA
NC_006461.1_1762	1670649	1670846	198	-1	0.657	11	GGA/GAG/AGG	NA	NA	NA	0	0	0	1	NA	NA	NA	NA	NA
NC_006461.1_1763	1670880	1672343	1464	1	0.723	11	None	GENOMAD.004422.CC	4.75e-26	116	0	0	0	1	NA	NA	NA	COG3698	Uncharacterized protein YigE, DUF2233 family
NC_006461.1_1764	1672360	1673280	921	1	0.738	11	GGA/GAG/AGG	NA	NA	NA	0	0	0	1	NA	NA	NA	NA	NA
NC_006461.1_1765	1673258	1673587	330	-1	0.691	11	3Base/5BMM	NA	NA	NA	0	0	0	1	NA	NA	NA	NA	NA
NC_006461.1_1766	1673616	1674089	474	-1	0.681	11	GGA/GAG/AGG	NA	NA	NA	0	0	0	1	NA	NA	NA	NA	NA
NC_006461.1_1767	1674099	1674242	144	-1	0.674	11	GGxGG	NA	NA	NA	0	0	0	1	NA	NA	NA	NA	NA
NC_006461.1_1768	1674235	1674693	459	-1	0.710	11	None	NA	NA	NA	0	0	0	1	NA	NA	NA	NA	NA
NC_006461.1_1769	1674740	1675267	528	1	0.691	11	AGGAG/GGAGG	GENOMAD.066457.CP	5.41e-43	156	0	0	0	1	NA	NA	NA	PF01966;K06951;COG2316;TIGR00488	Predicted hydrolase, HD superfamily
NC_006461.1_1770	1675326	1675646	321	1	0.698	11	GGA/GAG/AGG	NA	NA	NA	0	0	0	1	NA	NA	NA	NA	NA
NC_006461.1_1771	1675679	1676005	327	-1	0.719	11	GGAGG	NA	NA	NA	0	0	0	1	NA	NA	NA	NA	NA
NC_006461.1_1772	1676148	1676552	405	1	0.691	11	GGA/GAG/AGG	NA	NA	NA	0	0	0	1	NA	NA	NA	NA	NA
NC_006461.1_1773	1676612	1677028	417	1	0.719	11	AGxAGG/AGGxGG	NA	NA	NA	0	0	0	1	NA	NA	NA	NA	NA
NC_006461.1_1774	1677039	1678259	1221	1	0.702	11	GGA/GAG/AGG	GENOMAD.087190.CP	0.0008427	44	0	0	0	1	NA	NA	NA	PF09883;TIGR00342;COG0301	tRNA sulfurtransferase ThiI
NC_006461.1_1775	1678246	1679550	1305	1	0.716	11	None	NA	NA	NA	0	0	0	1	NA	NA	NA	NA	NA
NC_006461.1_1776	1679542	1680732	1191	-1	0.709	11	GGAG/GAGG	GENOMAD.125906.CP	3.877e-19	93	0	0	0	1	NA	NA	NA	COG0471	Di- and tricarboxylate transporter
NC_006461.1_1777	1680710	1681294	585	-1	0.674	11	None	NA	NA	NA	0	0	0	1	NA	NA	NA	NA	NA
NC_006461.1_1778	1681315	1682409	1095	1	0.687	11	None	NA	NA	NA	0	0	0	1	NA	NA	NA	NA	NA
NC_006461.1_1779	1682354	1682839	486	-1	0.710	11	AGGAG	NA	NA	NA	0	0	0	1	NA	NA	NA	NA	NA
NC_006461.1_1780	1682796	1683344	549	-1	0.685	11	AGGAGG	GENOMAD.092618.PP	3.84e-101	324	0	0	0	1	NA	NA	NA	PF13737;COG5558	Transposase DDE domain
NC_006461.1_1781	1683555	1683797	243	1	0.687	11	None	GENOMAD.119182.CP	4.404e-19	82	0	0	0	1	NA	NA	NA	PF01329;COG2154;K01724	Pterin-4a-carbinolamine dehydratase
NC_006461.1_1782	1683810	1684187	378	1	0.704	11	None	GENOMAD.182597.CP	4.179e-05	44	0	0	0	1	NA	NA	NA	PF03061;K18014;COG0764;TIGR02799	3-hydroxymyristoyl/3-hydroxydecanoyl-(acyl carrier protein) dehydratase
NC_006461.1_1783	1684475	1685278	804	1	0.748	11	AGGAGG	NA	NA	NA	0	0	0	1	NA	NA	NA	NA	NA
NC_006461.1_1784	1685275	1686765	1491	-1	0.736	11	GGA/GAG/AGG	GENOMAD.116612.CP	2.461e-35	145	0	0	0	1	NA	NA	NA	PF00528;K02063;TIGR01253;COG1178	thiamine ABC transporter, permease protein
NC_006461.1_1785	1686772	1687806	1035	-1	0.701	11	AGGAG	GENOMAD.145863.CP	4.338e-40	155	0	0	0	1	NA	NA	NA	PF13416;K02064;TIGR01276;COG4143	thiamine ABC transporter, periplasmic binding protein
NC_006461.1_1786	1687923	1688783	861	-1	0.712	11	None	NA	NA	NA	0	0	0	1	NA	NA	NA	NA	NA
NC_006461.1_1787	1688753	1688992	240	-1	0.708	11	GGxGG	NA	NA	NA	0	0	0	1	NA	NA	NA	NA	NA
NC_006461.1_1788	1688989	1689591	603	-1	0.720	11	None	NA	NA	NA	0	0	0	1	NA	NA	NA	NA	NA
NC_006461.1_1789	1689655	1694229	4575	-1	0.681	11	GGAG/GAGG	GENOMAD.001530.CC	1.605e-31	138	0	0	0	1	NA	NA	NA	PF01333;TIGR00830	Apocytochrome F, C-terminal
NC_006461.1_1790	1694259	1697618	3360	-1	0.687	11	GGAG/GAGG	GENOMAD.061759.CV	6.472e-37	155	1	0	0	1	NA	NA	NA	PF04563;K03043;TIGR02013;COG0085	DNA-directed RNA polymerase, beta subunit
NC_006461.1_1791	1697808	1698449	642	-1	0.724	11	AGxAGG/AGGxGG	GENOMAD.001693.CC	2.051e-106	341	0	0	0	1	NA	NA	NA	TIGR03069;COG2302	photosystem II S4 domain protein
NC_006461.1_1792	1698449	1698877	429	-1	0.720	11	AGGAG	GENOMAD.118830.CP	2.463e-09	57	0	0	0	1	NA	NA	NA	PF07977;K02372;TIGR01749;COG4706	beta-hydroxyacyl-
NC_006461.1_1793	1698884	1699921	1038	-1	0.680	11	GGA/GAG/AGG	GENOMAD.101053.CP	1.372e-14	78	0	0	0	1246	Caudoviricetes	NA	NA	PF06723;TIGR00904;COG1077	cell shape determining protein, MreB/Mrl family
NC_006461.1_1794	1699933	1701657	1725	-1	0.721	11	AGxAGG/AGGxGG	GENOMAD.090871.CV	1.828e-94	324	0	0	0	1246	Caudoviricetes	NA	NA	PF12917;COG3294;TIGR00488;K06951	Metal-dependent phosphatase/phosphodiesterase, HD supefamily
NC_006461.1_1795	1701658	1702680	1023	-1	0.704	11	GGAG/GAGG	GENOMAD.053455.VV	5.716e-08	57	0	0	0	1246	Caudoviricetes	NA	NA	NA	NA
NC_006461.1_1796	1702631	1703227	597	-1	0.693	11	None	GENOMAD.107293.CP	1.242e-23	101	1	0	0	1	NA	NA	NA	PF10469;K01975;TIGR02258;COG1514	2'-5' RNA ligase
NC_006461.1_1797	1703224	1704408	1185	-1	0.716	11	AGGAGG	GENOMAD.034450.CC	1.555e-30	128	0	0	0	1	NA	NA	NA	PF18146	Damage-inducible protein CinA KH domain
NC_006461.1_1798	1704381	1705157	777	-1	0.696	11	None	GENOMAD.000355.CC	1.282e-28	118	0	0	0	1	NA	NA	NA	PF01571;K06980;COG0404;TIGR00528	Glycine cleavage system T protein (aminomethyltransferase)
NC_006461.1_1799	1705197	1706246	1050	1	0.714	11	GGA/GAG/AGG	GENOMAD.183287.CP	2.73e-179	559	0	0	0	1	NA	NA	NA	PF06779;K08174;TIGR00885;COG2807	L-fucose:H+ symporter permease
NC_006461.1_1800	1706239	1706865	627	1	0.695	11	GGAGG	GENOMAD.137324.CP	5.864e-11	64	0	0	0	1	NA	NA	NA	PF03031;TIGR02009;K24204;COG0241	beta-phosphoglucomutase family hydrolase
NC_006461.1_1801	1706851	1707936	1086	-1	0.689	11	None	NA	NA	NA	0	0	0	1	NA	NA	NA	NA	NA
NC_006461.1_1802	1707954	1708667	714	-1	0.717	11	GGA/GAG/AGG	GENOMAD.032783.CC	1.39e-122	389	0	0	0	1	NA	NA	NA	PF18751;TIGR02173;COG2019;K06074	P-loop Nucleotide Kinase3
NC_006461.1_1803	1708700	1709197	498	1	0.701	11	AGGAG	NA	NA	NA	0	0	0	1	NA	NA	NA	NA	NA
NC_006461.1_1804	1709201	1710046	846	1	0.687	11	None	NA	NA	NA	0	0	0	1	NA	NA	NA	NA	NA
NC_006461.1_1805	1710025	1711044	1020	-1	0.709	11	GGAGG	NA	NA	NA	0	0	0	1	NA	NA	NA	NA	NA
NC_006461.1_1806	1711028	1711435	408	-1	0.703	11	GGAG/GAGG	GENOMAD.066046.CP	5.589e-74	243	1	0	0	1	NA	NA	NA	PF03652;TIGR00250;K07447;COG0816	Holliday junction resolvase
NC_006461.1_1807	1711416	1712099	684	-1	0.713	11	None	GENOMAD.040033.CC	1.009e-129	409	0	0	0	1	NA	NA	NA	NA	NA
NC_006461.1_1808	1712109	1714757	2649	-1	0.698	11	None	NA	NA	NA	0	0	0	1	NA	NA	NA	NA	NA
NC_006461.1_1809	1714781	1715065	285	1	0.625	11	GGA/GAG/AGG	GENOMAD.024884.CC	1.429e-13	67	0	0	0	1	NA	NA	NA	PF07978;COG1359	NIPSNAP
NC_006461.1_1810	1715110	1716252	1143	1	0.707	11	None	GENOMAD.140573.CP	2.712e-11	68	0	0	0	1	NA	NA	NA	PF12704;PF02687;TIGR01185;COG4591;K09813	DevC protein
NC_006461.1_1811	1716253	1716936	684	1	0.706	11	GGAGG	NA	NA	NA	0	0	0	1	NA	NA	NA	NA	NA
NC_006461.1_1812	1716984	1718315	1332	1	0.715	11	None	GENOMAD.123132.CP	2.344e-08	59	0	0	0	1	NA	NA	NA	PF13738;K17870;TIGR04018;COG1251	putative bacillithiol system oxidoreductase, YpdA family
NC_006461.1_1813	1718462	1719769	1308	1	0.668	11	GGAGG	NA	NA	NA	0	0	0	1	NA	NA	NA	NA	NA
NC_006461.1_1814	1719842	1722598	2757	1	0.741	11	GGA/GAG/AGG	GENOMAD.033025.CC	5.216e-126	430	0	0	0	1	NA	NA	NA	PF17874;PF01637;COG2909;TIGR03420;K09667	ATP-, maltotriose- and DNA-dependent transcriptional regulator MalT
NC_006461.1_1815	1722681	1723433	753	1	0.657	11	AGGAG	NA	NA	NA	0	0	0	1	NA	NA	NA	NA	NA
NC_006461.1_1816	1723430	1724836	1407	1	0.647	11	AGGAGG	NA	NA	NA	0	0	0	1	NA	NA	NA	NA	NA
NC_006461.1_1817	1724889	1726184	1296	1	0.682	11	GGAGG	NA	NA	NA	0	0	0	1	NA	NA	NA	NA	NA
NC_006461.1_1818	1726187	1726489	303	1	0.706	11	GGA/GAG/AGG	NA	NA	NA	0	0	0	1	NA	NA	NA	NA	NA
NC_006461.1_1819	1726486	1727475	990	-1	0.731	11	GGAGG	NA	NA	NA	0	0	0	1	NA	NA	NA	NA	NA
NC_006461.1_1820	1727463	1728077	615	-1	0.680	11	AGGAGG	NA	NA	NA	0	0	0	1	NA	NA	NA	NA	NA
NC_006461.1_1821	1728123	1729511	1389	-1	0.692	11	GGxGG	GENOMAD.114697.CP	4.64e-16	84	0	0	0	1	NA	NA	NA	PF00425;K02552;COG1169;TIGR03494	Isochorismate synthase EntC
NC_006461.1_1822	1729648	1730022	375	-1	0.685	11	GGA/GAG/AGG	GENOMAD.138033.CP	6.675e-18	81	0	0	0	1	NA	NA	NA	PF13279;K12500;TIGR02799;COG0824	tol-pal system-associated acyl-CoA thioesterase
NC_006461.1_1823	1730100	1732364	2265	1	0.732	11	3Base/5BMM	NA	NA	NA	0	0	0	1	NA	NA	NA	NA	NA
NC_006461.1_1824	1732434	1733711	1278	1	0.635	11	GGAGG	GENOMAD.209225.PC	6.644e-34	139	0	0	0	1	NA	NA	NA	PF16408;COG3126	NA
NC_006461.1_1825	1733793	1735211	1419	1	0.735	11	None	NA	NA	NA	0	0	0	1	NA	NA	NA	NA	NA
NC_006461.1_1826	1735286	1736113	828	1	0.680	11	AGGAG	NA	NA	NA	0	0	0	1	NA	NA	NA	NA	NA
NC_006461.1_1827	1736150	1736494	345	1	0.739	11	GGAGG	NA	NA	NA	0	0	0	1	NA	NA	NA	NA	NA
NC_006461.1_1828	1736520	1738211	1692	1	0.683	11	GGA/GAG/AGG	GENOMAD.121022.CP	3.986e-05	49	0	0	0	1	NA	NA	NA	PF01401;TIGR02289;COG1164;K01410	oligoendopeptidase, M3 family
NC_006461.1_1829	1738236	1738688	453	1	0.693	11	GGA/GAG/AGG	NA	NA	NA	0	0	0	1	NA	NA	NA	NA	NA
NC_006461.1_1830	1738685	1739347	663	-1	0.694	11	GGA/GAG/AGG	GENOMAD.109687.CP	5.194e-36	138	0	0	0	1	NA	NA	NA	PF06859;TIGR01934;COG4627;K24451	ubiquinone/menaquinone biosynthesis methyltransferases
NC_006461.1_1831	1739439	1741253	1815	1	0.696	11	3Base/5BMM	NA	NA	NA	0	0	0	1	NA	NA	NA	NA	NA
NC_006461.1_1832	1741250	1742173	924	1	0.697	11	AGGAG	NA	NA	NA	0	0	0	1	NA	NA	NA	NA	NA
NC_006461.1_1833	1742161	1742418	258	-1	0.702	11	AGGAG/GGAGG	NA	NA	NA	0	0	0	1	NA	NA	NA	NA	NA
NC_006461.1_1834	1742415	1742951	537	-1	0.691	11	AGGAG	GENOMAD.133841.CP	1.134e-14	74	0	0	0	1	NA	NA	NA	PF01613;COG1853;TIGR02296;K21185	NADH-FMN oxidoreductase RutF, flavin reductase (DIM6/NTAB) family
NC_006461.1_1835	1742948	1743715	768	-1	0.712	11	None	GENOMAD.000309.CC	6.123e-26	110	0	0	0	1246	Caudoviricetes	NA	NA	PF04468;COG1774	Cell fate regulator YaaT, PSP1 superfamily (controls sporulation, competence, biofilm development)
NC_006461.1_1836	1743712	1744518	807	-1	0.740	11	AGGAGG	NA	NA	NA	0	0	0	1	NA	NA	NA	NA	NA
NC_006461.1_1837	1744485	1745207	723	-1	0.737	11	None	NA	NA	NA	0	0	0	1	NA	NA	NA	NA	NA
NC_006461.1_1838	1745222	1745851	630	1	0.738	11	None	NA	NA	NA	0	0	0	1	NA	NA	NA	NA	NA
NC_006461.1_1839	1745862	1746062	201	1	0.622	11	GGAGG	NA	NA	NA	0	0	0	1	NA	NA	NA	NA	NA
NC_006461.1_1840	1746121	1747440	1320	1	0.680	11	GGAGG	GENOMAD.056704.CC	0.0001136	47	0	0	0	1	NA	NA	NA	NA	NA
NC_006461.1_1841	1747449	1748822	1374	-1	0.681	11	GGAG/GAGG	GENOMAD.190262.VC	5.783e-13	74	0	0	0	1246	Caudoviricetes	NA	NA	K01342;TIGR03921;COG1404	type VII secretion-associated serine protease mycosin
NC_006461.1_1842	1748819	1750075	1257	-1	0.714	11	None	NA	NA	NA	0	0	0	1	NA	NA	NA	NA	NA
NC_006461.1_1843	1750300	1751478	1179	1	0.645	11	AGGAG	NA	NA	NA	0	0	0	1	NA	NA	NA	NA	NA
NC_006461.1_1844	1751386	1753788	2403	-1	0.702	11	GGAG/GAGG	NA	NA	NA	0	0	0	1	NA	NA	NA	NA	NA
NC_006461.1_1845	1753889	1754470	582	-1	0.658	11	AGxAGG/AGGxGG	NA	NA	NA	0	0	0	1	NA	NA	NA	NA	NA
NC_006461.1_1846	1754480	1754962	483	-1	0.677	11	AGGAG	NA	NA	NA	0	0	0	1	NA	NA	NA	NA	NA
NC_006461.1_1847	1755157	1756197	1041	-1	0.695	11	AGGAG	NA	NA	NA	0	0	0	1	NA	NA	NA	NA	NA
NC_006461.1_1848	1756449	1756979	531	-1	0.691	11	None	NA	NA	NA	0	0	0	1	NA	NA	NA	NA	NA
NC_006461.1_1849	1757052	1759787	2736	-1	0.683	11	AGGAG	NA	NA	NA	0	0	0	1	NA	NA	NA	NA	NA
NC_006461.1_1850	1760105	1762084	1980	1	0.675	11	AGxAG	NA	NA	NA	0	0	0	1	NA	NA	NA	NA	NA
NC_006461.1_1851	1762088	1762870	783	1	0.708	11	3Base/5BMM	GENOMAD.182147.CP	1.502e-10	64	0	0	0	1	NA	NA	NA	PF08223;PF07848;K02616;TIGR02277;COG3327	phenylacetic acid degradation operon negative regulatory protein PaaX
NC_006461.1_1852	1762881	1764065	1185	1	0.711	11	GGA/GAG/AGG	GENOMAD.124030.CP	5.85e-25	111	0	0	0	1	NA	NA	NA	PF13416;K05813;TIGR03850;COG2182	carbohydrate ABC transporter substrate-binding protein, CPR_0540 family
NC_006461.1_1853	1764078	1764686	609	-1	0.672	11	GGAG/GAGG	NA	NA	NA	0	0	0	1	NA	NA	NA	NA	NA
NC_006461.1_1854	1764737	1765429	693	-1	0.742	11	GGAGG	NA	NA	NA	0	0	0	1	NA	NA	NA	NA	NA
NC_006461.1_1855	1765410	1765790	381	-1	0.714	11	GGAGG	NA	NA	NA	0	0	0	1	NA	NA	NA	NA	NA
NC_006461.1_1856	1765781	1766644	864	-1	0.716	11	AGGA	NA	NA	NA	0	0	0	1	NA	NA	NA	NA	NA
NC_006461.1_1857	1767124	1767801	678	-1	0.737	11	GGA/GAG/AGG	NA	NA	NA	0	0	0	1	NA	NA	NA	NA	NA
NC_006461.1_1858	1767832	1769097	1266	1	0.719	11	GGA/GAG/AGG	NA	NA	NA	0	0	0	1	NA	NA	NA	NA	NA
NC_006461.1_1859	1769048	1769608	561	-1	0.752	11	AGGAG	NA	NA	NA	0	0	0	1	NA	NA	NA	NA	NA
NC_006461.1_1860	1769644	1770429	786	-1	0.691	11	None	NA	NA	NA	0	0	0	1	NA	NA	NA	NA	NA
NC_006461.1_1861	1770459	1771682	1224	1	0.708	11	None	NA	NA	NA	0	0	0	1	NA	NA	NA	NA	NA
NC_006461.1_1862	1771761	1772639	879	1	0.726	11	None	NA	NA	NA	0	0	0	1	NA	NA	NA	NA	NA
NC_006461.1_1863	1772632	1773402	771	1	0.695	11	AGGAG	GENOMAD.180340.CP	1.198e-107	347	0	0	0	1	NA	NA	NA	PF12679;TIGR03733;COG4200;K19341	lantibiotic protection ABC transporter permease subunit, MutG family
NC_006461.1_1864	1773399	1774463	1065	-1	0.724	11	None	NA	NA	NA	0	0	0	1	NA	NA	NA	NA	NA
NC_006461.1_1865	1774484	1775506	1023	1	0.732	11	AGGA	GENOMAD.160358.CP	1.461e-155	490	0	0	0	1	NA	NA	NA	NA	NA
NC_006461.1_1866	1775514	1777511	1998	-1	0.661	11	None	NA	NA	NA	0	0	0	1	NA	NA	NA	NA	NA
NC_006461.1_1867	1777608	1780394	2787	-1	0.671	11	AGxAGG/AGGxGG	GENOMAD.142011.CP	1.11e-23	111	0	0	0	1	NA	NA	NA	PF21620	S-layer protein SlpA, beta-barrel domain
NC_006461.1_1868	1780596	1781144	549	1	0.683	11	AGGAGG	GENOMAD.092618.PP	3.84e-101	324	0	0	0	1	NA	NA	NA	PF13737;COG5558	Transposase DDE domain
NC_006461.1_1869	1781101	1781586	486	1	0.710	11	AGGAG	NA	NA	NA	0	0	0	1	NA	NA	NA	NA	NA
NC_006461.1_1870	1781934	1783748	1815	1	0.702	11	GGA/GAG/AGG	NA	NA	NA	0	0	0	1	NA	NA	NA	NA	NA
NC_006461.1_1871	1783916	1784614	699	1	0.688	11	GGA/GAG/AGG	GENOMAD.084516.CV	2.034e-124	394	0	0	0	1246	Caudoviricetes	NA	NA	PF01134;K03495;TIGR00136;COG0445	glucose-inhibited division protein A
NC_006461.1_1872	1784531	1785508	978	-1	0.719	11	None	NA	NA	NA	0	0	0	1	NA	NA	NA	NA	NA
NC_006461.1_1873	1785511	1785933	423	-1	0.669	11	GGA/GAG/AGG	NA	NA	NA	0	0	0	1	NA	NA	NA	NA	NA
NC_006461.1_1874	1785930	1786775	846	-1	0.674	11	GGAGG	NA	NA	NA	0	0	0	1	NA	NA	NA	NA	NA
NC_006461.1_1875	1786762	1787640	879	-1	0.701	11	GGAGG	NA	NA	NA	0	0	0	1	NA	NA	NA	NA	NA
NC_006461.1_1876	1787640	1789202	1563	-1	0.711	11	None	GENOMAD.000481.CC	7.03e-161	515	0	0	0	1	NA	NA	NA	PF03065;PF09210;COG1543;K22451	Predicted glycosyl hydrolase, contains GH57 and DUF1957 domains
NC_006461.1_1877	1789207	1790016	810	-1	0.660	11	GGAGG	GENOMAD.104109.CP	8.909e-63	218	0	0	0	1	NA	NA	NA	PF00696;K05828;TIGR01890;COG0549	amino-acid N-acetyltransferase
NC_006461.1_1878	1790047	1791084	1038	-1	0.689	11	AGGAG	GENOMAD.115187.CP	8.187e-59	210	0	0	0	1	NA	NA	NA	PF02774;PF01118;K05829;TIGR01850;COG0002	N-acetyl-gamma-glutamyl-phosphate reductase, common form
NC_006461.1_1879	1791074	1791445	372	-1	0.648	11	GGxGG	GENOMAD.154186.CP	1.322e-09	57	0	0	0	1	NA	NA	NA	PF05168;COG2250;K09132	HEPN domain
NC_006461.1_1880	1791417	1791737	321	-1	0.688	11	GGAG/GAGG	GENOMAD.151884.CP	3.509e-17	78	0	0	0	1	NA	NA	NA	PF14540;COG1669;K07074;TIGR01693	Nucleotidyltransferase-like
NC_006461.1_1881	1791734	1792576	843	-1	0.676	11	GGAGG	NA	NA	NA	0	0	0	1	NA	NA	NA	NA	NA
NC_006461.1_1882	1792681	1792845	165	-1	0.679	11	AGGAG	GENOMAD.042393.CC	5.131e-07	46	0	0	0	1	NA	NA	NA	PF10122;TIGR01206;K05826;COG1996	lysine biosynthesis protein LysW
NC_006461.1_1883	1792839	1793153	315	-1	0.673	11	AGGA/GGAG/GAGG	GENOMAD.030043.CC	8.234e-55	186	0	0	0	1	NA	NA	NA	PF07754;PF08274;COG2888;TIGR01206;K05826	Predicted RNA-binding protein involved in translation, contains  Zn-ribbon domain, DUF1610 family
NC_006461.1_1884	1793163	1793654	492	-1	0.659	11	AGGAG	GENOMAD.124396.CP	5.363e-19	86	0	0	0	1	NA	NA	NA	PF06434;K16793;TIGR02084;COG0066	3-isopropylmalate dehydratase, small subunit
NC_006461.1_1885	1793647	1794903	1257	-1	0.698	11	AGGAG	GENOMAD.121575.CP	3.872e-17	87	0	0	0	1	NA	NA	NA	PF00330;K20452;COG0065;TIGR02083	Homoaconitase/3-isopropylmalate dehydratase large subunit
NC_006461.1_1886	1794926	1795150	225	1	0.658	11	None	NA	NA	NA	0	0	0	1	NA	NA	NA	NA	NA
NC_006461.1_1887	1795140	1795346	207	1	0.676	11	GGAG/GAGG	NA	NA	NA	0	0	0	1	NA	NA	NA	NA	NA
NC_006461.1_1888	1795349	1796479	1131	-1	0.665	11	GGAGG	NA	NA	NA	0	0	0	1	NA	NA	NA	NA	NA
NC_006461.1_1889	1796623	1797414	792	-1	0.676	11	GGA/GAG/AGG	NA	NA	NA	0	0	0	1	NA	NA	NA	NA	NA
NC_006461.1_1890	1797450	1798568	1119	-1	0.709	11	None	GENOMAD.153741.PC	0.0003612	45	0	0	0	1	NA	NA	NA	PF08028;PF02771;K20942;COG1960;TIGR04022	Acyl-CoA dehydrogenase related to the alkylation response protein AidB
NC_006461.1_1891	1798606	1799172	567	-1	0.713	11	None	NA	NA	NA	0	0	0	1	NA	NA	NA	NA	NA
NC_006461.1_1892	1799182	1799472	291	-1	0.756	11	GGA/GAG/AGG	NA	NA	NA	0	0	0	1	NA	NA	NA	NA	NA
NC_006461.1_1893	1799512	1800396	885	-1	0.756	11	GGA/GAG/AGG	NA	NA	NA	0	0	0	1	NA	NA	NA	NA	NA
NC_006461.1_1894	1800404	1801381	978	-1	0.684	11	AGGAG	NA	NA	NA	0	0	0	1	NA	NA	NA	NA	NA
NC_006461.1_1895	1801846	1802442	597	1	0.722	11	None	GENOMAD.047498.CC	1.021e-09	60	0	0	0	1	NA	NA	NA	PF08923;COG2018	Predicted regulator of Ras-like GTPase activity, Roadblock/LC7/MglB family
NC_006461.1_1896	1802439	1802570	132	1	0.689	11	AGGAG	NA	NA	NA	0	0	0	1	NA	NA	NA	NA	NA
NC_006461.1_1897	1802567	1804084	1518	1	0.692	11	3Base/5BMM	GENOMAD.219918.CP	6.126e-221	688	0	0	0	1	NA	NA	NA	NA	NA
NC_006461.1_1898	1804091	1805269	1179	-1	0.665	11	AGxAGG/AGGxGG	GENOMAD.126265.CP	6.933e-199	618	0	0	0	1	NA	NA	NA	PF12698;K09696;COG1668;TIGR03518	ABC-type Na+ efflux pump, permease component
NC_006461.1_1899	1805269	1805985	717	-1	0.693	11	None	NA	NA	NA	0	0	0	1	NA	NA	NA	NA	NA
NC_006461.1_1900	1806022	1806297	276	1	0.659	11	GGxGG	NA	NA	NA	0	0	0	1	NA	NA	NA	NA	NA
NC_006461.1_1901	1806294	1806857	564	-1	0.691	11	None	NA	NA	NA	0	0	0	1	NA	NA	NA	NA	NA
NC_006461.1_1902	1807037	1807258	222	1	0.680	11	3Base/5BMM	NA	NA	NA	0	0	0	1	NA	NA	NA	NA	NA
NC_006461.1_1903	1807406	1808518	1113	1	0.704	11	None	NA	NA	NA	0	0	0	1	NA	NA	NA	NA	NA
NC_006461.1_1904	1808515	1809756	1242	1	0.683	11	AGGAGG	NA	NA	NA	0	0	0	1	NA	NA	NA	NA	NA
NC_006461.1_1905	1809816	1810613	798	1	0.693	11	AGGAG/GGAGG	GENOMAD.147255.CP	3.149e-127	404	0	0	0	1	NA	NA	NA	PF03631;COG1295;K07058	Uncharacterized membrane protein, BrkB/YihY/UPF0761 family (not an RNase)
NC_006461.1_1906	1810703	1811965	1263	-1	0.660	11	AGGAG	GENOMAD.121072.CP	4.64e-55	202	0	0	0	1	NA	NA	NA	K03891;COG1290	Cytochrome b subunit of the bc complex
NC_006461.1_1907	1811975	1812607	633	-1	0.705	11	GGAG/GAGG	GENOMAD.183884.CP	1.504e-37	142	0	0	0	1	NA	NA	NA	PF13806;K15878;TIGR03171;COG2146	Rieske iron-sulfur protein SoxL2
NC_006461.1_1908	1812616	1813098	483	-1	0.673	11	AGGAGG	GENOMAD.046797.CC	3.118e-84	274	0	0	0	1	NA	NA	NA	PF24002	NA
NC_006461.1_1909	1813109	1813840	732	-1	0.698	11	GGAGG	GENOMAD.132779.CP	2.647e-17	84	0	0	0	1	NA	NA	NA	PF09086;K00406;COG2010;TIGR04494	Cytochrome c, mono- and diheme variants
NC_006461.1_1910	1813920	1814696	777	-1	0.727	11	GGA/GAG/AGG	GENOMAD.147570.CP	7.562e-22	98	0	0	0	1	NA	NA	NA	PF05114;TIGR00542;COG3623;K03079	hexulose-6-phosphate isomerase, putative
NC_006461.1_1911	1814698	1815741	1044	-1	0.725	11	GGAGG	NA	NA	NA	0	0	0	1	NA	NA	NA	NA	NA
NC_006461.1_1912	1815741	1816937	1197	-1	0.704	11	AGxAG	GENOMAD.119508.CP	3.747e-32	133	0	0	0	1	NA	NA	NA	PF02030;K05813;TIGR03850;COG2182	carbohydrate ABC transporter substrate-binding protein, CPR_0540 family
NC_006461.1_1913	1816999	1818066	1068	1	0.683	11	None	NA	NA	NA	0	0	0	1	NA	NA	NA	NA	NA
NC_006461.1_1914	1818035	1819198	1164	-1	0.701	11	3Base/5BMM	GENOMAD.153741.PC	5.03e-10	64	0	0	0	1	NA	NA	NA	PF08028;PF02771;K20942;COG1960;TIGR04022	Acyl-CoA dehydrogenase related to the alkylation response protein AidB
NC_006461.1_1915	1819304	1819771	468	-1	0.731	11	GGA/GAG/AGG	GENOMAD.205700.CP	8.954e-05	44	0	0	0	1	NA	NA	NA	PF00293;K01518;COG4119;TIGR00586	Predicted NTP pyrophosphohydrolase, NUDIX family
NC_006461.1_1916	1819771	1820835	1065	-1	0.676	11	GGA/GAG/AGG	GENOMAD.058649.CP	1.443e-29	124	0	0	0	1	NA	NA	NA	PF03462;COG0216;TIGR00019	PCRF domain
NC_006461.1_1917	1820901	1821695	795	1	0.708	11	None	NA	NA	NA	0	0	0	1	NA	NA	NA	NA	NA
NC_006461.1_1918	1821713	1822297	585	-1	0.675	11	GGAGG	NA	NA	NA	0	0	0	1	NA	NA	NA	NA	NA
NC_006461.1_1919	1822294	1822704	411	-1	0.693	11	None	GENOMAD.151944.CP	4.393e-19	85	0	0	0	1	NA	NA	NA	PF04314;COG2847	Copper(I)-binding protein
NC_006461.1_1920	1822774	1823109	336	1	0.732	11	AGGA	NA	NA	NA	0	0	0	1	NA	NA	NA	NA	NA
NC_006461.1_1921	1823109	1823552	444	1	0.678	11	GGAGG	NA	NA	NA	0	0	0	1	NA	NA	NA	NA	NA
NC_006461.1_1922	1823536	1824123	588	1	0.684	11	AGGAG	GENOMAD.103506.CV	2.497e-43	158	0	0	0	1246	Caudoviricetes	NA	NA	PF03819;K02499;TIGR00444;COG1694	MazG family protein
NC_006461.1_1923	1824159	1824620	462	1	0.677	11	GGxGG	GENOMAD.118524.CP	3.048e-11	63	0	0	0	1	NA	NA	NA	PF00293;TIGR02705;COG1443;K01518	nucleoside triphosphatase YtkD
NC_006461.1_1924	1825097	1825645	549	1	0.683	11	AGGAGG	GENOMAD.092618.PP	3.84e-101	324	0	0	0	1	NA	NA	NA	PF13737;COG5558	Transposase DDE domain
NC_006461.1_1925	1825602	1826087	486	1	0.708	11	AGGAG	NA	NA	NA	0	0	0	1	NA	NA	NA	NA	NA
NC_006461.1_1926	1826158	1827405	1248	1	0.630	11	GGAGG	NA	NA	NA	0	0	0	1	NA	NA	NA	NA	NA
NC_006461.1_1927	1827402	1828151	750	-1	0.712	11	AGGAG	GENOMAD.094253.CP	2.249e-27	114	0	0	0	1	NA	NA	NA	PF00696;K00930;TIGR01890;COG0548	amino-acid N-acetyltransferase
NC_006461.1_1928	1828144	1828632	489	-1	0.708	11	GGA/GAG/AGG	NA	NA	NA	0	0	0	1	NA	NA	NA	NA	NA
NC_006461.1_1929	1828653	1830242	1590	1	0.721	11	None	NA	NA	NA	0	0	0	1	NA	NA	NA	NA	NA
NC_006461.1_1930	1830250	1830531	282	1	0.645	11	None	NA	NA	NA	0	0	0	1	NA	NA	NA	NA	NA
NC_006461.1_1931	1830532	1830999	468	1	0.750	11	AGxAG	GENOMAD.013416.CC	1.342e-82	269	0	0	0	1	NA	NA	NA	PF18019;TIGR03276;COG4341	phosphonate degradation operons associated HDIG domain protein
NC_006461.1_1932	1831050	1832900	1851	1	0.700	11	AGxAGG/AGGxGG	NA	NA	NA	0	0	0	1	NA	NA	NA	NA	NA
NC_006461.1_1933	1832902	1833816	915	1	0.670	11	GGAG/GAGG	GENOMAD.111020.CV	8.091e-15	78	0	0	0	1	NA	NA	NA	PF12367	Pyruvate ferredoxin oxidoreductase beta subunit C terminal
NC_006461.1_1934	1833813	1834208	396	-1	0.742	11	AGGAG	NA	NA	NA	0	0	0	1	NA	NA	NA	NA	NA
NC_006461.1_1935	1834279	1835331	1053	1	0.685	11	GGAG/GAGG	NA	NA	NA	0	0	0	1	NA	NA	NA	NA	NA
NC_006461.1_1936	1835328	1837685	2358	1	0.716	11	AGxAGG/AGGxGG	GENOMAD.079074.CV	2.156e-60	228	0	0	0	1246	Caudoviricetes	NA	NA	PF03483;COG0072	Phenylalanyl-tRNA synthetase beta subunit
NC_006461.1_1937	1837799	1838263	465	1	0.738	11	3Base/5BMM	GENOMAD.047494.CC	2.611e-58	199	0	0	0	1	NA	NA	NA	NA	NA
NC_006461.1_1938	1838240	1839208	969	-1	0.720	11	GGAGG	NA	NA	NA	0	0	0	1	NA	NA	NA	NA	NA
NC_006461.1_1939	1839205	1839999	795	-1	0.707	11	GGxGG	NA	NA	NA	0	0	0	1	NA	NA	NA	NA	NA
NC_006461.1_1940	1840001	1840495	495	-1	0.737	11	AGxAGG/AGGxGG	GENOMAD.030043.CC	4.778e-08	54	0	0	0	1	NA	NA	NA	PF07754;PF08274;COG2888;TIGR01206;K05826	Predicted RNA-binding protein involved in translation, contains  Zn-ribbon domain, DUF1610 family
NC_006461.1_1941	1840559	1841086	528	-1	0.672	11	GGxGG	GENOMAD.133719.VV	0.0002855	43	0	0	0	1	NA	NA	NA	K13281;TIGR00629	UV damage endonuclease UvdE
NC_006461.1_1942	1841119	1841745	627	1	0.740	11	None	GENOMAD.047304.CC	1.027e-68	232	0	0	0	1	NA	NA	NA	NA	NA
NC_006461.1_1943	1841799	1842026	228	1	0.711	11	None	GENOMAD.129420.CP	1.553e-05	43	0	0	0	1	NA	NA	NA	PF06514;K02719;TIGR00426	Photosystem II 12 kDa extrinsic protein (PsbU)
NC_006461.1_1944	1842023	1844056	2034	1	0.746	11	None	GENOMAD.079438.CP	9.706e-23	107	0	0	0	1246	Caudoviricetes	NA	NA	K11085	NA
NC_006461.1_1945	1844044	1844853	810	-1	0.726	11	AGGAG	NA	NA	NA	0	0	0	1	NA	NA	NA	NA	NA
NC_006461.1_1946	1844837	1845586	750	-1	0.723	11	GGA/GAG/AGG	NA	NA	NA	0	0	0	1	NA	NA	NA	NA	NA
NC_006461.1_1947	1845580	1846329	750	-1	0.720	11	GGxGG	GENOMAD.084813.CV	2.658e-23	102	1	0	0	1	NA	NA	NA	PF02527;K03501;TIGR00138;COG0357	16S rRNA (guanine(527)-N(7))-methyltransferase RsmG
NC_006461.1_1948	1846329	1848122	1794	-1	0.722	11	GGA/GAG/AGG	GENOMAD.074473.CV	5.494e-193	612	0	0	0	1246	Caudoviricetes	NA	NA	PF13932;PF01134;K03495;TIGR00136;COG0445	glucose-inhibited division protein A
NC_006461.1_1949	1848185	1849495	1311	1	0.674	11	GGAGG	GENOMAD.158998.VC	6.626e-06	51	0	0	0	1	NA	NA	NA	PF08299	Bacterial dnaA protein helix-turn-helix
NC_006461.1_1950	1849492	1849740	249	1	0.562	11	GGAGG	NA	NA	NA	0	0	0	1	NA	NA	NA	NA	NA
NC_006463.1_1	29	1282	1254	1	0.730	11	AGGAG	GENOMAD.142715.PV	1.768e-07	56	0	0	0	1	NA	NA	NA	PF08708	Primase C terminal 1 (PriCT-1)
NC_006463.1_2	1876	2148	273	-1	0.689	11	GGAGG	GENOMAD.213210.PC	3.419e-49	169	0	0	0	1	NA	NA	NA	PF18882	NA
NC_006463.1_3	2188	2694	507	1	0.637	11	None	NA	NA	NA	0	0	0	1	NA	NA	NA	NA	NA
NC_006463.1_4	2715	3464	750	1	0.643	11	3Base/5BMM	NA	NA	NA	0	0	0	1	NA	NA	NA	NA	NA
NC_006463.1_5	3628	3954	327	1	0.661	11	GGAGG	NA	NA	NA	0	0	0	1	NA	NA	NA	NA	NA
NC_006463.1_6	4180	4284	105	1	0.571	11	GGA/GAG/AGG	NA	NA	NA	0	0	0	1	NA	NA	NA	NA	NA
NC_006463.1_7	6164	6943	780	1	0.732	11	None	GENOMAD.050046.PP	1.101e-44	165	0	0	0	1	NA	NA	NA	NA	NA
NC_006463.1_8	6940	7323	384	1	0.729	11	GGAGG	GENOMAD.068369.PP	4.085e-57	194	0	0	0	1	NA	NA	NA	NA	NA
NC_006463.1_9	7333	7662	330	1	0.676	11	AGxAGG/AGGxGG	GENOMAD.108404.PP	7.032e-59	198	0	0	0	1	NA	NA	NA	PF24839	NA
NC_006463.1_10	7656	7928	273	1	0.692	11	GGAGG	GENOMAD.212967.PC	1.939e-16	75	0	0	0	1	NA	NA	NA	PF18882	NA
NC_006463.1_11	8223	8435	213	1	0.657	11	None	GENOMAD.166708.PC	5.554e-06	44	0	0	0	1	NA	NA	NA	PF19807;TIGR04563;COG4877;K07722	MXAN_4361/MXAN_4362 family small protein
NC_006463.1_12	8419	8688	270	1	0.685	11	AGxAGG/AGGxGG	NA	NA	NA	0	0	0	1	NA	NA	NA	NA	NA
NC_006463.1_13	8771	9208	438	1	0.783	11	None	GENOMAD.221541.PV	0.0003355	42	0	0	0	1	NA	NA	NA	PF13591;COG0789;TIGR02043;K21902	DNA-binding transcriptional regulator, MerR family
NC_006462.1_1	452	814	363	-1	0.667	11	None	GENOMAD.157892.CP	9.976e-12	63	0	0	0	1	NA	NA	NA	PF04693;COG5659;K07495	SRSO17 transposase
NC_006462.1_2	1033	1308	276	1	0.609	11	GGAGG	NA	NA	NA	0	0	0	1	NA	NA	NA	NA	NA
NC_006462.1_3	1305	1880	576	-1	0.665	11	GGAGG	GENOMAD.167183.PC	1.892e-07	53	0	0	0	1	NA	NA	NA	PF13358;K07494;COG3335	DDE superfamily endonuclease
NC_006462.1_4	1877	2338	462	-1	0.688	11	None	GENOMAD.168537.PC	3.413e-09	57	0	0	0	1	NA	NA	NA	PF00292;COG3415;K07499	Transposase
NC_006462.1_5	2363	2671	309	-1	0.647	11	AGxAGG/AGGxGG	NA	NA	NA	0	0	0	1	NA	NA	NA	NA	NA
NC_006462.1_6	2672	2944	273	-1	0.718	11	GGAGG	GENOMAD.211424.PC	1.665e-10	58	0	0	0	1	NA	NA	NA	PF04365;COG2929	Uncharacterized conserved protein, DUF497 family
NC_006462.1_7	3328	3558	231	1	0.680	11	None	GENOMAD.209742.PC	3.191e-13	65	0	0	0	1	NA	NA	NA	PF12910;COG2161;TIGR01552	Antitoxin component YafN of the YafNO toxin-antitoxin module, PHD/YefM family
NC_006462.1_8	3555	3959	405	1	0.711	11	GGAGG	GENOMAD.167260.CP	5.312e-16	76	0	0	0	1	NA	NA	NA	PF01850;COG3744;TIGR00028;K07062	PIN domain nuclease, a component of toxin-antitoxin system (PIN domain)
NC_006462.1_9	3985	4083	99	1	0.636	11	AGGAG/GGAGG	NA	NA	NA	0	0	0	1	NA	NA	NA	NA	NA
NC_006462.1_10	4080	4262	183	-1	0.612	11	GGxGG	NA	NA	NA	0	0	0	1	NA	NA	NA	NA	NA
NC_006462.1_11	4341	4625	285	-1	0.681	11	GGxGG	GENOMAD.168537.PC	1.091e-08	53	0	0	0	1	NA	NA	NA	PF00292;COG3415;K07499	Transposase
NC_006462.1_12	5044	5697	654	-1	0.668	11	GGAG/GAGG	NA	NA	NA	0	0	0	1	NA	NA	NA	NA	NA
NC_006462.1_13	5694	6044	351	-1	0.687	11	GGA/GAG/AGG	NA	NA	NA	0	0	0	1	NA	NA	NA	NA	NA
NC_006462.1_14	6037	7014	978	-1	0.711	11	GGA/GAG/AGG	GENOMAD.190702.CP	1.892e-06	52	0	0	0	1	NA	NA	NF033068	PF04655;TIGR00938;COG3231;K02204	homoserine kinase, Neisseria type
NC_006462.1_15	7011	8171	1161	-1	0.684	11	GGA/GAG/AGG	NA	NA	NA	0	0	0	1	NA	NA	NA	NA	NA
NC_006462.1_16	8184	8945	762	-1	0.717	11	GGAGG	NA	NA	NA	0	0	0	1	NA	NA	NA	NA	NA
NC_006462.1_17	8945	9889	945	-1	0.687	11	AGxAGG/AGGxGG	NA	NA	NA	0	0	0	1	NA	NA	NA	NA	NA
NC_006462.1_18	9925	10278	354	-1	0.729	11	GGAGG	GENOMAD.137630.CP	0.0003521	41	0	0	0	1	NA	NA	NA	PF14539;K19222;TIGR00369;COG0764	thioesterase domain, putative
NC_006462.1_19	10275	10730	456	-1	0.675	11	AGGAG	GENOMAD.137348.CP	4.118e-35	132	0	0	0	1	NA	NA	NA	PF19315;K18290;COG2030;TIGR01750	Mesaconyl-CoA hydratase
NC_006462.1_20	10714	11505	792	-1	0.726	11	None	NA	NA	NA	0	0	0	1	NA	NA	NA	NA	NA
NC_006462.1_21	11505	12035	531	-1	0.663	11	AGxAGG/AGGxGG	NA	NA	NA	0	0	0	1	NA	NA	NA	NA	NA
NC_006462.1_22	12048	13184	1137	-1	0.689	11	AGxAGG/AGGxGG	GENOMAD.141015.CP	0.0007541	44	0	0	0	1	NA	NA	NA	PF00441;K22819;TIGR03207;COG1960	cyclohexanecarboxyl-CoA dehydrogenase
NC_006462.1_23	13171	13746	576	-1	0.653	11	None	GENOMAD.136902.CP	1.391e-29	118	0	0	0	1	NA	NA	NA	PF17932	Tetracyclin repressor-like, C-terminal domain
NC_006462.1_24	14194	15357	1164	-1	0.700	11	None	NA	NA	NA	0	0	0	1	NA	NA	NA	NA	NA
NC_006462.1_25	15489	16319	831	1	0.658	11	GGAGG	NA	NA	NA	0	0	0	1	NA	NA	NA	NA	NA
NC_006462.1_26	16412	17122	711	1	0.700	11	None	NA	NA	NA	0	0	0	1	NA	NA	NA	NA	NA
NC_006462.1_27	17144	17341	198	-1	0.631	11	None	NA	NA	NA	0	0	0	1	NA	NA	NA	NA	NA
NC_006462.1_28	18731	19525	795	1	0.719	11	AGGAG	NA	NA	NA	0	0	0	1	NA	NA	NA	NA	NA
NC_006462.1_29	19539	20519	981	1	0.718	11	AGGAG	NA	NA	NA	0	0	0	1	NA	NA	NA	NA	NA
NC_006462.1_30	20519	20791	273	1	0.700	11	GGAGG	NA	NA	NA	0	0	0	1	NA	NA	NA	NA	NA
NC_006462.1_31	20794	22518	1725	1	0.729	11	AGGAG	NA	NA	NA	0	0	0	1	NA	NA	NA	NA	NA
NC_006462.1_32	22581	24911	2331	1	0.743	11	GGAG/GAGG	NA	NA	NA	0	0	0	1	NA	NA	NA	NA	NA
NC_006462.1_33	24908	26644	1737	1	0.714	11	GGAGG	NA	NA	NA	0	0	0	1	NA	NA	NA	NA	NA
NC_006462.1_34	26623	26955	333	1	0.718	11	AGxAGG/AGGxGG	NA	NA	NA	0	0	0	1	NA	NA	NA	NA	NA
NC_006462.1_35	26955	28217	1263	1	0.713	11	GGAGG	NA	NA	NA	0	0	0	1	NA	NA	NA	NA	NA
NC_006462.1_36	28563	31178	2616	-1	0.744	11	None	NA	NA	NA	0	0	0	1	NA	NA	NA	NA	NA
NC_006462.1_37	31325	31543	219	1	0.635	11	GGA/GAG/AGG	GENOMAD.212183.PC	1.077e-21	89	0	0	0	1	NA	NA	NA	NA	NA
NC_006462.1_38	31851	33125	1275	1	0.718	11	GGAGG	NA	NA	NA	0	0	0	1	NA	NA	NA	NA	NA
NC_006462.1_39	33125	33574	450	1	0.669	11	GGAGG	GENOMAD.147251.CP	2.181e-14	72	0	0	0	1	NA	NA	NA	PF10722;COG5465;TIGR02513	Putative bacterial sensory transduction regulator
NC_006462.1_40	33583	34278	696	1	0.721	11	AGxAGG/AGGxGG	GENOMAD.084745.PP	1.984e-98	319	0	0	0	1	NA	NA	NA	NA	NA
NC_006462.1_41	34275	35861	1587	1	0.703	11	GGAGG	NA	NA	NA	0	0	0	1	NA	NA	NA	NA	NA
NC_006462.1_42	36195	37517	1323	-1	0.724	11	GGA/GAG/AGG	GENOMAD.130151.CP	6.914e-100	334	0	0	0	1246	Caudoviricetes	NA	NA	PF07685;PF07755;K02224;TIGR00379;COG1797	cobyrinic acid a,c-diamide synthase
NC_006462.1_43	37517	38017	501	-1	0.685	11	GGAG/GAGG	NA	NA	NA	0	0	0	1	NA	NA	NA	NA	NA
NC_006462.1_44	38112	38945	834	-1	0.659	11	None	NA	NA	NA	0	0	0	1	NA	NA	NA	NA	NA
NC_006462.1_45	38950	39672	723	-1	0.732	11	None	GENOMAD.134053.CP	1.138e-17	85	0	0	0	1	NA	NA	NA	PF02654;TIGR00317;COG0368	cobalamin 5'-phosphate synthase/cobalamin synthase
NC_006462.1_46	39673	41496	1824	-1	0.717	11	GGAG/GAGG	GENOMAD.091438.PP	1.516e-279	863	0	0	0	1	NA	NA	NA	TIGR02917	NA
NC_006462.1_47	41504	42511	1008	-1	0.749	11	None	GENOMAD.134221.CP	9.769e-113	366	0	0	0	1	NA	NA	NA	PF02277;TIGR03160;COG2038;K21299	nicotinate-nucleotide--dimethylbenzimidazole phosphoribosyltransferase
NC_006462.1_48	42553	43071	519	1	0.703	11	GGAG/GAGG	GENOMAD.132739.CP	5.897e-07	51	0	0	0	1	NA	NA	NA	PF00300;COG0588;K22306;TIGR03162	Phosphoglycerate mutase (BPG-dependent)
NC_006462.1_49	43336	43998	663	1	0.715	11	AGGA	NA	NA	NA	0	0	0	1	NA	NA	NA	NA	NA
NC_006462.1_50	43995	45095	1101	1	0.698	11	GGAG/GAGG	GENOMAD.146508.CP	1.286e-85	289	0	0	0	1	NA	NA	NA	PF01888;COG1903;K02188;TIGR00312	Cobalamin biosynthesis protein CbiD
NC_006462.1_51	45088	45786	699	1	0.694	11	GGAGG	GENOMAD.129523.CP	8.549e-35	135	0	0	0	1	NA	NA	NA	PF02570;PF01903;K06042;COG2082;TIGR00109	Precorrin isomerase
NC_006462.1_52	45787	46998	1212	1	0.694	11	GGAGG	GENOMAD.132904.CP	4.047e-31	130	0	0	0	1	NA	NA	NA	PF12847;K02191;COG2242;TIGR02469	Precorrin-6B methylase 2
NC_006462.1_53	46995	47666	672	1	0.702	11	AGGAGG	GENOMAD.145632.CP	3.449e-08	56	0	0	0	1	NA	NA	NA	PF00590;K03394;COG2241;TIGR02434	Precorrin-6B methylase 1
NC_006462.1_54	47663	48406	744	1	0.698	11	AGGAG	GENOMAD.130700.CP	2e-06	51	0	0	0	1	NA	NA	NA	PF00590;K03394;TIGR01467;COG2243	precorrin-2 C(20)-methyltransferase
NC_006462.1_55	48411	49298	888	1	0.681	11	AGGAG	NA	NA	NA	0	0	0	1	NA	NA	NA	NA	NA
NC_006462.1_56	49291	50370	1080	1	0.701	11	GGAGG	GENOMAD.146335.CP	1.426e-39	154	0	0	0	1	NA	NA	NA	PF11760;PF01890;PF11761;K02189;COG2073	Cobalamin biosynthesis protein CbiG
NC_006462.1_57	50367	51470	1104	1	0.736	11	AGGAG	GENOMAD.123226.CP	3.534e-42	162	0	0	0	1	NA	NA	NA	PF06180;PF07845;COG2138;TIGR00109;K22011	Sirohydrochlorin ferrochelatase
NC_006462.1_58	51471	51833	363	1	0.694	11	GGAGG	GENOMAD.208023.PC	1.08e-59	201	0	0	0	1	NA	NA	NA	PF11483	NA
NC_006462.1_59	51830	52537	708	1	0.727	11	GGAG/GAGG	NA	NA	NA	0	0	0	1	NA	NA	NA	NA	NA
NC_006462.1_60	52503	53150	648	1	0.676	11	AGxAGG/AGGxGG	GENOMAD.136621.CP	6.738e-10	61	0	0	0	1	NA	NA	NA	PF14512;K04719;TIGR02476;COG3560	5,6-dimethylbenzimidazole synthase
NC_006462.1_61	53147	53995	849	1	0.716	11	GGAG/GAGG	GENOMAD.134127.CP	1.889e-35	139	0	0	0	1	NA	NA	NA	PF03186;K02227;COG1270;TIGR00380	Cobalamin biosynthesis protein CobD/CbiB
NC_006462.1_62	54005	54436	432	1	0.676	11	GGA/GAG/AGG	GENOMAD.146529.CP	6.212e-27	108	0	0	0	1	NA	NA	NA	PF05168;COG2250	HEPN domain
NC_006462.1_63	54378	54692	315	1	0.705	11	None	GENOMAD.158762.CP	4.342e-06	46	0	0	0	1	NA	NA	NA	PF01909;COG1669;TIGR03671	Predicted nucleotidyltransferase
NC_006462.1_64	54729	55736	1008	1	0.706	11	None	NA	NA	NA	0	0	0	1	NA	NA	NA	NA	NA
NC_006462.1_65	55733	55834	102	1	0.637	11	None	NA	NA	NA	0	0	0	1	NA	NA	NA	NA	NA
NC_006462.1_66	55821	57839	2019	1	0.721	11	GGAGG	GENOMAD.123417.CP	3.613e-90	315	0	0	0	1	NA	NA	NA	PF07685;PF01656;K02232;TIGR00313;COG1492	cobyric acid synthase CobQ
NC_006462.1_67	57836	59341	1506	-1	0.694	11	GGAGG	NA	NA	NA	0	0	0	1	NA	NA	NA	NA	NA
NC_006462.1_68	59516	61573	2058	-1	0.692	11	GGA/GAG/AGG	GENOMAD.212186.PC	5.926e-74	267	0	0	0	1	NA	NA	NA	PF22474	Argonaute, middle domain
NC_006462.1_69	61751	62152	402	1	0.682	11	GGAGG	GENOMAD.197567.CP	1.523e-29	115	0	0	0	1	NA	NA	NA	PF02635;COG2923;TIGR03012;K06039	Sulfur relay (sulfurtransferase) complex TusC component, DsrF/TusC family
NC_006462.1_70	62228	62962	735	-1	0.724	11	GGA/GAG/AGG	NA	NA	NA	0	0	0	1	NA	NA	NA	NA	NA
NC_006462.1_71	62972	63736	765	-1	0.723	11	None	GENOMAD.153086.CP	1.545e-19	91	0	0	0	1	NA	NA	NA	PF05114;COG0648;TIGR00542;K18910	Endonuclease IV
NC_006462.1_72	64118	64660	543	1	0.694	11	GGAGG	NA	NA	NA	0	0	0	1	NA	NA	NA	NA	NA
NC_006462.1_73	64638	65405	768	-1	0.699	11	None	GENOMAD.124271.CP	3.026e-24	105	0	0	0	1	NA	NA	NA	PF01614;PF14394;K13641;COG1414;TIGR02431	DNA-binding transcriptional regulator, IclR family
NC_006462.1_74	65492	66451	960	1	0.671	11	AGxAGG/AGGxGG	NA	NA	NA	0	0	0	1	NA	NA	NA	NA	NA
NC_006462.1_75	66493	66954	462	1	0.665	11	3Base/5BMM	GENOMAD.148412.CP	3.083e-39	144	0	0	0	1	NA	NA	NA	PF04290;COG4665;K11689	TRAP-type mannitol/chloroaromatic compound transport system, small permease component
NC_006462.1_76	66957	68240	1284	1	0.676	11	AGGAG	NA	NA	NA	0	0	0	1	NA	NA	NA	NA	NA
NC_006462.1_77	68237	68941	705	1	0.694	11	GGAGG	NA	NA	NA	0	0	0	1	NA	NA	NA	NA	NA
NC_006462.1_78	68938	69972	1035	1	0.730	11	GGA/GAG/AGG	NA	NA	NA	0	0	0	1	NA	NA	NA	NA	NA
NC_006462.1_79	69965	70894	930	1	0.711	11	GGAGG	NA	NA	NA	0	0	0	1	NA	NA	NA	NA	NA
NC_006462.1_80	70904	71623	720	1	0.722	11	AGxAGG/AGGxGG	NA	NA	NA	0	0	0	1	NA	NA	NA	NA	NA
NC_006462.1_81	71841	72833	993	1	0.717	11	None	GENOMAD.137637.CP	2.951e-09	61	0	0	0	1	NA	NA	NA	PF00532;TIGR01481;COG1609;K02529	catabolite control protein A
NC_006462.1_82	72909	74213	1305	1	0.694	11	AGGAG	GENOMAD.145829.CP	5.945e-75	261	0	0	0	1	NA	NA	NA	PF01547;K17329;TIGR03851;COG2182	carbohydrate ABC transporter, N-acetylglucosamine/diacetylchitobiose-binding protein
NC_006462.1_83	74252	74779	528	1	0.634	11	None	NA	NA	NA	0	0	0	1	NA	NA	NA	NA	NA
NC_006462.1_84	74763	75941	1179	-1	0.646	11	AGGAG	NA	NA	NA	0	0	0	1	NA	NA	NA	NA	NA
NC_006462.1_85	76019	76438	420	1	0.674	11	None	NA	NA	NA	0	0	0	1	NA	NA	NA	NA	NA
NC_006462.1_86	76442	77299	858	1	0.653	11	GGAG/GAGG	GENOMAD.121616.CP	1.403e-06	52	0	0	0	1	NA	NA	NA	PF00528;K02053;COG1176;TIGR03255	ABC-type spermidine/putrescine transport system, permease component I
NC_006462.1_87	77321	78616	1296	1	0.708	11	GGAGG	GENOMAD.212036.CP	6.503e-06	51	0	0	0	1	NA	NA	NA	PF01145;PF00232;TIGR01933;COG0330;K07192	HflK protein
NC_006462.1_88	78640	79557	918	-1	0.696	11	AGGAG	GENOMAD.153253.PC	8.199e-35	138	0	0	0	1	NA	NA	NA	PF00753;K13075;TIGR04558;COG5212	Metallo-beta-lactamase superfamily
NC_006462.1_89	79721	80386	666	1	0.719	11	GGAGG	GENOMAD.151580.CP	2.26e-47	171	0	0	0	1	NA	NA	NA	PF11182;K19296;COG2372	Alginate O-acetyl transferase AlgF
NC_006462.1_90	80595	81125	531	1	0.761	11	None	GENOMAD.109687.CP	0.0006198	42	0	0	0	1	NA	NA	NA	PF06859;TIGR01934;COG4627;K24451	ubiquinone/menaquinone biosynthesis methyltransferases
NC_006462.1_91	81122	82402	1281	1	0.737	11	GGA/GAG/AGG	GENOMAD.216154.PC	1.981e-61	221	0	0	0	1	NA	NA	NA	PF03096;TIGR02240;COG1647;K08680	poly(3-hydroxyalkanoate) depolymerase
NC_006462.1_92	82317	83720	1404	-1	0.733	11	None	NA	NA	NA	0	0	0	1	NA	NA	NA	NA	NA
NC_006462.1_93	83768	85261	1494	1	0.733	11	None	GENOMAD.147689.CP	2.36e-133	434	0	0	0	1	NA	NA	NA	PF11066;PF04321;TIGR03649;COG1091	ergot alkaloid biosynthesis protein, AFUA_2G17970 family
NC_006462.1_94	85323	85946	624	1	0.736	11	None	NA	NA	NA	0	0	0	1	NA	NA	NA	NA	NA
NC_006462.1_95	85948	86478	531	1	0.704	11	GGAGG	GENOMAD.161495.CP	6.437e-101	323	0	0	0	1	NA	NA	NA	PF01613;COG1853;TIGR02296;K21185	NADH-FMN oxidoreductase RutF, flavin reductase (DIM6/NTAB) family
NC_006462.1_96	86475	86990	516	1	0.692	11	AGxAGG/AGGxGG	GENOMAD.157925.CP	1.251e-05	47	0	0	0	1	NA	NA	NA	PF04264;COG2353	YceI-like domain
NC_006462.1_97	86987	87142	156	1	0.699	11	GGAG/GAGG	NA	NA	NA	0	0	0	1	NA	NA	NA	NA	NA
NC_006462.1_98	87383	88246	864	-1	0.700	11	GGAGG	GENOMAD.152652.CP	3.715e-08	57	0	0	0	1	NA	NA	NA	PF04321;K05281;TIGR01746;COG1091	thioester reductase domain
NC_006462.1_99	88247	88834	588	-1	0.702	11	AGGAGG	GENOMAD.140886.CP	8.751e-05	45	0	0	0	1	NA	NA	NA	PF15977;PF00027;K15861;TIGR03697;COG0664	global nitrogen regulator NtcA, cyanobacterial
NC_006462.1_100	88831	89688	858	-1	0.734	11	None	GENOMAD.142446.CP	2.84e-27	115	0	0	0	1	NA	NA	NA	PF02607;PF13411;PF02310;K22491;COG5012;TIGR02370	Methanogenic corrinoid protein MtbC1
NC_006462.1_101	89780	90649	870	1	0.721	11	GGAG/GAGG	GENOMAD.134163.CP	7.301e-23	102	0	0	0	1	NA	NA	NA	PF00494;K21679;TIGR03465;COG1562	squalene synthase HpnD
NC_006462.1_102	90649	91911	1263	1	0.729	11	GGAGG	NA	NA	NA	0	0	0	1	NA	NA	NA	NA	NA
NC_006462.1_103	92097	93266	1170	1	0.716	11	None	NA	NA	NA	0	0	0	1	NA	NA	NA	NA	NA
NC_006462.1_104	93263	93961	699	1	0.708	11	GGAGG	GENOMAD.161346.CP	9.536e-17	82	0	0	0	1	NA	NA	NA	PF18916;TIGR03462;K17841	lycopene cyclase domain
NC_006462.1_105	93966	94643	678	1	0.714	11	None	GENOMAD.169792.CP	2.77e-24	104	0	0	0	1	NA	NA	NA	PF19576;K14598;COG2121;TIGR00530	Uncharacterized conserved protein, lysophospholipid acyltransferase (LPLAT) superfamily
NC_006462.1_106	94640	95662	1023	1	0.714	11	AGGA/GGAG/GAGG	GENOMAD.189620.CP	0.0001521	46	0	0	0	1	NA	NA	NA	PF13641;K11936;TIGR03965;COG1215	mycofactocin system glycosyltransferase
NC_006462.1_107	95668	95976	309	1	0.638	11	GGA/GAG/AGG	NA	NA	NA	0	0	0	1	NA	NA	NA	NA	NA
NC_006462.1_108	95997	96389	393	1	0.690	11	GGA/GAG/AGG	GENOMAD.147801.PC	2.07e-06	48	0	0	0	1	NA	NA	NA	PF14367;K18828;COG1487;TIGR00028	Predicted nucleic acid-binding protein, contains PIN domain
NC_006462.1_109	96529	98055	1527	1	0.684	11	AGGAG	NA	NA	NA	0	0	0	1	NA	NA	NA	NA	NA
NC_006462.1_110	98052	99050	999	1	0.724	11	GGAGG	GENOMAD.142017.CP	3.436e-37	146	0	0	0	1	NA	NA	NA	PF01070;TIGR02151;COG1304	isopentenyl-diphosphate delta-isomerase, type 2
NC_006462.1_111	99060	99452	393	1	0.697	11	None	GENOMAD.160832.CP	1e-05	46	0	0	0	1	NA	NA	NA	PF18765;COG1669;K19544	Predicted nucleotidyltransferase
NC_006462.1_112	99483	100430	948	-1	0.713	11	GGxGG	NA	NA	NA	0	0	0	1	NA	NA	NA	NA	NA
NC_006462.1_113	100427	101215	789	-1	0.700	11	None	GENOMAD.171526.CP	8.628e-16	80	0	0	0	1	NA	NA	NA	COG3476	Tryptophan-rich sensory protein (mitochondrial benzodiazepine receptor homolog)
NC_006462.1_114	101295	102344	1050	-1	0.695	11	AGGAG	GENOMAD.136232.CP	9.973e-58	207	0	0	0	1	NA	NA	NA	PF16268;K00965;TIGR00209;COG1085	galactose-1-phosphate uridylyltransferase, family 1
NC_006462.1_115	102328	103758	1431	-1	0.709	11	AGGAGG	GENOMAD.192551.CP	1.567e-09	63	0	0	0	1	NA	NA	NA	PF16499	Alpha galactosidase A
NC_006462.1_116	103890	104033	144	-1	0.764	11	GGAG/GAGG	NA	NA	NA	0	0	0	1	NA	NA	NA	NA	NA
NC_006462.1_117	104030	105631	1602	-1	0.723	11	AGGAG	GENOMAD.153922.CP	2.206e-06	53	0	0	0	1	NA	NA	NA	PF18158;K09456	Adaptive response protein AidB N-terminal domain
NC_006462.1_118	105728	106165	438	1	0.648	11	AGGAGG	NA	NA	NA	0	0	0	1	NA	NA	NA	NA	NA
NC_006462.1_119	106162	106641	480	1	0.704	11	GGAGG	NA	NA	NA	0	0	0	1	NA	NA	NA	NA	NA
NC_006462.1_120	106653	107582	930	1	0.659	11	AGGAG	NA	NA	NA	0	0	0	1	NA	NA	NA	NA	NA
NC_006462.1_121	107595	109466	1872	1	0.675	11	AGGAG	GENOMAD.214182.CP	1.109e-34	145	0	0	0	1	NA	NA	NA	PF16241	NA
NC_006462.1_122	109632	109982	351	-1	0.650	11	GGAGG	NA	NA	NA	0	0	0	1	NA	NA	NA	NA	NA
NC_006462.1_123	109973	110275	303	-1	0.660	11	None	NA	NA	NA	0	0	0	1	NA	NA	NA	NA	NA
NC_006462.1_124	110549	110749	201	-1	0.642	11	GGAGG	NA	NA	NA	0	0	0	1	NA	NA	NA	NA	NA
NC_006462.1_125	111125	111400	276	-1	0.681	11	None	NA	NA	NA	0	0	0	1	NA	NA	NA	NA	NA
NC_006462.1_126	111457	112344	888	-1	0.679	11	GGAGG	NA	NA	NA	0	0	0	1	NA	NA	NA	NA	NA
NC_006462.1_127	112341	113309	969	-1	0.715	11	GGA/GAG/AGG	GENOMAD.226127.VP	0.000577	44	0	0	0	1246	Caudoviricetes	NA	NA	PF15919;PF09035;K18843;COG4226;TIGR01764	Predicted nuclease of the RNAse H fold, HicB family
NC_006462.1_128	113820	115211	1392	-1	0.685	11	None	GENOMAD.136866.PC	3.304e-54	201	0	1	0	1	NA	NA	NA	PF10134;COG5534	Plasmid replication initiator protein
NC_006462.1_129	115281	117866	2586	-1	0.662	11	AGGAG	GENOMAD.195453.PC	5.824e-25	115	0	0	0	1	NA	NA	NA	PF18465;K08356;TIGR02693	Rieske 3Fe-4S
NC_006462.1_130	117878	118360	483	-1	0.685	11	GGAGG	GENOMAD.180841.CP	7.868e-32	123	0	0	0	1	NA	NA	NA	PF13806;K08355;TIGR01416;COG0723	ubiquinol-cytochrome c reductase, iron-sulfur subunit
NC_006462.1_131	118438	119616	1179	-1	0.646	11	AGGAG	NA	NA	NA	0	0	0	1	NA	NA	NA	NA	NA
NC_006462.1_132	119724	120062	339	1	0.740	11	None	GENOMAD.159742.CP	1.165e-06	48	0	0	0	1	NA	NA	NA	PF03403;PF14394;COG4188;K22043;TIGR02821	Platelet-activating factor acetylhydrolase, isoform II
NC_006462.1_133	120137	120250	114	1	0.763	11	None	NA	NA	NA	0	0	0	1	NA	NA	NA	NA	NA
NC_006462.1_134	120481	121032	552	1	0.719	11	GGA/GAG/AGG	NA	NA	NA	0	0	0	1	NA	NA	NA	NA	NA
NC_006462.1_135	121042	121572	531	1	0.687	11	GGA/GAG/AGG	NA	NA	NA	0	0	0	1	NA	NA	NA	NA	NA
NC_006462.1_136	121550	121651	102	-1	0.657	11	GGAG/GAGG	NA	NA	NA	0	0	0	1	NA	NA	NA	NA	NA
NC_006462.1_137	121736	121924	189	-1	0.725	11	3Base/5BMM	NA	NA	NA	0	0	0	1	NA	NA	NA	NA	NA
NC_006462.1_138	121929	122324	396	-1	0.710	11	GGA/GAG/AGG	NA	NA	NA	0	0	0	1	NA	NA	NA	NA	NA
NC_006462.1_139	122441	122887	447	-1	0.700	11	GGAGG	GENOMAD.166780.CP	8.154e-17	79	0	0	0	1	NA	NA	NA	PF10130;K07064;COG4113;TIGR00028	Predicted nucleic acid-binding protein, contains PIN domain
NC_006462.1_140	122884	123174	291	-1	0.739	11	None	NA	NA	NA	0	0	0	1	NA	NA	NA	NA	NA
NC_006462.1_141	123297	123569	273	1	0.685	11	GGAGG	NA	NA	NA	0	0	0	1	NA	NA	NA	NA	NA
NC_006462.1_142	123572	124192	621	1	0.691	11	GGA/GAG/AGG	GENOMAD.161302.CP	5.62e-10	61	0	0	0	1	NA	NA	NA	PF00115;COG3213;TIGR02891;K00404	Uncharacterized protein involved in response to NO
NC_006462.1_143	124189	124500	312	1	0.699	11	GGAGG	NA	NA	NA	0	0	0	1	NA	NA	NA	NA	NA
NC_006462.1_144	124594	124740	147	1	0.701	11	GGxGG	NA	NA	NA	0	0	0	1	NA	NA	NA	NA	NA
NC_006462.1_145	124777	126021	1245	1	0.723	11	None	NA	NA	NA	0	0	0	1	NA	NA	NA	NA	NA
NC_006462.1_146	125927	127396	1470	-1	0.747	11	GGxGG	NA	NA	NA	0	0	0	1	NA	NA	NA	NA	NA
NC_006462.1_147	127398	128072	675	-1	0.719	11	GGAGG	NA	NA	NA	0	0	0	1	NA	NA	NA	NA	NA
NC_006462.1_148	128207	129694	1488	1	0.715	11	GGAGG	NA	NA	NA	0	0	0	1	NA	NA	NA	NA	NA
NC_006462.1_149	129694	131226	1533	1	0.710	11	GGAGG	GENOMAD.010024.CC	1.711e-05	50	0	0	0	1	NA	NA	NA	PF16901	C-terminal domain of alpha-glycerophosphate oxidase
NC_006462.1_150	131246	132451	1206	1	0.708	11	GGA/GAG/AGG	GENOMAD.189999.CP	9.405e-20	95	0	0	0	1	NA	NA	NA	PF09670;TIGR02710;K19135	CRISPR-associated protein, TIGR02710 family
NC_006462.1_151	132455	133402	948	1	0.716	11	GGA/GAG/AGG	NA	NA	NA	0	0	0	1	NA	NA	NA	NA	NA
NC_006462.1_152	133802	133894	93	1	0.570	11	GGA/GAG/AGG	NA	NA	NA	0	0	0	1	NA	NA	NA	NA	NA
NC_006462.1_153	133966	134919	954	-1	0.686	11	AGGAG	NA	NA	NA	0	0	0	1	NA	NA	NA	NA	NA
NC_006462.1_154	136129	136401	273	1	0.659	11	None	GENOMAD.168053.CP	1.339e-12	64	0	0	0	1	NA	NA	NA	PF09827;COG1343;TIGR01573	CRISPR/Cas system-associated endoribonuclease Cas2
NC_006462.1_155	136457	138874	2418	1	0.722	11	None	GENOMAD.168422.CP	6.844e-54	208	0	0	0	1	NA	NA	NA	PF18211;PF18182;K07016;TIGR02578;COG1353	CRISPR-associated protein Cas10/Csm1, subtype III-A/MTUBE
NC_006462.1_156	138875	139279	405	1	0.635	11	AGGAG	GENOMAD.206285.CP	3.902e-69	229	0	0	0	1	NA	NA	NA	PF03750;TIGR01870;COG1421;K19138	Csm2 Type III-A
NC_006462.1_157	139291	140016	726	1	0.660	11	AGGAG	NA	NA	NA	0	0	0	1	NA	NA	NA	NA	NA
NC_006462.1_158	140026	140901	876	1	0.707	11	AGxAGG/AGGxGG	GENOMAD.180258.CP	2.256e-10	64	0	0	0	1	NA	NA	NA	PF17953;K19139;TIGR01903;COG1567	CRISPR type III-A/MTUBE-associated RAMP protein Csm4
NC_006462.1_159	140898	142052	1155	1	0.699	11	GGxGG	GENOMAD.182944.CP	6.813e-204	632	0	0	0	1	NA	NA	NA	K19140;TIGR01899;COG1332	CRISPR type III-A/MTUBE-associated RAMP protein Csm5
NC_006462.1_160	142063	143457	1395	1	0.704	11	AGGAG	NA	NA	NA	0	0	0	1	NA	NA	NA	NA	NA
NC_006462.1_161	143528	143644	117	-1	0.709	11	AGGAG/GGAGG	NA	NA	NA	0	0	0	1	NA	NA	NA	NA	NA
NC_006462.1_162	144854	145807	954	-1	0.683	11	AGGAG	NA	NA	NA	0	0	0	1	NA	NA	NA	NA	NA
NC_006462.1_163	147020	148930	1911	1	0.707	11	AGGAG	GENOMAD.216272.CP	7.052e-56	211	0	0	0	1	NA	NA	NA	PF09002;PF19810;TIGR03642	CRISPR-associated protein, Csx14 family
NC_006462.1_164	148901	149422	522	-1	0.716	11	None	NA	NA	NA	0	0	0	1	NA	NA	NA	NA	NA
NC_006462.1_165	149427	150146	720	-1	0.674	11	GGA/GAG/AGG	NA	NA	NA	0	0	0	1	NA	NA	NA	NA	NA
NC_006462.1_166	150115	151080	966	-1	0.684	11	AGGAG	NA	NA	NA	0	0	0	1	NA	NA	NA	NA	NA
NC_006462.1_167	151073	151483	411	-1	0.723	11	GGAG/GAGG	NA	NA	NA	0	0	0	1	NA	NA	NA	NA	NA
NC_006462.1_168	151610	153364	1755	1	0.733	11	AGxAGG/AGGxGG	NA	NA	NA	0	0	0	1	NA	NA	NA	NA	NA
NC_006462.1_169	153354	154439	1086	1	0.732	11	GGAGG	GENOMAD.207851.CP	4.773e-06	51	0	0	0	1	NA	NA	NA	NA	NA
NC_006462.1_170	154436	155623	1188	1	0.706	11	GGAGG	GENOMAD.167951.CP	9.367e-14	76	0	0	0	1	NA	NA	NA	K07061;TIGR01894;COG1367	CRISPR type III-B/RAMP module RAMP protein Cmr1
NC_006462.1_171	155639	156499	861	1	0.712	11	AGGAG	GENOMAD.152590.CP	8.355e-100	326	0	0	0	1	NA	NA	NA	PF03787;K09000;TIGR02580;COG1336	CRISPR type III-B/RAMP module RAMP protein Cmr4
NC_006462.1_172	156503	156847	345	1	0.713	11	GGAGG	GENOMAD.169796.CP	2.44e-24	99	0	0	0	1	NA	NA	NA	PF09701;COG3337;K19141;TIGR01881	CRISPR/Cas system CMR-associated protein Cmr5, small subunit
NC_006462.1_173	156850	157896	1047	1	0.724	11	AGGAG	NA	NA	NA	0	0	0	1	NA	NA	NA	NA	NA
NC_006462.1_174	158270	158734	465	1	0.688	11	GGA/GAG/AGG	NA	NA	NA	0	0	0	1	NA	NA	NA	NA	NA
NC_006462.1_175	159076	159336	261	1	0.670	11	GGAGG	GENOMAD.216115.PC	4.795e-36	131	0	0	0	1	NA	NA	NA	PF15937;K19156;COG2336;TIGR02609	prlF antitoxin for toxin YhaV_toxin
NC_006462.1_176	159333	159728	396	1	0.677	11	AGxAGG/AGGxGG	GENOMAD.216226.PC	1.027e-73	242	0	0	0	1	NA	NA	NA	PF01850;COG4113;TIGR00028;K07065	Predicted nucleic acid-binding protein, contains PIN domain
NC_006462.1_177	159738	161180	1443	1	0.674	11	None	NA	NA	NA	0	0	0	1	NA	NA	NA	NA	NA
NC_006462.1_178	161480	162256	777	-1	0.704	11	GGA/GAG/AGG	GENOMAD.179596.CP	1.94e-146	459	0	0	0	1	NA	NA	NA	PF02517	Type II CAAX prenyl endopeptidase Rce1-like
NC_006462.1_179	162279	165629	3351	-1	0.745	11	AGGA	GENOMAD.154543.CP	2.343e-05	51	0	0	0	1	NA	NA	NA	PF17915;K03170;TIGR01054;COG1110	Reverse gyrase zinc finger
NC_006462.1_180	166021	166572	552	-1	0.714	11	AGGAG	NA	NA	NA	0	0	0	1	NA	NA	NA	NA	NA
NC_006462.1_181	166632	167372	741	-1	0.704	11	None	NA	NA	NA	0	0	0	1	NA	NA	NA	NA	NA
NC_006462.1_182	167973	169079	1107	-1	0.685	11	GGA/GAG/AGG	NA	NA	NA	0	0	0	1	NA	NA	NA	NA	NA
NC_006462.1_183	169095	170792	1698	-1	0.673	11	GGA/GAG/AGG	NA	NA	NA	0	0	0	1	NA	NA	NA	NA	NA
NC_006462.1_184	170802	171878	1077	-1	0.656	11	AGGAG	GENOMAD.161403.CP	1.461e-37	148	0	0	0	1	NA	NA	NA	PF13416;K02012;TIGR03261;COG4143	putative 2-aminoethylphosphonate ABC transporter, periplasmic 2-aminoethylphosphonate-binding protein
NC_006462.1_185	172275	173165	891	-1	0.703	11	None	NA	NA	NA	0	0	0	1	NA	NA	NA	NA	NA
NC_006462.1_186	173362	173856	495	1	0.653	11	None	NA	NA	NA	0	0	0	1	NA	NA	NA	NA	NA
NC_006462.1_187	173870	176536	2667	1	0.687	11	AGGAG	GENOMAD.177099.CP	0.0	1454	0	0	0	1	NA	NA	NA	COG1470	NA
NC_006462.1_188	176654	179347	2694	1	0.725	11	GGA/GAG/AGG	GENOMAD.193100.CP	3.144e-18	93	0	0	0	1	NA	NA	NA	COG1361;TIGR04226	NA
NC_006462.1_189	179344	184731	5388	1	0.731	11	GGAGG	NA	NA	NA	0	0	0	1	NA	NA	NA	NA	NA
NC_006462.1_190	184728	187718	2991	1	0.690	11	GGAGG	GENOMAD.207542.PC	2.082e-29	130	0	0	0	1	NA	NA	NA	PF11824	NA
NC_006462.1_191	187763	188458	696	-1	0.737	11	GGAG/GAGG	NA	NA	NA	0	0	0	1	NA	NA	NA	NA	NA
NC_006462.1_192	188503	189447	945	-1	0.725	11	None	NA	NA	NA	0	0	0	1	NA	NA	NA	NA	NA
NC_006462.1_193	191138	192127	990	1	0.701	11	None	NA	NA	NA	0	0	0	1	NA	NA	NA	NA	NA
NC_006462.1_194	192124	194886	2763	1	0.718	11	GGA/GAG/AGG	NA	NA	NA	0	0	0	1	NA	NA	NA	NA	NA
NC_006462.1_195	194945	196444	1500	1	0.689	11	GGAGG	GENOMAD.194729.PC	4.834e-15	81	0	0	0	1	NA	NA	NA	PF09481;TIGR02547	CRISPR type I-E/ECOLI-associated protein CasA/Cse1
NC_006462.1_196	196441	196950	510	1	0.669	11	AGGAG	GENOMAD.191656.PC	2.648e-48	171	0	0	0	1	NA	NA	NA	PF09485;TIGR02548;K19046	CRISPR type I-E/ECOLI-associated protein CasB/Cse2
NC_006462.1_197	196947	198062	1116	1	0.675	11	AGGAG	NA	NA	NA	0	0	0	1	NA	NA	NA	NA	NA
NC_006462.1_198	198064	198810	747	1	0.685	11	GGxGG	NA	NA	NA	0	0	0	1	NA	NA	NA	NA	NA
NC_006462.1_199	198797	199432	636	1	0.719	11	GGAGG	NA	NA	NA	0	0	0	1	NA	NA	NA	NA	NA
NC_006462.1_200	199442	200419	978	1	0.713	11	GGAGG	NA	NA	NA	0	0	0	1	NA	NA	NA	NA	NA
NC_006462.1_201	200373	200750	378	1	0.635	11	AGGAG/GGAGG	NA	NA	NA	0	0	0	1	NA	NA	NA	NA	NA
NC_006462.1_202	202082	202834	753	-1	0.716	11	AGGAG	NA	NA	NA	0	0	0	1	NA	NA	NA	NA	NA
NC_006462.1_203	202862	203707	846	-1	0.758	11	None	NA	NA	NA	0	0	0	1	NA	NA	NA	NA	NA
NC_006462.1_204	203704	205989	2286	-1	0.702	11	AGGAG	GENOMAD.121843.CP	1.795e-06	54	0	0	0	1	NA	NA	NA	PF01568;COG1153;K00203	Formylmethanofuran dehydrogenase subunit D
NC_006462.1_205	206340	207572	1233	1	0.647	11	AGGAG	NA	NA	NA	0	0	0	1	NA	NA	NA	NA	NA
NC_006462.1_206	207610	210417	2808	1	0.704	11	GGAGG	GENOMAD.142763.CP	3.812e-05	50	0	0	0	1	NA	NA	NA	PF01602;COG1413;TIGR02270;K05384	Adaptin N terminal region
NC_006462.1_207	211123	211806	684	-1	0.649	11	GGA/GAG/AGG	NA	NA	NA	0	0	0	1	NA	NA	NA	NA	NA
NC_006462.1_208	211784	212302	519	-1	0.642	11	AGGAG	NA	NA	NA	0	0	0	1	NA	NA	NA	NA	NA
NC_006462.1_209	212351	212716	366	-1	0.749	11	GGA/GAG/AGG	NA	NA	NA	0	0	0	1	NA	NA	NA	NA	NA
NC_006462.1_210	212788	213243	456	-1	0.689	11	AGGAG	GENOMAD.212907.PC	2.866e-11	63	0	0	0	1	NA	NA	NA	PF18477;K07063;COG5611;TIGR00305	Predicted nucleic-acid-binding protein, contains PIN domain
NC_006462.1_211	213224	213466	243	-1	0.667	11	None	GENOMAD.198364.CP	1.521e-07	49	0	0	0	1	NA	NA	NA	PF15937;COG2002;TIGR02609	Bifunctional DNA-binding transcriptional regulator of stationary/sporulation/toxin gene expression and antitoxin component of the YhaV-PrlF toxin-antitoxin module
NC_006462.1_212	213525	213701	177	-1	0.684	11	GGA/GAG/AGG	NA	NA	NA	0	0	0	1	NA	NA	NA	NA	NA
NC_006462.1_213	213742	214227	486	-1	0.710	11	AGGAG	NA	NA	NA	0	0	0	1	NA	NA	NA	NA	NA
NC_006462.1_214	214184	214732	549	-1	0.685	11	AGGAGG	GENOMAD.092618.PP	3.84e-101	324	0	0	0	1	NA	NA	NA	PF13737;COG5558	Transposase DDE domain
NC_006462.1_215	215119	215520	402	1	0.687	11	AGGAGG	NA	NA	NA	0	0	0	1	NA	NA	NA	NA	NA
NC_006462.1_216	215501	216475	975	1	0.670	11	AGGAG	NA	NA	NA	0	0	0	1	NA	NA	NA	NA	NA
NC_006462.1_217	216486	218165	1680	1	0.659	11	AGGAGG	GENOMAD.043924.VV	7.422e-38	154	0	0	0	1246	Caudoviricetes	NA	NA	NA	NA
NC_006462.1_218	218295	218645	351	-1	0.644	11	None	NA	NA	NA	0	0	0	1	NA	NA	NA	NA	NA
NC_006462.1_219	218808	219428	621	1	0.704	11	GGAGG	NA	NA	NA	0	0	0	1	NA	NA	NA	NA	NA
NC_006462.1_220	219418	220035	618	1	0.752	11	AGGAG	GENOMAD.160280.CP	4.794e-05	46	0	0	0	1	NA	NA	NA	PF12973;PF03872;TIGR02451;COG3806;K07167	anti-sigma factor, putative, ChrR family
NC_006462.1_221	220114	220734	621	1	0.699	11	AGGAG	GENOMAD.182525.CP	1.196e-08	57	0	0	0	1	NA	NA	NA	PF13668;COG0783;TIGR00754;K03594	Ferritin-like domain
NC_006462.1_222	220783	220968	186	1	0.677	11	None	NA	NA	NA	0	0	0	1	NA	NA	NA	NA	NA
NC_006462.1_223	221278	222456	1179	-1	0.721	11	GGA/GAG/AGG	NA	NA	NA	0	0	0	1	NA	NA	NA	NA	NA
NC_006462.1_224	222510	222599	90	-1	0.700	11	AGGAG/GGAGG	NA	NA	NA	0	0	0	1	NA	NA	NA	NA	NA
NC_006462.1_225	222605	223054	450	-1	0.687	11	AGxAGG/AGGxGG	GENOMAD.159417.PC	2.347e-13	69	0	0	0	1	NA	NA	NA	PF01497;K23227;TIGR03659;COG4594	heme ABC transporter, heme-binding protein isdE
NC_006462.1_226	223066	223380	315	-1	0.714	11	GGAGG	NA	NA	NA	0	0	0	1	NA	NA	NA	NA	NA
NC_006462.1_227	223370	224146	777	-1	0.692	11	GGAGG	NA	NA	NA	0	0	0	1	NA	NA	NA	NA	NA
NC_006462.1_228	224139	225164	1026	-1	0.712	11	GGxGG	NA	NA	NA	0	0	0	1	NA	NA	NA	NA	NA
NC_006462.1_229	225268	226173	906	-1	0.683	11	GGAGG	GENOMAD.130571.CP	3.75e-32	130	0	0	0	1	NA	NA	NA	PF01497;COG4558;TIGR04281;K02016	ABC-type hemin transport system, periplasmic component
NC_006462.1_230	226170	226790	621	-1	0.665	11	GGAGG	GENOMAD.176667.CP	1.416e-98	318	0	0	0	1	NA	NA	NA	PF11866	NA
NC_006462.1_231	226783	227103	321	-1	0.679	11	AGGAG	GENOMAD.160485.CP	4.69e-22	92	0	0	0	1	NA	NA	NA	PF03992;K07145;TIGR03792;COG1359	Quinol monooxygenase YgiN
NC_006462.1_232	228477	228761	285	-1	0.646	11	3Base/5BMM	GENOMAD.168053.CP	1.493e-05	44	0	0	0	1	NA	NA	NA	PF09827;COG1343;TIGR01573	CRISPR/Cas system-associated endoribonuclease Cas2
NC_006462.1_233	228758	229735	978	-1	0.636	11	AGxAGG/AGGxGG	NA	NA	NA	0	0	0	1	NA	NA	NA	NA	NA
NC_006462.1_234	229726	230310	585	-1	0.662	11	GGA/GAG/AGG	NA	NA	NA	0	0	0	1	NA	NA	NA	NA	NA
NC_006462.1_235	230411	230575	165	1	0.636	11	GGAGG	NA	NA	NA	0	0	0	1	NA	NA	NA	NA	NA
NC_006462.1_236	230655	231659	1005	1	0.683	11	GGAGG	GENOMAD.177800.CP	1.295e-08	59	0	0	0	1	NA	NA	NA	PF13280;K13572;COG2378;TIGR03985	Predicted DNA-binding transcriptional regulator YafY, contains an HTH and WYL domains
NC_006462.1_237	231677	233977	2301	1	0.644	11	GGAG/GAGG	NA	NA	NA	0	0	0	1	NA	NA	NA	NA	NA
NC_006462.1_238	233979	234860	882	1	0.673	11	AGGAG	GENOMAD.215217.PC	1.591e-122	392	0	0	0	1	NA	NA	NA	PF18320;TIGR03157	CRISPR type I-D/CYANO-associated protein Csc2
NC_006462.1_239	234862	235653	792	1	0.670	11	None	GENOMAD.214768.PC	3.739e-61	213	0	0	0	1	NA	NA	NA	NA	NA
NC_006462.1_240	235620	238073	2454	1	0.656	11	GGAG/GAGG	NA	NA	NA	0	0	0	1	NA	NA	NA	NA	NA
NC_006462.1_241	238073	238867	795	1	0.675	11	AGxAGG/AGGxGG	GENOMAD.197671.CP	5.757e-33	131	0	0	0	1	NA	NA	NA	PF19308;COG1583;TIGR01877	CRISPR Cas6 N-terminal domain
NC_006462.1_242	239306	240484	1179	-1	0.649	11	AGGAG	NA	NA	NA	0	0	0	1	NA	NA	NA	NA	NA
NC_006462.1_243	240519	240824	306	-1	0.650	11	GGxGG	NA	NA	NA	0	0	0	1	NA	NA	NA	NA	NA
NC_006462.1_244	240849	241262	414	-1	0.713	11	GGA/GAG/AGG	GENOMAD.154520.PC	5.553e-06	47	0	0	0	1	NA	NA	NA	PF14367;K18828;COG1487;TIGR00028	Predicted nucleic acid-binding protein, contains PIN domain
NC_006462.1_245	241259	241489	231	-1	0.693	11	GGxGG	GENOMAD.210077.PC	2.35e-23	94	0	0	0	1	NA	NA	NA	PF09957;COG4710;K07722;TIGR04563	Bacterial antitoxin of type II TA system, VapB
NC_006462.1_246	241796	242710	915	-1	0.666	11	GGAGG	NA	NA	NA	0	0	0	1	NA	NA	NA	NA	NA
NC_006462.1_247	243210	244172	963	1	0.715	11	GGAG/GAGG	NA	NA	NA	0	0	0	1	NA	NA	NA	NA	NA
NC_006462.1_248	244424	245263	840	-1	0.700	11	AGGAG	NA	NA	NA	0	0	0	1	NA	NA	NA	NA	NA
NC_006462.1_249	245274	245462	189	-1	0.661	11	AGxAGG/AGGxGG	NA	NA	NA	0	0	0	1	NA	NA	NA	NA	NA
NC_006462.1_250	245475	246251	777	-1	0.709	11	AGGAG	GENOMAD.151339.PC	1.104e-31	127	0	0	0	1	NA	NA	NA	PF01557;K01617;TIGR03218;COG3971	4-oxalocrotonate decarboxylase
NC_006462.1_251	246259	247767	1509	-1	0.663	11	AGGAG	GENOMAD.133528.CP	2.914e-08	59	0	0	0	1	NA	NA	NA	NA	NA
NC_006462.1_252	247778	248473	696	-1	0.723	11	AGGAGG	GENOMAD.151339.PC	5.421e-113	361	0	0	0	1	NA	NA	NA	PF01557;K01617;TIGR03218;COG3971	4-oxalocrotonate decarboxylase
NC_006462.1_253	248470	248664	195	-1	0.687	11	GGAGG	GENOMAD.147542.CP	2.024e-12	62	0	0	0	1	NA	NA	NA	PF01361;COG1942;TIGR00013;K15552	Phenylpyruvate tautomerase PptA, 4-oxalocrotonate tautomerase family
NC_006462.1_254	248664	249101	438	-1	0.696	11	AGxAGG/AGGxGG	NA	NA	NA	0	0	0	1	NA	NA	NA	NA	NA
NC_006462.1_255	249117	249350	234	-1	0.705	11	None	NA	NA	NA	0	0	0	1	NA	NA	NA	NA	NA
NC_006462.1_256	249400	249873	474	-1	0.711	11	GGAGG	GENOMAD.140649.CP	4.905e-27	109	0	0	0	1	NA	NA	NA	PF01613;K23462;TIGR03615;COG1853	pyrimidine utilization flavin reductase protein F
NC_006462.1_257	249870	250724	855	-1	0.683	11	AGxAGG/AGGxGG	NA	NA	NA	0	0	0	1	NA	NA	NA	NA	NA
NC_006462.1_258	250734	251777	1044	-1	0.706	11	GGAGG	NA	NA	NA	0	0	0	1	NA	NA	NA	NA	NA
NC_006462.1_259	251774	252697	924	-1	0.672	11	GGAGG	NA	NA	NA	0	0	0	1	NA	NA	NA	NA	NA
NC_006462.1_260	252681	253481	801	-1	0.655	11	AGGA/GGAG/GAGG	GENOMAD.126370.CP	2.944e-32	129	0	0	0	1	NA	NA	NA	PF01614;PF14394;K19333;TIGR02431;COG1414	beta-ketoadipate pathway transcriptional regulators, PcaR/PcaU/PobR family
NC_006462.1_261	253726	255291	1566	1	0.664	11	AGGAG	GENOMAD.158262.CP	1.636e-262	809	0	0	0	1	NA	NA	NA	PF03241;PF11794;K21184;TIGR02310;COG2368	4-hydroxyphenylacetate 3-monooxygenase, oxygenase component
NC_006462.1_262	255502	256476	975	1	0.661	11	GGAGG	GENOMAD.166146.PC	1.28e-52	191	0	0	0	1	NA	NA	NA	PF14506;PF00903;K00446;TIGR03211;COG2514	catechol 2,3 dioxygenase
NC_006462.1_263	256540	256824	285	1	0.628	11	AGGAG	NA	NA	NA	0	0	0	1	NA	NA	NA	NA	NA
NC_006462.1_264	256821	256991	171	1	0.620	11	None	NA	NA	NA	0	0	0	1	NA	NA	NA	NA	NA
